StrongsNumber,GreekWord,Definition
G1,a/al'-fah,"of Hebrew origin; the first letter of the alphabet; figuratively, only (from its use as a numeral) the first: --Alpha. Often used (usually an, before a vowel) also in composition (as a contraction from 427) in the sense of privation; so, in many words, beginning with this letter; occasionally in the sense of union (as a contraction of 260). see G427 see G260"
G2,Aaron/ah-ar-ohn',"of Hebrew origin (175); Aaron, the brother of Moses:--Aaron. see H175"
G3,Abaddon/ab-ad-dohn',of Hebrew origin (11); a destroying angel:--Abaddon. see H11
G4,abares/ab-ar-ace',"from 1 (as a negative particle) and 922; weightless, i.e. (figuratively) not burdensome:--from being burdensome. see G1 see G922"
G5,Abba/ab-bah',of Chaldee origin (2); father as a vocative:--Abba. see H2
G6,Abel/ab'-el,"of Hebrew origin (1893); Abel, the son of Adam:--Abel. see H1893"
G7,Abia/ab-ee-ah',"of Hebrew origin (29); Abijah, the name of two Israelites:--Abia. see H29"
G8,Abiathar/ab-ee-ath'-ar,"of Hebrew origin (54); Abiathar, an Israelite:--Abiathar. see H54"
G9,Abilene/ab-ee-lay-nay',"of foreign origin (compare 58); Abilene, a region of Syria:--Abilene. see H58"
G10,Abioud/ab-ee-ood',"of Hebrew origin (31); Abihud, an Israelite:--Abiud. see H31"
G11,Abraam/ab-rah-am',"of Hebrew origin (85); Abraham, the Hebrew patriarch:--Abraham. (In Acts 7:16 the text should probably read Jacob.) see H85"
G12,abussos/ab'-us-sos,"from 1 (as a negative particle) and a variation of 1037; depthless, i.e. (specially) (infernal) ""abyss"":--deep, (bottomless) pit. see G1 see G1037"
G13,Agabos/ag'-ab-os,"of Hebrew origin (compare 2285); Agabus, an Israelite:--Agabus. see H2285"
G14,agathoergeo/ag-ath-er-gheh'-o,from 18 and 2041; to work good:--do good. see G18 see G2041
G29,aggareuo/ang-ar-yew'-o,"of foreign origin (compare 104); properly, to be a courier, i.e. (by implication) to press into public service:--compel (to go). see H104"
G30,aggeion/ang-eye'-on,"from aggos (a pail, perhaps as bent; compare the base of 43); a receptacle:--vessel. see G43"
G31,aggelia/ang-el-ee'-ah,"from 32; an announcement, i.e. (by implication) precept:-- message. see G32"
G32,aggelos/ang'-el-os,"from aggello (probably derived from 71; compare 34) (to bring tidings); a messenger; especially an ""angel""; by implication, a pastor:--angel, messenger. see G71 see G34"
G33,age/ag'-eh,"imperative of 71; properly, lead, i.e. come on:--go to. see G71"
G34,agele/ag-el'-ay,from 71 (compare 32); a drove:--herd. see G71 see G32
G35,agenealogetos/ag-en-eh-al-og'-ay-tos,from 1 (as negative particle) and 1075; unregistered as to birth:--without descent. see G1 see G1075
G36,agenes/ag-en-ace',"from 1 (as negative particle) and 1085; properly, without kin, i.e. (of unknown descent, and by implication) ignoble:-- base things. see G1 see G1085"
G37,hagiazo/hag-ee-ad'-zo,"from 40; to make holy, i.e. (ceremonially) purify or consecrate; (mentally) to venerate:--hallow, be holy, sanctify. see G40"
G38,hagiasmos/hag-ee-as-mos',"from 37; properly, purification, i.e. (the state) purity; concretely (by Hebraism) a purifier:--holiness, sanctification. see G37"
G39,hagion/hag'-ee-on,"neuter of 40; a sacred thing (i.e. spot):--holiest (of all), holy place, sanctuary. see G40"
G40,hagios/hag'-ee-os,"from hagos (an awful thing) (compare 53, 2282); sacred (physically, pure, morally blameless or religious, ceremonially, consecrated):--(most) holy (one, thing), saint. see G53 see G2282"
G41,hagiotes/hag-ee-ot'-ace,"from 40; sanctity (i.e. properly, the state):--holiness. see G40"
G57,agnostos/ag'-noce-tos',from 1 (as negative particle) and 1110; unknown:--unknown. see G1 see G1110
G58,agora/ag-or-ah',"from ageiro (to gather; probably akin to 1453); properly, the town-square (as a place of public resort); by implication, a market or thoroughfare:--market(-place), street. see G1453"
G59,agorazo/ag-or-ad'-zo,"from 58; properly, to go to market, i.e. (by implication) to purchase; specially, to redeem:--buy, redeem. see G58"
G60,agoraios/ag-or-ah'-yos,"from 58; relating to the market-place, i.e. forensic (times); by implication, vulgar:--baser sort, low. see G58"
G61,agra/ag'-rah,from 71; (abstractly) a catching (of fish); also (concretely) a haul (of fish):- -draught. see G71
G62,agrammatos/ag-ram-mat-os,"from 1 (as negative particle) and 1121; unlettered, i.e. illiterate:--unlearned. see G1 see G1121"
G63,agrauleo/ag-row-leh'-o,from 68 and 832 (in the sense of 833); to camp out:--abide in the field. see G68 see G832 see G833
G64,agreuo/ag-rew'-o,"from 61; to hunt, i.e. (figuratively) to entrap:--catch. see G61"
G65,agrielaios/ag-ree-el'-ah-yos,from 66 and 1636; an oleaster:--olive tree (which is) wild. see G66 see G1636
G66,agrios/ag'-ree-os,"from 68; wild (as pertaining to the country), literally (natural) or figuratively (fierce):--wild, raging. see G68"
G67,Agrippas/ag-rip'-pas,"apparently from 66 and 2462; wild-horse tamer; Agrippas, one of the Herods:--Agrippa. see G66 see G2462"
G68,agros/ag-ros',"from 71; a field (as a drive for cattle); genitive case, the country; specially, a farm, i.e. hamlet:--country, farm, piece of ground, land. see G71"
G69,agrupneo/ag-roop-neh'-o,"ultimately from 1 (as negative particle) and 5258; to be sleepless, i.e. keep awake:--watch. see G1 see G5258"
G70,agrupnia/ag-roop-nee'-ah,"from 69; sleeplessness, i.e. a keeping awake:--watch. see G69"
G83,adelotes/ad-ay-lot'-ace,from 82; uncertainty:--X uncertain. see G82
G84,adelos/ad-ay'-loce,adverb from 82; uncertainly:--uncertainly. see G82
G85,ademoneo/ad-ay-mon-eh'-o,"from a derivative of adeo (to be sated to loathing); to be in distress (of mind):--be full of heaviness, be very heavy."
G86,haides/hah'-dace,"from 1 (as negative particle) and 1492; properly, unseen, i.e. ""Hades"" or the place (state) of departed souls:--grave, hell. see G1 see G1492"
G87,adiakritos/ad-ee-ak'-ree-tos,"from 1 (as a negative particle) and a derivative of 1252; properly, undistinguished, i.e. (actively) impartial:-- without partiality. see G1 see G1252"
G88,adialeiptos/ad-ee-al'-ipe-tos,"from 1 (as a negative particle) and a derivative of a compound of 1223 and 3007; unintermitted, i.e. permanent:-- without ceasing, continual. see G1 see G1223 see G3007"
G89,adialeiptos/ad-ee-al-ipe'-toce,"adverb  from 88; uninterruptedly, i.e. without omission (on an appropriate occasion):--without ceasing. see G88"
G90,adiaphthoria/ad-ee-af-thor-ee'-ah,"from a derivative of a compound of 1 (as a negative particle) and a derivative of 1311; incorruptibleness, i.e. (figuratively) purity (of doctrine):-- uncorruptness. see G1 see G1311"
G91,adikeo/ad-ee-keh'-o,"from 94; to be unjust, i.e. (actively) do wrong (morally, socially or physically):--hurt, injure, be an offender, be unjust, (do, suffer, take) wrong. see G94"
G92,adikema/ad-eek'-ay-mah,"from 91; a wrong done:--evil doing, iniquity, matter of wrong. see G91"
G93,adikia/ad-ee-kee'-ah,"from 94; (legal) injustice (properly, the quality, by implication, the act); morally, wrongfulness (of character, life or act):--iniquity, unjust, unrighteousness, wrong. see G94"
G94,adikos/ad'-ee-kos,from 1 (as a negative particle) and 1349; unjust; by extension wicked; by
G107,Azor/ad-zore',"of Hebrew origin (compare 5809); Azor, an Israelite:--Azorigin see H5809"
G108,Azotos/ad'-zo-tos,"of Hebrew origin (795); Azotus (i.e. Ashdod), a place in Palestine:-- Azotus. see H795"
G109,aer/ah-ayr',"from aemi (to breathe unconsciously, i.e. respire; by analogy, to blow); ""air"" (as naturally circumambient):--air. Compare 5594. see G5594"
G110,athanasia/ath-an-as-ee'-ah,from a compound of 1 (as a negative particle) and 2288; deathlessness:--immortality. see G1 see G2288
G111,athemitos/ath-em'-ee-tos,"from 1 (as a negative particle) and a derivative of themis (statute; from the base of 5087); illegal; by implication, flagitious:--abominable, unlawful thing. see G1 see G5087"
G112,atheos/ath'-eh-os,from 1 (as a negative particle) and 2316; godless:--without God. see G1 see G2316
G113,athesmos/ath'-es-mos,"from 1 (as a negative particle) and a derivative of 5087 (in the sense of enacting); lawless, i.e. (by implication) criminal:--wicked. see G1 see G5087"
G114,atheteo/ath-et-eh'-o,"from a compound of 1 (as a negative particle) and a derivative of 5087; to set aside, i.e. (by implication) to disesteem, neutralize or violate:--cast off, despise, disannul, frustrate, bring to nought, reject. see G1 see G5087"
G115,athetesis/ath-et'-ay-sis,"from 114; cancellation (literally or figuratively):--disannulling, put away. see G114"
G116,Athenai/ath-ay-nahee,"plural of Athene (the goddess of wisdom, who was reputed to have founded the city); Athenoe, the capitol of Greece:-- Athens."
G117,Athenaios/ath-ay-nah'-yos,from 116; an Athenoean or inhabitant of Athenae:--Athenian. see G116
G118,athleo/ath-leh'-o,from athlos (a contest in the public lists); to contend in the competitive games:--strive. hoemorrhage:--diseased with an issue of blood. see G129 see G4482
G132,Aineas/ahee-neh'-as,"of uncertain derivation; Aeneas, an Israelite:--Aeneas."
G133,ainesis/ah'-ee-nes-is,"from 134; a praising (the act), i.e. (specially) a thank(-offering):--praise. see G134"
G134,aineo/ahee-neh'-o,from 136; to praise (God):--praise. see G136
G135,ainigma/ah'-ee-nig-ma,"from a derivative of 136 (in its primary sense); an obscure saying (""enigma""), i.e. (abstractly) obscureness:--X darkly. see G136"
G136,ainos/ah'-ee-nos,"apparently a prime word; properly, a story, but used in the sense of 1868; praise (of God):--praise. see G1868"
G137,Ainon/ahee-nohn',"of Hebrew origin (a derivative of 5869, place of springs); Ænon, a place in Palestine:--Ænon. see G5869"
G138,haireomai/hahee-reh'-om-ahee,"probably akin to 142; to take for oneself, i.e. to prefer:--choose. Some of the forms are borrowed from a cognate hellomai hel'-lom-ahee; which is otherwise obsolete. see G142"
G139,hairesis/hah'-ee-res-is,"from 138; properly, a choice, i.e. (specially) a party or (abstractly) disunion:--heresy (which is the Greek word itself), sect. see G138"
G140,hairetizo/hahee-ret-id'-zo,from a derivative of 138; to make a choice:--choose. see G138
G141,hairetikos/hahee-ret-ee-kos',from the same as 140; a schismatic:--heretic (the Greek word itself). see G140
G142,airo/ah'-ee-ro,"a primary root; to lift up; by implication, to take up or away; figuratively, to raise (the voice), keep in suspense (the mind), specially, to sail away (i.e. weigh anchor); by Hebraism (compare 5375) to expiate sin:--away with, bear (up), carry, lift up, loose, make to doubt, put away, remove, take (away, up). see H5375"
G157,aitiama/ahee-tee'-am-ah,from a derivative of 156; a thing charged:--complaint. see G156
G158,aition/ah'-ee-tee-on,"neuter of 159; a reason or crime (like 156):--cause, fault. see G159 see G156"
G159,aitios/ah'-ee-tee-os,"from the same as 154; causative, i.e. (concretely) a causer:--author. see G154"
G160,aiphnidios/aheef-nid'-ee-os,"from a compound of 1 (as a negative particle) and 5316 (compare 1810) (meaning non-apparent); unexpected, i.e. (adverbially) suddenly:--sudden, unawares. see G1 see G5316 see G1810"
G161,aichmalosia/aheekh-mal-o-see'-ah,from 164; captivity:--captivity. see G164
G162,aichmaloteuo/aheekh-mal-o-tew'-o,from 164; to capture (like 163):--lead captive. see G164 see G163
G163,aichmalotizo/aheekh-mal-o-tid'-zo,"from 164; to make captive:--lead away captive, bring into captivity. see G164"
G164,aichmalotos/aheekh-mal-o-tos',"from aichme (a spear) and a derivative of the same as 259; properly, a prisoner of war, i.e. (genitive case) a captive:--captive. see G259"
G165,aion/ahee-ohn',"from the same as 104; properly, an age; by extension, perpetuity (also past); by implication, the world; specially (Jewish) a Messianic period (present or future):--age, course, eternal, (for) ever(-more), (n-)ever, (beginning of the , while the) world (began, without end). Compare 5550. see G104 see G5550"
G166,aionios/ahee-o'-nee-os,"from 165; perpetual (also used of past time, or past and future as well):--eternal, for ever, everlasting, world (began). see G165"
G167,akatharsia/ak-ath-ar-see'-ah,"from 169; impurity (the quality), physically or morally:-- uncleanness. see G169"
G168,akathartes/ak-ath-ar'-tace,"from 169; impurity (the state), morally:--filthiness. see G169"
G180,akatapaustos/ak-at-ap'-ow-stos,from 1 (as a negative particle) and a derivative of 2664; unrefraining:--that cannot cease. see G1 see G2664
G181,akatastasia/ak-at-as-tah-see'-ah,"from 182; instability, i.e. disorder:--commotion, confusion, tumult. see G182"
G182,akatastatos/ak-at-as'-tat-os,from 1 (as a negative particle) and a derivative of 2525; inconstant:--unstable. see G1 see G2525
G183,akataschetos/ak-at-as'-khet-os,from 1 (as a negative particle) and a derivative of 2722; unrestrainable:--unruly. see G1 see G2722
G184,Akeldama/ak-el-dam-ah',"of Chaldee origin (meaning field of blood; corresponding to 2506 and 1818); Akeldama, a place near Jerusalem:--Aceldama. see H2506 see H1818"
G185,akeraios/ak-er'-ah-yos,"from 1 (as a negative particle) and a presumed derivative of 2767; unmixed, i.e. (figuratively) innocent:-- harmless, simple. see G1 see G2767"
G186,aklines/ak-lee-nace',"from 1 (as a negative particle) and 2827; not leaning, i.e. (figuratively) firm:--without wavering. see G1 see G2827"
G187,akmazo/ak-mad'-zo,"from the same as 188; to make a point, i.e. (figuratively) mature:--be fully ripe. see G188"
G188,akmen/ak-mane',"accusative case of a noun (""acme"") akin to ake (a point) and meaning the same; adverbially, just now, i.e. still:--yet."
G189,akoe/ak-o-ay',"from 191; hearing (the act, the sense or the thing heard):--audience, ear, fame, which ye heard, hearing, preached, report, rumor. see G191"
G190,akoloutheo/ak-ol-oo-theh'-o,"from 1 (as a particle of union) and keleuthos (a road); properly, to be in the same way with, i.e. to accompany (specially, as a disciple):--follow, reach. see G1"
G191,akouo/ak-oo'-o,"a primary verb; to hear (in various senses):--give (in the) audience (of), come (to the ears), (shall) hear(-er, -ken), be noised, be reported, understand. the heap, i.e. (by implication) best of the booty:-- spoils. see G206"
G206,akron/ak'-ron,"neuter of an adjective probably akin to the base of 188; the extremity:-- one end... other, tip, top, uttermost participle see G188"
G207,Akulas/ak-oo'-las,"probably for Latin aquila (an eagle); Akulas, an Israelite:--Aquila."
G208,akuroo/ak-oo-ro'-o,"from 1 (as a negative particle) and 2964; to invalidate:--disannul, make of none effect. see G1 see G2964"
G209,akolutos/ak-o-loo'-toce,"adverb from a compound of 1 (as a negative particle) and a derivative of 2967; in an unhindered manner, i.e. freely:--no man forbidding him. see G1 see G2967"
G210,akon/ak'-ohn,from 1 (as a negative particle) and 1635; unwilling:--against the will. see G1 see G1635
G211,alabastron/al-ab'-as-tron,"neuter of alabastros (of uncertain derivation), the name of a stone; properly, an ""alabaster"" box, i.e. (by extension) a perfume vase (of any material):-- (alabaster) box."
G212,alazoneia/al-ad-zon-i'-a,"from 213; braggadocio, i.e. (by implication) self-confidence:-- boasting, pride. see G213"
G213,alazon/al-ad-zone',from ale (vagrancy); braggart:--boaster.
G214,alalazo/al-al-ad'-zo,"from alale ( a shout, ""halloo""); to vociferate, i.e. (by implication) to wail; figuratively, to clang:--tinkle, wail."
G215,alaletos/al-al'-ay-tos,"from 1 (as a negative particle) and a derivative of 2980; unspeakable:--unutterable, which cannot be uttered. see G1 see G2980"
G216,alalos/al'-al-os,from 1 (as a negative particle) and 2980; mute:--dumb. see G1 see G2980
G217,halas/hal'-as,"from 251; salt; figuratively, prudence:--salt. see G251"
G218,aleipho/al-i'-fo,from 1 (as particle of union) and the base of 3045; to oil (with perfume):-- anoint. see G1 see G3045
G235,alla/al-lah',"neuter plural of 243; properly, other things, i.e. (adverbially) contrariwise (in many relations):--and, but (even), howbeit, indeed, nay, nevertheless, no, notwithstanding, save, therefore, yea, yet. see G243"
G236,allasso/al-las'-so,from 243; to make different:--change. see G243
G237,allachothen/al-lakh-oth'-en,from 243; from elsewhere:--some other way. see G243
G238,allegoreo/al-lay-gor-eh'-o,from 243 and agoreo (to harangue (compare 58)); to allegorize:-- be an allegory (the Greek word itself). see G243 see G58
G239,allelouia/al-lay-loo'-ee-ah,"of Hebrew origin (imperative of 1984 and 3050); praise ye Jah!, an adoring exclamation:--alleluiah. see H1984 see H3050"
G240,allelon/al-lay'-lone,"Genitive plural from 243 reduplicated; one another:--each other, mutual, one another, (the other), (them-, your-)selves, (selves) together (sometimes with 3326 or 4314). see G243 see G3326 see G4314"
G241,allogenes/al-log-en-ace',"from 243 and 1085; foreign, i.e. not a Jew:--stranger. see G243 see G1085"
G242,hallomai/hal'-lom-ahee,"middle voice of apparently a primary verb; to jump; figuratively, to gush:--leap, spring up."
G243,allos/al'-los,"a primary word; ""else,"" i.e. different (in many applications):--more, one (another), (an-, some an-)other(-s, -wise)."
G244,allotriepiskopos/al-lot-ree-ep-is'-kop-os,"from 245 and 1985; overseeing others' affairs, i.e. a meddler (specially, in Gentile customs):--busybody in other men's matters. see G245 see G1985"
G245,allotrios/al-lot'-ree-os,"from 243; another's, i.e. not one's own; by extension foreign, not akin, hostile:--alien, (an-)other (man's, men's), strange(-r). see G243"
G246,allophulos/al-lof'-oo-los,"from 243 and 5443; foreign, i.e. (specially) Gentile:--one of another nation. see G243 see G5443"
G262,amarantinos/am-ar-an'-tee-nos,"from 263; ""amaranthine"", i.e. (by implication) fadeless:-- that fadeth not away. see G263"
G263,amarantos/am-ar'-an-tos,"from 1 (as a negative particle) and a presumed derivative of 3133; unfading, i.e. (by implication) perpetual:--that fadeth not away. see G1 see G3133"
G264,hamartano/ham-ar-tan'-o,"perhaps from 1 (as a negative particle) and the base of 3313; properly, to miss the mark (and so not share in the prize), i.e. (figuratively) to err, especially (morally) to sin:--for your faults, offend, sin, trespass. see G1 see G3313"
G265,hamartema/ham-ar'-tay-mah,from 264; a sin (properly concrete):--sin. see G264
G266,hamartia/ham-ar-tee'-ah,"from 264; a sin (properly abstract):--offence, sin(-ful). see G264"
G267,amarturos/am-ar'-too-ros,from 1 (as a negative particle) and a form of 3144; unattested:-- without witness. see G1 see G3144
G268,hamartolos/ham-ar-to-los',"from 264; sinful, i.e. a sinner:--sinful, sinner. see G264"
G269,amachos/am'-akh-os,from 1 (as a negative particle) and 3163; peaceable:--not a brawler. see G1 see G3163
G270,amao/am-ah'-o,"from 260; properly, to collect, i.e. (by implication) reap:--reap down. see G260"
G271,amethustos/am-eth'-oos-tos,"from 1 (as a negative particle) and a derivative of 3184; the ""amethyst"" (supposed to prevent intoxication):-- amethyst. see G1 see G3184"
G272,ameleo/am-el-eh'-o,"from 1 (as a negative particle) and 3199; to be careless of:--make light of, neglect, be negligent, no regard. see G1 see G3199"
G273,amemptos/am'-emp-tos,"from 1 (as a negative particle) and a derivative of 3201; irreproachable:--blameless, faultless, unblamable. see G1 see G3201"
G274,amemptos/am-emp'-toce,"adverb from 273; faultlessly:--blameless, unblamably. see G273"
G288,ampelos/am'-pel-os,probably from the base of 297 and that of 257; a vine (as coiling about a support):--vine. see G297 see G257
G289,ampelourgos/am-pel-oor-gos',"from 288 and 2041; a vine-worker, i.e. pruner:--vine-dresser. see G288 see G2041"
G290,ampelon/am-pel-ohn',from 288; a vineyard:--vineyard. see G288
G291,Amplias/am-plee'-as,"contracted for Latin ampliatus (enlarged); Amplias, a Roman Christian:--Amplias."
G292,amunomai/am-oo'-nom-ahee,"middle voice of a primary verb; to ward off (for oneself), i.e. protect:--defend."
G293,amphiblestron/am-fib'-lace-tron,from a compound of the base of 297 and 906; a (fishing) net (as thrown about the fish):--net. see G297 see G906
G294,amphiennumi/am-fee-en'-noo-mee,from the base of 297 and hennumi (to invest); to enrobe:--clothe. see G297
G295,Amphipolis/am-fip'-ol-is,"from the base of 297 and 4172; a city surrounded by a river; Amphipolis, a place in Macedonia:--Amphipolis. see G297 see G4172"
G296,amphodon/am'-fod-on,from the base of 297 and 3598; a fork in the road:--where two ways meet. see G297 see G3598
G297,amphoteros/am-fot'-er-os,comparative of amphi (around); (in plural) both:--both.
G298,amometos/am-o'-may-tos,from 1 (as a negative particle) and a derivative of 3469; unblamable:--blameless. see G1 see G3469
G299,amomos/am'-o-mos,"from 1 (as a negative particle) and 3470; unblemished (literally or figuratively):--without blame (blemish, fault, spot), faultless, unblamable. see G1 see G3470"
G300,Amon/am-one',"of Hebrew origin (526); Amon, an Israelite:--Amon. see H526"
G301,Amos/am-oce',"of Hebrew origin (531); Amos, an Israelite:--Amos. see H531"
G302,an/an,"a primary particle, denoting a supposition, wish, possibility or uncertainty:--"
G316,anagkaios/an-ang-kah'-yos,"from 318; necessary; by implication, close (of kin):--near, necessary, necessity, needful. see G318"
G317,anagkastos/an-ang-kas-toce',adverb from a derivative of 315; compulsorily:--by constraint. see G315
G318,anagke/an-ang-kay',"from 303 and the base of 43; constraint (literally or figuratively); by implication, distress:--distress, must needs, (of) necessity(-sary), needeth, needful. see G303 see G43"
G319,anagnorizomai/an-ag-no-rid'-zom-ahee,middle voice from 303 and 1107; to make (oneself) known:--be made known. see G303 see G1107
G320,angnosis/an-ag'-no-sis,from 314; (the act of) reading:--reading. see G314
G321,anago/an-ag'-o,"from 303 and 71; to lead up; by extension to bring out; specially, to sail away:--bring (again, forth, up again), depart, launch (forth), lead (up), loose, offer, sail, set forth, take up. see G303 see G71"
G322,anadeiknumi/an-ad-ike'-noo-mee,"from 303 and 1166; to exhibit, i.e. (by implication) to indicate, appoint:--appoint, shew. see G303 see G1166"
G323,anadeixis/an-ad'-ike-sis,from 322; (the act of) exhibition:--shewing. see G322
G324,anadechomai/an-ad-ekh'-om-ahee,from 303 and 1209; to entertain (as a guest):--receive. see G303 see G1209
G325,anadidomi/an-ad-eed'-om-ee,from 303 and 1325; to hand over:--deliver. see G303 see G1325
G326,anazao/an-ad-zah'-o,"to recover life (literally or figuratively):--(be a-)live again, revive."
G327,anazeteo/an-ad-zay-teh'-o,from 303 and 2212; to search out:--seek. see G303 see G2212
G328,anazonnumi/an-ad-zone'-noo-mee,from 303 and 2224; to gird afresh:--gird up. see G303 see G2224
G329,anazopureo/an-ad-zo-poor-eh'-o,from 303 and a compound of the base of 2226 and 4442;
G341,anakainoo/an-ak-ahee-no'-o,from 303 and a derivative of 2537; to renovate:--renew. see G303 see G2537
G342,anakainosis/an-ak-ah'-ee-no-sis,from 341; renovation:--renewing. see G341
G343,anakalupto/an-ak-al-oop'-to,"from 303 (in the sense of reversal) and 2572; to unveil:--open, (un-)taken away. see G303 see G2572"
G344,anakampto/an-ak-amp'-to,from 303 and 2578; to turn back:--(re-)turn. see G303 see G2578
G345,anakeimai/an-ak-i'-mahee,"from 303 and 2749; to recline (as a corpse or at a meal):-- guest, lean, lie, sit (down, at meat), at the table. see G303 see G2749"
G346,anakephalaiomai/an-ak-ef-al-ah'-ee- om-ahee,"from 303 and 2775 (in its original sense); to sum up:--briefly comprehend, gather together in one. see G303 see G2775"
G347,anaklino/an-ak-lee'-no,"from 303 and 2827; to lean back:--lay, (make) sit down. see G303 see G2827"
G348,anakopto/an-ak-op'-to,"from 303 and 2875; to beat back, i.e. check:--hinder. see G303 see G2875"
G349,anakrazo/an-ak-rad'-zo,from 303 and 2896; to scream up (aloud):--cry out. see G303 see G2896
G350,anakrino/an-ak-ree'-no,"from 303 and 2919; properly, to scrutinize, i.e. (by implication) investigate, interrogate, determine:--ask, question, discern, examine, judge, search. see G303 see G2919"
G351,anakrisis/an-ak'-ree-sis,from 350; a (judicial) investigation:--examination. see G350
G352,anakupto/an-ak-oop'-to,"from 303 (in the sense of reversal) and 2955; to unbend, i.e. rise; figuratively, be elated:--lift up, look up. see G303 see G2955"
G353,analambano/an-al-am-ban'-o,"from 303 and 2983; to take up:--receive up, take (in, unto, up). see G303 see G2983 cannot be spoken against. see G1 see G473 see G4483"
G369,anantirrhetos/an-an-tir-hray'-toce,adverb from 368; promptly:--without gainsaying. see G368
G370,anaxios/an-ax'-ee-os,from 1 (as a negative particle) and 514; unfit:--unworthy. see G1 see G514
G371,anaxios/an-ax-ee'-oce,adverb from 370; irreverently:--unworthily. see G370
G372,anapausis/an-ap'-ow-sis,"from 373; intermission; by implication, recreation:--rest. see G373"
G373,anapano/an-ap-ow'-o,"from 303 and 3973; (reflexively) to repose (literally or figuratively (be exempt), remain); by implication, to refresh:--take ease, refresh, (give, take) rest. see G303 see G3973"
G374,anapeitho/an-ap-i'-tho,from 303 and 3982; to incite:--persuade. see G303 see G3982
G375,anapempo/an-ap-em'-po,from 303 and 3992; to send up or back:--send (again). see G303 see G3992
G376,anaperos/an-ap'-ay-ros,from 303 (in the sense of intensity) and peros (maimed); crippled:-- maimed. see G303
G377,anapipto/an-ap-ip'-to,"from 303 and 4098; to fall back, i.e. lie down, lean back:--lean, sit down (to meat). see G303 see G4098"
G378,anapleroo/an-ap-lay-ro'-o,"from 303 and 4137; to complete; by implication, to occupy, supply; figuratively, to accomplish (by coincidence ot obedience):--fill up, fulfill, occupy, supply. see G303 see G4137"
G379,anapologetos/an-ap-ol-og'-ay-tos,"from 1 (as a negative particle) and a presumed derivative of 626; indefensible:--without an excuse, inexcusable. see G1 see G626"
G380,anaptusso/an-ap-toos'-o,from 303 (in the sense of reversal) and 4428; to unroll (a scroll or volume):--open. see G303 see G4428
G381,anapto/an-ap'-to,"from 303 and 681; to enkindle:--kindle, light. see G303 see G681"
G393,anatello/an-at-el'-lo,"from 303 and the base of 5056; to (cause to) arise:--(a-, make to) rise, at the rising of, spring (up), be up. see G303 see G5056"
G394,anatithemai/an-at-ith'-em-ahee,"from 303 and the middle voice of 5087; to set forth (for oneself), i.e propound:--communicate, declare. see G303 see G5087"
G395,anatole/an-at-ol-ay',"from 393; a rising of light, i.e. dawn (figuratively); by implication, the east (also in plural):--dayspring, east, rising. see G393"
G396,anatrepo/an-at-rep'-o,"from 303 and the base of 5157; to overturn (figuratively):--overthrow, subvert. see G303 see G5157"
G397,anatrepho/an-at-ref'-o,"from 303 and 5142; to rear (physically or mentally):--bring up, nourish (up). see G303 see G5142"
G398,anaphaino/an-af-ah'-ee-no,"from 303 and 5316; to show, i.e. (reflexively) appear, or (passively) to have pointed out:--(should) appear, discover. see G303 see G5316"
G399,anaphero/an-af-er'-o,"from 303 and 5342; to take up (literally or figuratively):--bear, bring (carry, lead) up, offer (up). see G303 see G5342"
G400,anaphoneo/an-af-o-neh'-o,from 303 and 5455; to exclaim:--speak out. see G303 see G5455
G401,anachusis/an-akh'-oo-sis,"from a comparative of 303 and cheo (to pour); properly, effusion, i.e. (figuratively) license:--excess. see G303"
G402,anachoreo/an-akh-o-reh'-o,"from 303 and 5562; to retire:--depart, give place, go (turn) aside, withdraw self. see G303 see G5562"
G403,anapsuxis/an-aps'-ook-sis,"from 404; properly, a recovery of breath, i.e. (figuratively) revival:--revival. see G404"
G404,anapsucho/an-aps-oo'-kho,"from 303 and 5594; properly, to cool off, i.e. (figuratively) relieve:--refresh. see G303 see G5594"
G405,andrapodistes/an-drap-od-is-tace',"from a derivative of a compound of 435 and 4228; an 1735; unadmitted, i.e. (by implication) not supposable:--impossible. see G1 see G1735"
G419,anexereunetos/an-ex-er-yoo'-nay-tos,"from 1 (as a negative particle) and a presumed derivative of 1830; not searched out, i.e. (by implication) inscrutable:--unsearchable. see G1 see G1830"
G420,anexikakos/an-ex-ik'-ak-os,"from 430 and 2556; enduring of ill, i.e. forbearing:--patient. see G430 see G2556"
G421,anexichniastos/an-ex-ikh-nee'-as-tos,"from 1 (as a negative particle) and a presumed derivative of a compound of 1537 and a derivative of 2487; not tracked out, i.e. (by implication) untraceable:--past finding out; unsearchable. see G1 see G1537 see G2487"
G422,anepaischuntos/an-ep-ah'-ee-skhoon- tos,"from 1 (as a negative particle) and a presumed derivative of a compound of 1909 and 153; not ashamed, i.e. irreprehensible: --that needeth not to be ashamed. see G1 see G1909 see G153"
G423,anepileptos/an-ep-eel'-ape-tos,"from 1 (as a negative particle) and a derivative of 1949; not arrested, i.e. (by implication) inculpable:-- blameless, unrebukeable. see G1 see G1949"
G424,anerchomai/an-erkh'-om-ahee,from 303 and 2064; to ascend:--go up. see G303 see G2064
G425,anesis/an'-es-is,"from 447; relaxation or (figuratively) relief:--eased, liberty, rest. see G447"
G426,anetazo/an-et-ad'-zo,from 303 and etazo (to test); to investigate (judicially):--(should have) examined(-d). see G303
G427,aneu/an'-yoo,a primary particle; without:--without. Compare 1. see G1
G428,aneuthetos/an-yoo'-the-tos,"from 1 (as a negative particle) and 2111; not well set, i.e. inconvenient:--not commodious. see G1 see G2111"
G429,aneurisko/an-yoo-ris'-ko,from 303 and 2147; to find out:--find. see G303 see G2147
G430,anechomai/an-ekh'-om-ahee,middle voice from 303 and 2192; to hold oneself up
G445,anthupateuo/anth-oo-pat-yoo'-o,from 446; to act as proconsul:--be the deputy. see G446
G446,anthupatos/anth-oo'-pat-os,"from 473 and a superlative of 5228; instead of the highest officer, i.e. (specially) a Roman proconsul:--deputy. see G473 see G5228"
G447,aniemi/an-ee'-ay-mee,"from 303 and hiemi (to send); to let up, i.e. (literally) slacken or (figuratively) desert, desist from:--forbear, leave, loose. see G303"
G448,anileos/an-ee'-leh-oce,from 1 (as a negative particle) and 2436; inexorable:--without mercy. see G1 see G2436
G449,aniptos/an'-ip-tos,from 1 (as a negative particle) and a presumed derivative of 3538; without ablution:--unwashen. see G1 see G3538
G450,anistemi/an-is'-tay-mee,"from 303 and 2476; to stand up (literal or figurative, transitive or intransitive):--arise, lift up, raise up (again), rise (again), stand up(-right). see G303 see G2476"
G451,Anna/an'-nah,"of Hebrew origin (2584); Anna, an Israelitess:--Anna. see H2584"
G452,Annas/an'-nas,"of Hebrew origin (2608); Annas (i.e. 367), an Israelite:--Annas. see G367 see H2608"
G453,anoetos/an-o'-ay-tos,"from 1 (as a negative particle) and a derivative of 3539; unintelligent; by implication, sensual:--fool(-ish), unwise. see G1 see G3539"
G454,anoia/an'-oy-ah,"from a compound of 1 (as a negative particle) and 3563; stupidity; by implication, rage:--folly, madness. see G1 see G3563"
G455,anoigo/an-oy'-go,"from 303 and oigo (to open); to open up (literally or figuratively, in various applications):--open. see G303"
G456,anoikodomeo/an-oy-kod-om-eh'-o,from 303 and 3618; to rebuild:--build again. see G303 see G3618
G457,anoixis/an'-oix-is,from 455; opening (throat):--X open. see G455
G458,anomia/an-om-ee'-ah,"from 459; illegality, i.e. violation of law or (genitive case)"
G472,antechomai/an-tekh'-om-ahee,"from 473 and the middle voice of 2192; to hold oneself opposite to, i.e. (by implication) adhere to; by extension to care for:--hold fast, hold to, support. see G473 see G2192"
G473,anti/an-tee',"a primary particle; opposite, i.e. instead or because of (rarely in addition to):-- for, in the room of. Often used in composition to denote contrast, requital, substitution, correspondence, etc."
G474,antiballo/an-tee-bal'-lo,from 473 and 906; to bandy:--have. see G473 see G906
G475,antidiatithemai/an-tee-dee-at-eeth'-em- ahee,"from 473 and 1303; to set oneself opposite, i.e. be disputatious:--that oppose themselves. see G473 see G1303"
G476,antidikos/an-tid'-ee-kos,"from 473 and 1349; an opponent (in a lawsuit); specially, Satan (as the arch-enemy):--adversary. see G473 see G1349"
G477,antithesis/an-tith'-es-is,"from a compound of 473 and 5087; opposition, i.e. a conflict (of theories):--opposition. see G473 see G5087"
G478,antikathistemi/an-tee-kath-is'-tay-mee,"from 473 and 2525; to set down (troops) against, i.e. withstand:--resist. see G473 see G2525"
G479,antikaleo/an-tee-kal-eh'-o,from 473 and 2564; to invite in return:--bid again. see G473 see G2564
G480,antikeimai/an-tik'-i-mahee,"from 473 and 2749; to lie opposite, i.e. be adverse (figuratively, repugnant) to:--adversary, be contrary, oppose. see G473 see G2749"
G481,antikru/an-tee-kroo',prolonged from 473; opposite:--over against. see G473
G482,antilambanomai/an-tee-lam-ban'-om- ahee,"from 473 and the middle voice of 2983; to take hold of in turn, i.e. succor; also to participate:-- help, partaker, support. see G473 see G2983"
G483,antilego/an-til'-eg-o,"from 473 and 3004; to dispute, refuse:--answer again, contradict, deny, gainsay(-er), speak against. see G473 see G3004"
G498,antitassomai/an-tee-tas'-som-ahee,"from 473 and the middle voice of 5021; to range oneself against, i.e. oppose:--oppose themselves, resist. see G473 see G5021"
G499,antitupon/an-teet'-oo-pon,"neuter of a compound of 473 and 5179; corresponding (""antitype""), i.e. a representative, counterpart:-- (like) figure (whereunto). see G473 see G5179"
G500,antichristos/an-tee'-khris-tos,from 473 and 5547; an opponent of the Messiah:--antichrist. see G473 see G5547
G501,antleo/ant-leh-o,"from antlos (the hold of a ship); to bale up (properly, bilge water), i.e. dip water (with a bucket, pitcher, etc.):--draw (out)."
G502,antlema/ant'-lay-mah,from 501; a baling-vessel:--thing to draw with. see G501
G503,antophthalmeo/ant-of-thal-meh'-o,from a compound of 473 and 3788; to face:--bear up into. see G473 see G3788
G504,anudros/an'-oo-dros,"from 1 (as a negative particle) and 5204; waterless, i.e. dry:--dry, without water. see G1 see G5204"
G505,anupokritos/an-oo-pok'-ree-tos,"from 1 (as a negative particle) and a presumed derivative of 5271; undissembled, i.e. sincere:--without dissimulation (hypocrisy), unfeigned. see G1 see G5271"
G506,anupotaktos/an-oo-pot'-ak-tos,"from 1 (as a negative particle) and a presumed derivative of 5293; unsubdued, i.e. insubordinate (in fact or temper):--disobedient, that is not put under, unruly. see G1 see G5293"
G507,ano/an'-o,"adverb from 473; upward or on the top:--above, brim, high, up. see G473"
G508,anogeon/an-ogue'-eh-on,"from 507 and 1093; above the ground, i.e. (properly) the second floor of a building; used for a dome or a balcony on the upper story:--upper room. see G507 see G1093"
G509,anothen/an'-o-then,"from 507; from above; by analogy, from the first; by implication, anew:--from above, again, from the beginning (very first), the top. see G507"
G523,apaiteo/ap-ah'-ee-teh-o,"from 575 and 154; to demand back:--ask again, require. see G575 see G154"
G524,apalgeo/ap-alg-eh'-o,"from 575 and algeo (to smart); to grieve out, i.e. become apathetic:--be past feeling. see G575"
G525,apallasso/ap-al-las'-so,"from 575 and 236; to change away, i.e. release, (reflexively) remove:--deliver, depart. see G575 see G236"
G526,apallotrioo/ap-al-lot-ree-o'-o,"from 575 and a derivative of 245; to estrange away, i.e. (passively and figuratively) to be non-participant:-- alienate, be alien. see G575 see G245"
G527,apalos/ap-al-os',of uncertain derivation; soft:--tender.
G528,apantao/ap-an-tah'-o,"from 575 and a derivative of 473; to meet away, i.e. encounter:-- meet. see G575 see G473"
G529,apantesis/ap-an'-tay-sis,from 528; a (friendly) encounter:--meet. see G528
G530,hapax/hap'-ax,probably from 537; one (or a single) time (numerically or conclusively):-- once. see G537
G531,aparabatos/ap-ar-ab'-at-os,"from 1 (as a negative particle) and a derivative of 3845; not passing away, i.e. untransferable (perpetual):-- unchangeable. see G1 see G3845"
G532,aparaskeuastos/ap-ar-ask-yoo'-as-tos,from 1 (as a negative particle) and a derivative of 3903; unready:--unprepared. see G1 see G3903
G533,aparneomai/ap-ar-neh'-om-ahee,"from 575 and 720; to deny utterly, i.e. disown, abstain:-- deny. see G575 see G720"
G534,aparti/ap-ar'-tee,"from 575 and 737; from now, i.e. henceforth (already):--from henceforth. see G575 see G737"
G535,apartismos/ap-ar-tis-mos',from a derivative of 534; completion:--finishing. see G534
G536,aparche/ap-ar-khay',"from a compound of 575 and 756; a beginning of sacrifice, i.e. the (Jewish) first-fruit (figuratively):--first-fruits. see G575 see G756 3987; untried, i.e. not temptable:--not to be tempted. see G1 see G3987"
G552,apeiros/ap'-i-ros,"from 1 (as a negative particle) and 3984; inexperienced, i.e. ignorant:-- unskilful. see G1 see G3984"
G553,apekdechomai/ap-ek-dekh'-om-ahee,from 575 and 1551; to expect fully:--look (wait) foreign see G575 see G1551
G554,apekduomai/ap-ek-doo'-om-ahee,"middle voice from 575 and 1562; to divest wholly oneself, or (for oneself) despoil:--put off, spoil. see G575 see G1562"
G555,apekdusis/ap-ek'-doo-sis,from 554; divestment:--putting off. see G554
G556,apelauno/ap-el-ow'-no,from 575 and 1643; to dismiss:--drive. see G575 see G1643
G557,apelegmos/ap-el-eg-mos',"from a compound of 575 and 1651; refutation, i.e. (by implication) contempt:--nought. see G575 see G1651"
G558,apeleutheros/ap-el-yoo'-ther-os,"from 575 and 1658; one freed away, i.e. a freedman:-- freeman. see G575 see G1658"
G559,Apelles/ap-el-lace',"of Latin origin; Apelles, a Christian:--Apelles."
G560,apelpizo/ap-el-pid'-zo,"from 575 and 1679; to hope out, i.e. fully expect:--hope for again. see G575 see G1679"
G561,apenanti/ap-en'-an-tee,"from 575 and 1725; from in front, i.e. opposite, before or against:- -before, contrary, over against, in the presence of. see G575 see G1725"
G562,aperantos/ap-er'-an-tos,"from 1 (as a negative particle) and a secondary derivative of 4008; unfinished, i.e. (by implication) interminable:--endless. see G1 see G4008"
G563,aperispastos/ap-er-is-pas-toce',"adverb from a compound of 1 (as a negative participle) and a presumed derivative of 4049; undistractedly, i.e. free from (domestic) solicitude:--without distraction. see G1 see G4049"
G564,aperitmetos/ap-er-eet'-may-tos,from 1 (as a negative particle) and a presumed derivative of
G575,apo/apo',"a primary particle; ""off,"" i.e. away (from something near), in various senses (of place, time, or relation; literal or figurative):--(X here-)after, ago, at, because of, before, by (the space of), for(-th), from, in, (out) of, off, (up-)on(-ce), since, with. In composition (as a prefix) it usually denotes separation, departure, cessation, completion, reversal, etc."
G576,apobaino/ap-ob-ah'-ee-no,"from 575 and the base of 939; literally, to disembark; figuratively, to eventuate:--become, go out, turn. see G575 see G939"
G577,apoballo/ap-ob-al'-lo,"from 575 and 906; to throw off; figuratively, to lose:--cast away. see G575 see G906"
G578,apoblepo/ap-ob-lep'-o,"from 575 and 991; to look away from everything else, i.e. (figuratively) intently regard:--have respect. see G575 see G991"
G579,apobletos/ap-ob'-lay-tos,"from 577; cast off, i.e. (figuratively) such as to be rejected:--be refused. see G577"
G580,apobole/ap-ob-ol-ay',"from 577; rejection; figuratively, loss:--casting away, loss. see G577"
G581,apogenomenos/ap-og-en-om'-en-os,"past participle of a compound of 575 and 1096; absent, i.e. deceased (figuratively, renounced):--being dead. see G575 see G1096"
G582,apographe/ap-og-raf-ay',"from 583; an enrollment; by implication, an assessment:--taxing. see G583"
G583,apographo/ap-og-raf'-o,"from 575 and 1125; to write off (a copy or list), i.e. enrol:--tax, write. see G575 see G1125"
G584,apodeiknumi/ap-od-ike'-noo-mee,"from 575 and 1166; to show off, i.e. exhibit; figuratively, to demonstrate, i.e. accredit:--(ap-)prove, set forth, shew. see G575 see G1166"
G585,apodeixis/ap-od'-ike-sis,from 584; manifestation:--demonstration. see G584
G599,apothnesko/ap-oth-nace'-ko,"from 575 and 2348; to die off (literally or figuratively):--be dead, death, die, lie a-dying, be slain (X with). see G575 see G2348"
G600,apokathistemi/ap-ok-ath-is'-tay-mee,"from 575 and 2525; to reconstitute (in health, home or organization):--restore (again). see G575 see G2525"
G601,apokalupto/ap-ok-al-oop'-to,"from 575 and 2572; to take off the cover, i.e. disclose:-- reveal. see G575 see G2572"
G602,apokalupsis/ap-ok-al'-oop-sis,"from 601; disclosure:--appearing, coming, lighten, manifestation, be revealed, revelation. see G601"
G603,apokaradokia/ap-ok-ar-ad-ok-ee'-ah,from a comparative of 575 and a compound of kara (the head) and 1380 (in the sense of watching); intense anticipation:--earnest expectation. see G575 see G1380
G604,apokatallasso/ap-ok-at-al-las'-so,from 575 and 2644; to reconcile fully:--reconcile. see G575 see G2644
G605,apokatastasis/ap-ok-at-as'-tas-is,from 600; reconstitution:--restitution. see G600
G606,apokeimai/ap-ok'-i-mahee,"from 575 and 2749; to be reserved; figuratively, to await:--be appointed, (be) laid up. see G575 see G2749"
G607,apokephalizo/ap-ok-ef-al-id'-zo,from 575 and 2776; to decapitate:--behead. see G575 see G2776
G608,apokleio/ap-ok-li'-o,from 575 and 2808; to close fully:--shut up. see G575 see G2808
G609,apokopto/ap-ok-op'-to,from 575 and 2875; to amputate; reflexively (by irony) to mutilate (the privy parts):--cut off. Compare 2699. see G575 see G2875 see G2699
G610,apokrima/ap-ok'-ree-mah,from 611 (in its original sense of judging); a judicial decision:-- sentence. see G611
G611,apokrinomai/ap-ok-ree'-nom-ahee,"from 575 and krino; to conclude for oneself, i.e. (by implication) to respond; by Hebraism (compare Apollonia, a place in Macedonia:--Apollonia. see G622"
G625,Apollos/ap-ol-loce',"probably from the same as 624; Apollos, an Israelite:--Apollos. see G624"
G626,apologeomai/ap-ol-og-eh'-om-ahee,"middle voice from a compound of 575 and 3056; to give an account (legal plea) of oneself, i.e. exculpate (self):--answer (for self), make defence, excuse (self), speak for self. see G575 see G3056"
G627,apologia/ap-ol-og-ee'-ah,"from the same as 626; a plea (""apology""):--answer (for self), clearing of self, defence. see G626"
G628,apolouo/ap-ol-oo'-o,"from 575 and 3068; to wash fully, i.e. (figuratively) have remitted (reflexively):--wash (away). see G575 see G3068"
G629,apolutrosis/ap-ol-oo'-tro-sis,"from a compound of 575 and 3083; (the act) ransom in full, i.e. (figuratively) riddance, or (specially) Christian salvation:--deliverance, redemption. see G575 see G3083"
G630,apoluo/ap-ol-oo'-o,"from 575 and 3089; to free fully, i.e. (literally) relieve, release, dismiss (reflexively, depart), or (figuratively) let die, pardon or (specially) divorce:--(let) depart, dismiss, divorce, forgive, let go, loose, put (send) away, release, set at liberty. see G575 see G3089"
G631,apomassomai/ap-om-as'-som-ahee,"middle voice from 575 and masso (to squeeze, knead, smear); to scrape away:--wipe off. see G575"
G632,aponemo/ap-on-em'-o,"from 575 and the base of 3551; to apportion, i.e. bestow:--give. see G575 see G3551"
G633,aponipto/ap-on-ip'-to,"from 575 and 3538; to wash off (reflexively, one's own hands symbolically):--wash. see G575 see G3538"
G634,apopipto/ap-op-ip'-to,from 575 and 4098; to fall off:--fall. see G575 see G4098
G635,apoplanao/ap-op-lan-ah'-o,"from 575 and 4105; to lead astray (figuratively); passively, to stray (from truth):--err, seduce. see G575 see G4105"
G636,apopleo/ap-op-leh'-o,"from 575 and 4126; to set sail:--sail away. see G575 see G4126 (properly, on a mission) literally or figuratively:-- put in, send (away, forth, out), set (at liberty). see G575 see G4724"
G650,apostereo/ap-os-ter-eh'-o,"from 575 and stereo (to deprive); to despoil:--defraud, destitute, kept back by fraud. see G575"
G651,apostole/ap-os-tol-ay',"from 649; commission, i.e. (specially) apostolate:-- apostleship. see G649"
G652,apostolos/ap-os'-tol-os,"from 649; a delegate; specially, an ambassador of the Gospel; officially a commissioner of Christ (""apostle"") (with miraculous powers):--apostle, messenger, he that is sent. see G649"
G653,apostomatizo/ap-os-tom-at-id'-zo,"from 575 and a (presumed) derivative of 4750; to speak off-hand (properly, dictate), i.e. to catechize (in an invidious manner):--provoke to speak. see G575 see G4750"
G654,apostrepho/ap-os-tref'-o,"from 575 and 4762; to turn away or back (literally or figuratively):--bring again, pervert, turn away (from). see G575 see G4762"
G655,apostugeo/ap-os-toog-eh'-o,from 575 and the base of 4767; to detest utterly:--abhor. see G575 see G4767
G656,aposunagogos/ap-os-oon-ag'-o-gos,from 575 and 4864; excommunicated:--(put) out of the synagogue(-s). see G575 see G4864
G657,apotassomai/ap-ot-as'-som-ahee,"middle voice from 575 and 5021; literally, to say adieu (by departing or dismissing); figuratively, to renounce:- -bid farewell, forsake, take leave, send away. see G575 see G5021"
G658,apoteleo/ap-ot-el-eh'-o,"from 575 and 5055; to complete entirely, i.e. consummate:-- finish. see G575 see G5055"
G659,apotithemi/ap-ot-eeth'-ay-mee,"from 575 and 5087; to put away (literally or figuratively):--cast off, lay apart (aside, down), put away (off). see G575 see G5087"
G660,apotinasso/ap-ot-in-as'-so,from 575 and tinasso (to jostle); to brush off:--shake off. see G575
G675,Appios/ap'-pee-os,"of Latin origin; (in the genitive, i.e. possessive case) of Appius, the name of a Roman:--Appii."
G676,aprositos/ap-ros'-ee-tos,from 1 (as a negative particle) and a derivative of a comparative of 4314 and eimi (to go); inaccessible:--which no man can approach. see G1 see G4314
G677,aproskopos/ap-ros'-kop-os,"from 1 (as a negative particle) and a presumed derivative of 4350; actively, inoffensive, i.e. not leading into sin; passively, faultless, i.e. not led into sin:--none (void of, without) offence. see G1 see G4350"
G678,aprosopoleptos/ap-ros-o-pol-ape'-tos,"adverb from a compound of 1 (as a negative particle) and a presumed derivative of a presumed compound of 4383 and 2983 (compare 4381); in a way not accepting the person, i.e. impartially:-- without respect of persons. see G1 see G4383 see G2983 see G4381"
G679,aptaistos/ap-tah'-ee-stos,"from 1 (as a negative particle) and a derivative of 4417; not stumbling, i.e. (figuratively) without sin:--from falling. see G1 see G4417"
G680,haptomai/hap'-tom-ahee,"reflexive of 681; properly, to attach oneself to, i.e. to touch (in many implied relations):--touch. see G681"
G681,hapto/hap'-to,"a primary verb; properly, to fasten to, i.e. (specially) to set on fire:--kindle, light."
G682,Apphia/ap-fee'-a,"probably of foreign origin; Apphia, a woman of Collosae:--Apphia."
G683,apotheomai/ap-o-theh'-om-ahee,"from 575 and the middle voice of otheo or otho (to shove); to push off, figuratively, to reject:--cast away, put away (from), thrust away (from). see G575"
G684,apoleia/ap-o'-li-a,"from a presumed derivative of 622; ruin or loss (physical, spiritual or eternal):--damnable(-nation), destruction, die, perdition, X perish, pernicious ways, waste. see G622 derivative of 4078; rock of Ares, a place in Athens:- -Areopagus, Mars' Hill. see G4078"
G698,Areopagites/ar-eh-op-ag-ee'-tace,from 697; an Areopagite or member of the court held on Mars' Hill:--Areopagite. see G697
G699,areskeia/ar-es'-ki-ah,from a derivative of 700; complaisance:--pleasing. see G700
G700,aresko/ar-es'-ko,"probably from 142 (through the idea of exciting emotion); to be agreeable (or by implication, to seek to be so):-- please. see G142"
G701,arestos/ar-es-tos',"from 700; agreeable; by implication, fit:--(things that) please(-ing), reason. see G700"
G702,Aretas/ar-et'-as,"of foreign origin; Aretas, an Arabian:--Aretas."
G703,arete/ar-et'-ay,"from the same as 730; properly, manliness (valor), i.e. excellence (intrinsic or attributed):--praise, virtue. see G730"
G704,aren/ar-ane',perhaps the same as 730; a lamb (as a male):--lamb. see G730
G705,arithmeo/ar-ith-meh'-o,from 706; to enumerate or count:--number. see G706
G706,arithmos/ar-ith-mos',from 142; a number (as reckoned up):--number. see G142
G707,Arimathaia/ar-ee-math-ah'-ee-ah,"of Hebrew origin (7414); Arimathaea (or Ramah), a place in Palestine:--Arimathaea. see H7414"
G708,Aristarchos/ar-is'-tar-khos,"from the same as 712 and 757; best ruling; Aristarchus, a Macedonian:--Aristarchus. see G712 see G757"
G709,aristao/ar-is-tah'-o,from 712; to take the principle meal:--dine. see G712
G710,aristeros/ar-is-ter-os',apparently a comparative of the same as 712; the left hand (as second-best):--left (hand). see G712
G711,Aristoboulos/ar-is-tob'-oo-los,"from the same as 712 and 1012; best counselling; Aristoboulus, a Christian:--Aristobulus. see G712 see G1012"
G712,ariston/ar'-is-ton,apparently neuter of a superlative from the same as 730; the best meal (or
G727,harpax/har'-pax,"from 726; rapacious:-- extortion, ravening. see G726"
G728,arrhabon/ar-hrab-ohn',"of Hebrew origin (6162); a pledge, i.e. part of the purchase- money or property given in advance as security for the rest:--earnest. see H6162"
G729,arrhaphos/ar'-hhraf-os,"from 1 (as a negative particle) and a presumed derivative of the same as 4476; unsewed, i.e. of a single piece:-- without seam. see G1 see G4476"
G730,arrhen/ar'-hrane,"probably from 142; male (as stronger for lifting):--male, man. see G142"
G731,arrhetos/ar'-hray-tos,"from 1 (as a negative particle) and the same as 4490; unsaid, i.e. (by implication) inexpressible:--unspeakable. see G1 see G4490"
G732,arrhostos/ar'-hroce-tos,"from 1 (as a negative particle) and a presumed derivative of 4517; infirm:--sick (folk, -ly). see G1 see G4517"
G733,arsenokoites/ar-sen-ok-oy'-tace,from 730 and 2845; a sodomite:--abuser of (that defile) self with mankind. see G730 see G2845
G734,Artemas/ar-tem-as',"contracted from a compound of 735 and 1435; gift of Artemis; Artemas (or Artemidorus), a Christian:--Artemas. see G735 see G1435"
G735,Artemis/ar'-tem-is,"probably from the same as 736; prompt; Artemis, the name of a Grecian goddess borrowed by the Asiatics for one of their deities:--Diana. see G736"
G736,artemon/ar-tem'-ohn,"from a derivative of 737; properly, something ready (or else more remotely from 142 (compare 740); something hung up), i.e. (specially) the topsail (rather foresail or jib) of a vessel:--mainsail. see G737 see G142 see G740"
G737,arti/ar'-tee,"adverb from a derivative of 142 (compare 740) through the idea of suspension; just now:--this day (hour), hence(-forth), here(- after), hither(-to), (even) now, (this) present. see G142 see G740"
G738,artigennetos/ar-teeg-en'-nay-tos,"from 737 and 1084; just born, i.e. (figuratively) a young convert:--new born. see G737 see G1084 services:--(chief) ruler of the synagogue. see G746 see G4864"
G753,architekton/ar-khee-tek'-tone,"from 746 and 5045; a chief constructor, i.e. ""architect"":-- masterbuilder. see G746 see G5045"
G754,architelones/ar-khee-tel-o'-nace,from 746 and 5057; a principle tax-gatherer:--chief among the publicans. see G746 see G5057
G755,architriklinos/ar-khee-tree'-klee-nos,"from 746 and a compound of 5140 and 2827 (a dinner-bed, because composed of three couches); director of the entertainment:--governor (ruler) of the feast. see G746 see G5140 see G2827"
G756,archomai/ar'-khom-ahee,"middle voice of 757 (through the implication, of precedence); to commence (in order of time):--(rehearse from the) begin(-ning). see G757"
G757,archo/ar'-kho,a primary verb; to be first (in political rank or power):--reign (rule) over.
G758,archon/ar'-khone,"present participle of 757; a first (in rank or power):--chief (ruler), magistrate, prince, ruler. see G757"
G759,aroma/ar'-o-mah,from 142 (in the sense of sending off scent); an aromatic:--(sweet) spice. see G142
G760,Asa/as-ah',"of Hebrew origin (609); Asa, an Israelite:--Asa. see H609"
G761,asaleutos/as-al'-yoo-tos,"from 1 (as a negative particle) and a derivative of 4531; unshaken, i.e. (by implication) immovable (figuratively):--which cannot be moved, unmovable. see G1 see G4531"
G762,asbestos/as'-bes-tos,"from 1 (as a negative particle) and a derivative of 4570; not extinguished, i.e. (by implication) perpetual:--not to be quenched, unquenchable. see G1 see G4570"
G763,asebeia/as-eb'-i-ah,"from 765; impiety, i.e. (by implication) wickedness:--ungodly(-liness). see G765"
G764,asebeo/as-eb-eh'-o,"from 765; to be (by implied act) impious or wicked:--commit (live, that after should live) ungodly. see G765"
G777,asitos/as'-ee-tos,from 1 (as a negative particle) and 4621; without (taking) food:--fasting. see G1 see G4621
G778,askeo/as-keh'-o,"probably from the same as 4632; to elaborate, i.e. (figuratively) train (by implication, strive):--exercise. see G4632"
G779,askos/as-kos',from the same as 778; a leathern (or skin) bag used as a bottle:--bottle. see G778
G780,asmenos/as-men'-oce,adverb from a derivative of the base of 2237; with pleasure:-- gladly. see G2237
G781,asophos/as'-of-os,from 1 (as a negative particle) and 4680; unwise:--fool. see G1 see G4680
G782,aspazomai/as-pad'-zom-ahee,"from 1 (as a particle of union) and a presumed form of 4685; to enfold in the arms, i.e. (by implication) to salute, (figuratively) to welcome:--embrace, greet, salute, take leave. see G1 see G4685"
G783,aspasmos/as-pas-mos',"from 782; a greeting (in person or by letter):--greeting, salutation. see G782"
G784,aspilos/as'-pee-los,"from 1 (as a negative particle) and 4695; unblemished (physically or morally):--without spot, unspotted. see G1 see G4695"
G785,aspis/as-pece',"of uncertain derivation; a buckler (or round shield); used of a serpent (as coiling itself), probably the ""asp"":--asp."
G786,aspondos/as'-pon-dos,"from 1 (as a negative particle) and a derivative of 4689; literally, without libation (which usually accompanied a treaty), i.e. (by implication) truceless:--implacable, truce-breaker. see G1 see G4689"
G787,assarion/as-sar'-ee-on,"of Latin origin; an assarius or as, a Roman coin:--farthing."
G788,asson/as'-son,"neuter comparative of the base of 1451; more nearly, i.e. very near:--close. see G1451"
G789,Assos/as'-sos,"probably of foreign origin; Assus, a city of Asia MInor:--Assos."
G790,astateo/as-tat-eh'-o,from 1 (as a negative particle) and a derivative of 2476; to be non-
G803,asphaleia/as-fal'-i-ah,"from 804; security (literally or figuratively):--certainty, safety. see G804"
G804,asphales/as-fal-ace',"from 1 (as a negative particle) and sphallo (to ""fail""); secure (literally or figuratively):--certain(-ty), safe, sure. see G1"
G805,asphalizo/as-fal-id'-zo,from 804; to render secure:--make fast (sure). see G804
G806,asphalos/as-fal-oce',"adverb from 804; securely (literally or figuratively):--assuredly, safely. see G804"
G807,aschemoneo/as-kay-mon-eh'-o,from 809; to be (i.e. act) unbecoming:--behave self uncomely (unseemly). see G809
G808,aschemosune/as-kay-mos-oo'-nay,"from 809; an indecency; by implication, the pudenda:-- shame, that which is unseemly. see G809"
G809,askemon/as-kay'-mone,"from 1 (as a negative particle) and a presumed derivative of 2192 (in the sense of its congener 4976); properly, shapeless, i.e. (figuratively) inelegant:--uncomely. see G1 see G2192 see G4976"
G810,asotia/as-o-tee'-ah,"from a compound of 1 (as a negative particle) and a presumed derivative of 4982; properly, unsavedness, i.e. (by implication) profligacy:--excess, riot. see G1 see G4982"
G811,asotos/as-o'-toce,adverb from the same as 810; dissolutely:--riotous. see G810
G812,atakteo/at-ak-teh'-o,from 813; to be (i.e. act) irregular:--behave self disorderly. see G813
G813,ataktos/at'-ak-tos,"from 1 (as a negative particle) and a derivative of 5021; unarranged, i.e. (by implication) insubordinate (religiously):-- unruly. see G1 see G5021"
G814,ataktos/at-ak'-toce,"adverb from 813, irregularly (morally):--disorderly. see G813"
G815,ateknos/at'-ek-nos,"from 1 (as a negative particle) and 5043; childless:--childless, without children. see G1 see G5043"
G816,atenizo/at-en-id'-zo,"from a compound of 1 (as a particle of union) and teino (to stretch); to gaze intently:--behold earnestly (stedfastly), fasten"
G829,authades/ow-thad'-ace,"from 846 and the base of 2237; self-pleasing, i.e. arrogant:--self- willed. see G846 see G2237"
G830,authairetos/ow-thah'-ee-ret-os,"from 846 and the same as 140; self-chosen, i.e. (by implication) voluntary:--of own accord, willing of self. see G846 see G140"
G831,authenteo/ow-then-teh'-o,"from a compound of 846 and an obsolete hentes (a worker); to act of oneself, i.e. (figuratively) dominate:--usurp authority over. see G846"
G832,auleo/ow-leh'-o,from 836; to play the flute:--pipe. see G836
G833,aule/ow-lay',"from the same as 109; a yard (as open to the wind); by implication, a mansion:--court, (sheep-)fold, hall, palace. see G109"
G834,auletes/ow-lay-tace',"from 832; a flute- player:--minstrel, piper. see G832"
G835,aulizomai/ow-lid'-zom-ahee,"middle voice from 833; to pass the night (properly, in the open air):--abide, lodge. see G833"
G836,aulos/ow-los',from the same as 109; a flute (as blown):--pipe. see G109
G837,auzano/owx-an'-o,"a prolonged form of a primary verb; to grow (""wax""), i.e. enlarge (literal or figurative, active or passive):--grow (up), (give the) increase."
G838,auxesis/owx'-ay-sis,from 837; growth:-- increase. see G837
G839,aurion/ow'-ree-on,"from a derivative of the same as 109 (meaning a breeze, i.e. the morning air); properly, fresh, i.e. (adverb with ellipsis of 2250) to-morrow:--(to-)morrow, next day. see G109 see G2250"
G840,austeros/ow-stay-ros',"from a (presumed) derivative of the same as 109 (meaning blown); rough (properly as a gale), i.e. (figuratively) severe:--austere. see G109"
G841,autarkeia/ow-tar'-ki-ah,"from 842; self- satisfaction, i.e. (abstractly) contentedness, or (concretely) a competence:--contentment, sufficiency. see G842"
G852,aphanes/af-an-ace',from 1 (as a negative particle) and 5316; non-apparent):--that is not manifest. see G1 see G5316
G853,aphanizo/af-an-id'-zo,"from 852; to render unapparent, i.e. (actively) consume (becloud), or (passively) disappear (be destroyed):-- corrupt, disfigure, perish, vanish away. see G852"
G854,aphanismos/af-an-is-mos',"from 853; disappearance, i.e. (figuratively) abrogation:-- vanish away. see G853"
G855,aphantos/af'-an-tos,"from 1 (as a negative particle) and a derivative of 5316; non- manifested, i.e. invisible:--vanished out of sight. see G1 see G5316"
G856,aphedron/af-ed-rone',"from a compound of 575 and the base of 1476; a place of sitting apart, i.e. a privy:--draught. see G575 see G1476"
G857,apheidia/af-i-dee'-ah,"from a compound of 1 (as a negative particle) and 5339; unsparingness, i.e. austerity (asceticism):-- neglecting. see G1 see G5339"
G858,aphelotes/af-el-ot'-ace,"from a compound of 1 (as a negative particle) and phellos (in the sense of a stone as stubbing the foot); smoothness, i.e. (figuratively) simplicity:--singleness. see G1"
G859,aphesis/af'-es-is,"from 863; freedom; (figuratively) pardon:--deliverance, forgiveness, liberty, remission. see G863"
G860,haphe/haf-ay',from 680; probably a ligament (as fastening):--joint. see G680
G861,aphthrsia/af-thar-see'-ah,"from 862; incorruptibility; genitive, unending existence; (figuratively) genuineness:--immortality, incorruption, sincerity. see G862"
G862,aphthartos/af'-thar-tos,"from 1 (as a negative particle) and a derivative of 5351; undecaying (in essence or continuance):--not (in-, un-)corruptible, immortal. see G1 see G5351"
G863,aphiemi/af-ee'-ay-mee,"from 575 and hiemi (to send; an intensive form of eimi, to go); to send forth, in various applications (as follow):--cry, forgive, forsake, lay aside, leave, let (alone, be, go,"
G877,aphrosune/af-ros-oo'-nay,"from 878; senselessness, i.e. (euphemistically) egotism; (morally) recklessness:--folly, foolishly(-ness). see G878"
G878,aphron/af'-rone,"from 1 (as a negative particle) and 5424; properly, mindless, i.e. stupid, (by implication) ignorant, (specially) egotistic, (practically) rash, or (morally) unbelieving:--fool(- ish), unwise. see G1 see G5424"
G879,aphupnoo/af-oop-no'-o,"from a compound of 575 and 5258; properly, to become awake, i.e. (by implication) to drop (off) in slumber:--fall asleep. see G575 see G5258"
G880,aphonos/af'-o-nos,"from 1 (as a negative particle) and 5456; voiceless, i.e. mute (by nature or choice); figuratively, unmeaning:--dumb, without signification. see G1 see G5456"
G881,Achaz/akh-adz',"of Hebrew origin (271); Achaz, an Israelite:--Achaz. see H271"
G882,Achaia/ach-ah-ee'-ah,"of uncertain derivation; Achaia (i.e. Greece), a country of Europe:--Achaia."
G883,Achaikos/ach-ah-ee-kos',"from 882; an Achaian; Achaicus, a Christian:--Achaicus. see G882"
G884,acharistos/ach-ar'-is-tos,"from 1 (as a negative particle) and a presumed derivative of 5483; thankless, i.e. ungrateful:--unthankful. see G1 see G5483"
G885,Acheim/akh-ime',"probably of Hebrew origin (compare 3137); Achim, an Israelite:-- Achim. see H3137"
G886,acheiropoietos/akh-i-rop-oy'-ay-tos,"from 1 (as a negative particle) and 5499; unmanufactured, i.e. inartificial:--made without (not made with) hands. see G1 see G5499"
G887,achlus/akh-looce',"of uncertain derivation; dimness of sight, i.e. (probably) a cataract:--mist."
G888,achreios/akh-ri'-os,"from 1 (as a negative particle) and a derivative of 5534 (compare 5532); useless, i.e. (euphemistically) unmeritorious:-- unprofitable. see G1 see G5534 see G5532"
G902,baion/bah-ee'-on,a diminutive of a derivative probably of the base of 939; a palm twig (as going out far):--branch. see G939
G903,Balaam/bal-ah-am',"of Hebrew origin (1109); Balaam, a Mesopotamian (symbolic of a false teacher):--Balaam. see H1109"
G904,Balak/bal-ak',"of Hebrew origin (1111); Balak, a Moabite:--Balac. see H1111"
G905,balantion/bal-an'-tee-on,"probably remotely from 906 (as a depository); a pouch (for money):--bag, purse. see G906"
G906,ballo/bal'-lo,"a primary verb; to throw (in various applications, more or less violent or intense):--arise, cast (out), X dung, lay, lie, pour, put (up), send, strike, throw (down), thrust. Compare 4496. see G4496"
G907,baptizo/bap-tid'-zo,"from a derivative of 911; to immerse, submerge; to make whelmed (i.e. fully wet); used only (in the New Testament) of ceremonial ablution, especially (technically) of the ordinance of Christian baptism:--Baptist, baptize, wash. see G911"
G908,baptisma/bap'-tis-mah,from 907; baptism (technically or figuratively):--baptism. see G907
G909,baptismos/bap-tis-mos',"from 907; ablution (ceremonial or Christian):--baptism, washing. see G907"
G910,Baptistes/bap-tis-tace',"from 907; a baptizer, as an epithet of Christ's forerunner:-- Baptist. see G907"
G911,bapto/bap'-to,"a primary verb; to whelm, i.e. cover wholly with a fluid; in the New Testament only in a qualified or special sense, i.e. (literally) to moisten (a part of one's person), or (by implication) to stain (as with dye):--dip."
G912,Barabbas/bar-ab-bas',"of Chaldee origin (1347 and 5); son of Abba; Bar-abbas, an Israelite:-- Barabbas. see H1347 see H5"
G913,Barak/bar-ak',"of Hebrew origin (1301); Barak, an Israelite:--Barak. see H1301"
G926,barus/bar-ooce',"from the same as 922; weighty, i.e. (fig) burdensome, grave:--grievous, heavy, weightier. see G922"
G927,barutimos/bar-oo'-tim-os,from 926 and 5092; highly valuable:--very precious. see G926 see G5092
G928,basanizo/bas-an-id'-zo,"from 931; to torture:--pain, toil, torment, toss, vex. see G931"
G929,basanismos/bas-an-is-mos',from 928; torture:--torment. see G928
G930,basanistes/bas-an-is-tace',from 928; a torturer:--tormentor. see G928
G931,basanos/bas'-an-os,"perhaps remotely from the same as 939 (through the notion of going to the bottom); a touch-stone, i.e. (by analogy) torture:--torment. see G939"
G932,basileia/bas-il-i'-ah,"from 935; properly, royalty, i.e. (abstractly) rule, or (concretely) a realm (literally or figuratively):--kingdom, + reign. see G935"
G933,basileion/bas-il'-i-on,neuter of 934; a palace:--king's court. see G934
G934,basileios/bas-il'-i-os,from 935; kingly (in nature):--royal. see G935
G935,basileus/bas-il-yooce',"probably from 939 (through the notion of a foundation of power); a sovereign (abstractly, relatively, or figuratively):-- king. see G939"
G936,basileuo/bas-il-yoo'-o,"from 935; to rule (literally or figuratively):--king, reign. see G935"
G937,basilikos/bas-il-ee-kos',"from 935; regal (in relation), i.e. (literally) belonging to (or befitting) the sovereign (as land, dress, or a courtier), or (figuratively) preeminent:--king's, nobleman, royal. see G935"
G938,basilissa/bas-il'-is-sah,feminine from 936; a queen:--queen. see G936
G939,basis/bas'-ece,"from baino (to walk); a pace (""base""), i.e. (by implication) the foot:--foot."
G940,baskaino/bas-kah'-ee-no,"akin to 5335; to malign, i.e. (by extension) to fascinate (by false representations):--bewitch. see G5335"
G954,Beelzeboul/beh-el-zeb-ool',"of Chaldee origin (by parody on 1176); dung-god; Beelzebul, a name of Satan:--Beelzebub. see H1176"
G955,Belial/bel-ee'-al,"of Hebrew origin (1100); worthlessness; Belial, as an epithet of Satan:--Belial. see H1100"
G956,belos/bel'-os,"from 906; a missile, i.e. spear or arrow:--dart. see G906"
G957,beltion/bel-tee'-on,neuter of a compound of a derivative of 906 (used for the comparative of 18); better:--very well. see G906 see G18
G958,Beniamin/ben-ee-am-een',"of Hebrew origin (1144); Benjamin, an Israelite:--Benjamin. see H1144"
G959,Bernike/ber-nee'-kay,"from a provincial form of 5342 and 3529; victorious; Bernice, a member of the Herodian family:--Bernice. see G5342 see G3529"
G960,Beroia/ber'-oy-ah,"perhaps a provincial from a derivative of 4008 (Peroea, i.e. the region beyond the coast-line); Beroea, a place in Macedonia:--Berea. see G4008"
G961,Beroiaios/ber-oy-ah'-yos,from 960; a Beroeoean or native of Beroea:--of Berea. see G960
G962,Bethabara/bay-thab-ar-ah',"of Hebrew origin (1004 and 5679); ferry-house; Bethabara (i.e. Bethabarah), a place on the Jordan:--Bethabara. see H1004 see H5679"
G963,Bethania/bay-than-ee'-ah,"of Chaldee origin; date-house; Beth-any, a place in Palestine:-- Bethany."
G964,Bethesda/bay-thes-dah',"of Chaldee origin (compare 1004 and 2617); house of kindness; Beth-esda, a pool in Jerusalem:--Bethesda. see H1004 see H2617"
G965,Bethleem/bayth-leh-em',"of Hebrew origin (1036); Bethleem (i.e. Beth-lechem), a place in Palestine:--Bethlehem. see H1036"
G966,Bethsaida/bayth-sahee-dah',"of Chaldee origin (compare 1004 and 6719); fishing-house; Bethsaida, a place in Palestine:--Bethsaida. see H1004 see H6719 (pertaining to, things that pertain to) this life. see G980"
G983,blaberos/blab-er-os',from 984; injurious:--hurtful. see G984
G984,blapto/blap'-to,"a primary verb; properly, to hinder, i.e. (by implication) to injure:--hurt."
G985,blastano/blas-tan'-o,"from blastos (a sprout); to germinate; by implication, to yield fruit:- -bring forth, bud, spring (up)."
G986,Blastos/blas'-tos,"perhaps the same as the base of 985; Blastus, an officer of Herod Agrippa:-- Blastus. see G985"
G987,blasphemeo/blas-fay-meh'-o,"from 989; to vilify; specially, to speak impiously:--(speak) blaspheme(-er, -mously, -my), defame, rail on, revile, speak evil. see G989"
G988,blasphemia/blas-fay-me'-ah,"from 989; vilification (especially against God):--blasphemy, evil speaking, railing. see G989"
G989,blasphemos/blas'-fay-mos,"from a derivative of 984 and 5345; scurrilious, i.e. calumnious (against men), or (specially) impious (against God):--blasphemer(-mous), railing. see G984 see G5345"
G990,blemma/blem'-mah,"from 991; vision (properly concrete; by implication, abstract):-- seeing. see G991"
G991,blepo/blep'-o,"a primary verb; to look at (literally or figuratively):--behold, beware, lie, look (on, to), perceive, regard, see, sight, take heed. Compare 3700. see G3700"
G992,bleteos/blay-teh'-os,from 906; fit to be cast (i.e. applied):--must be put. see G906
G993,Boanerges/bo-an-erg-es',"of Chaldee origin (1123 and 7266); sons of commotion; Boanerges, an epithet of two of the apostles:-- Boanerges. see H1123 see H7266"
G994,boao/bo-ah'-o,"apparently a prolonged form of a primary verb; to halloo, i.e. shout (for help or in a tumultuous way):--cry."
G995,boe/bo-ay',"from 994; a halloo, i.e. call (for aid, etc.):--cry. see G994"
G1013,boulema/boo'-lay-mah,"from 1014; a resolve:--purpose, will. see G1014"
G1014,boulomai/boo'-lom-ahee,"middle voice of a primary verb; to ""will,"" i.e. (reflexively) be willing:--be disposed, minded, intend, list, (be, of own) will (-ing). Compare 2309. see G2309"
G1015,bounos/boo-nos',probably of foreign origin; a hillock:--hill.
G1016,bous/booce,"probably from the base of 1006; an ox (as grazing), i.e. an animal of that species (""beef""):--ox. see G1006"
G1017,brabeion/brab-i'-on,"from brabeus (an umpire of uncertain derivation); an award (of arbitration), i.e. (specially) a prize in the public games:--prize."
G1018,brabeuo/brab-yoo'-o,"from the same as 1017; to arbitrate, i.e. (genitive case) to govern (figuratively, prevail):--rule. see G1017"
G1019,braduno/brad-oo'-no,"from 1021; to delay:--be slack, tarry. see G1021"
G1020,braduploeo/brad-oo-plo-eh'-o,from 1021 and a prolonged form of 4126; to sail slowly:- -sail slowly. see G1021 see G4126
G1021,bradus/brad-ooce',"of uncertain affinity; slow; figuratively, dull:--slow."
G1022,bradutes/brad-oo'-tace,from 1021; tardiness:--slackness. see G1021
G1023,brachion/brakh-ee'-own,"properly, comparative of 1024, but apparently in the sense of brasso (to wield); the arm, i.e. (figuratively) strength:--arm. see G1024"
G1024,brachus/brakh-ooce',"of uncertain affinity; short (of time, place, quantity, or number):- -few words, little (space, while)."
G1025,brephos/bref'-os,"of uncertain affinity; an infant (properly, unborn) literally or figuratively:--babe, (young) child, infant."
G1026,brecho/brekh'-o,"a primary verb; to moisten (especially by a shower):--(send) rain, wash."
G1027,bronte/bron-tay',akin to bremo (to roar); thunder:--thunder(-ing).
G1045,Gad/gad,"of Hebrew origin (1410); Gad, a tribe of Israelites:--Gad. see H1410"
G1046,Gadarenos/gad-ar-ay-nos',from Gadara (a town east of the Jordan); a Gadarene or inhabitant of Gadara:--Gadarene.
G1047,gaza/gad'-zah,of foreign origin; a treasure:--treasure.
G1048,Gaza/gad'-zah,"of Hebrew origin (5804); Gazah (i.e. Azzah), a place in Palestine:-- Gaza. see H5804"
G1049,gazophulakion/gad-zof-oo-lak'-ee-on,"from 1047 and 5438; a treasure-house, i.e. a court in the temple for the collection-boxes:--treasury. see G1047 see G5438"
G1050,Gaios/gah'-ee-os,"of Latin origin; Gaius (i.e. Caius), a Christian:--Gaius."
G1051,gala/gal'-ah,of uncertain affinity; milk (figuratively):--milk.
G1052,Galates/gal-at'-ace,from 1053; a Galatian or inhabitant of Galatia:--Galatian. see G1053
G1053,Galatia/gal-at-ee'-ah,"of foreign origin; Galatia, a region of Asia:--Galatia."
G1054,Galatikos/gal-at-ee-kos',from 1053; Galatic or relating to Galatia:--of Galatia. see G1053
G1055,galene/gal-ay'-nay,of uncertain derivation; tranquillity:--calm.
G1056,Galilaia/gal-il-ah'-yah,"of Hebrew origin (1551); Galiloea (i.e. the heathen circle), a region of Palestine:--Galilee. see H1551"
G1057,Galilaios/gal-ee-lah'-yos,"from 1056; Galilean or belonging to Galilea:--Galilean, of Galilee. see G1056"
G1058,Gallion/gal-lee'-own,"of Latin origin; Gallion (i.e. Gallio), a Roman officer:--Gallio."
G1059,Gamaliel/gam-al-ee-ale',"of Hebrew origin (1583); Gamaliel (i.e. Gamliel), an Israelite:-- Gamaliel. see H1583"
G1060,gameo/gam-eh'-o,"from 1062; to wed (of either sex):--marry (a wife). see G1062 age (the period or the persons):--age, generation, nation, time. see G1085"
G1075,genealogeo/ghen-eh-al-og-eh'-o,"from 1074 and 3056; to reckon by generations, i.e. trace in genealogy:--count by descent. see G1074 see G3056"
G1076,genealogia/ghen-eh-al-og-ee'-ah,"from the same as 1075; tracing by generations, i.e. ""genealogy"":--genealogy. see G1075"
G1077,genesia/ghen-es'-ee-ah,neuter plural of a derivative of 1078; birthday ceremonies:-- birthday. see G1078
G1078,genesis/ghen'-es-is,"from the same as 1074; nativity; figuratively, nature:--generation, nature(-ral). see G1074"
G1079,genete/ghen-et-ay,feminine of a presumed derivative of the base of 1074; birth:-- birth. see G1074
G1080,gennao/ghen-nah'-o,"from a variation of 1085; to procreate (properly, of the father, but by extension of the mother); figuratively, to regenerate:--bear, beget, be born, bring forth, conceive, be delivered of, gender, make, spring. see G1085"
G1081,gennema/ghen'-nay-mah,"from 1080; offspring; by analogy, produce (literally or figuratively):--fruit, generation. see G1080"
G1082,Gennesaret/ghen-nay-sar-et',"of Hebrew origin (compare 3672); Gennesaret (i.e. Kinnereth), a lake and plain in Palestine:-- Gennesaret. see H3672"
G1083,gennesis/ghen'-nay-sis,from 1080; nativity:--birth. see G1080
G1084,gennetos/ghen-nay-tos',from 1080; born:--they that are born. see G1080
G1085,genos/ghen'-os,"from 1096; ""kin"" (abstract or concrete, literal or figurative, individual or collective):--born, country(-man), diversity, generation, kind(-red), nation, offspring, stock. see G1096"
G1086,Gergesenos/gher-ghes-ay-nos',"of Hebrew origin (1622); a Gergesene (i.e. Girgashite) (as follow, with others not thus clearly expressed):-- allow, be aware (of), feel, (have) know(-ledge), perceived, be resolved, can speak, be sure, understand."
G1098,gleukos/glyoo'-kos,"akin to 1099; sweet wine, i.e. (properly) must (fresh juice), but used of the more saccharine (and therefore highly inebriating) fermented wine:--new wine. see G1099"
G1099,glukus/gloo-koos',"of uncertain affinity; sweet (i.e. not bitter nor salt):--sweet, fresh."
G1100,glossa/gloce-sah',"of uncertain affinity; the tongue; by implication, a language (specially, one naturally unacquired):--tongue."
G1101,glossokomon/gloce-sok'-om-on,"from 1100 and the base of 2889; properly, a case (to keep mouthpieces of wind-instruments in) i.e. (by extension) a casket or (specially) purse:--bag. see G1100 see G2889"
G1102,gnapheus/gnaf-yuce',by variation for a derivative from knapto (to tease cloth); a cloth- dresser:--fuller.
G1103,gnesios/gnay'-see-os,"from the same as 1077; legitimate (of birth), i.e. genuine:--own, sincerity, true. see G1077"
G1104,gnesios/gnay-see'-ose,"adverb from 1103; genuinely, i.e. really:--naturally. see G1103"
G1105,gnophos/gnof'-os,akin to 3509; gloom (as of a storm):--blackness. see G3509
G1106,gnome/gno'-may,"from 1097; cognition, i.e. (subjectively) opinion, or (objectively) resolve (counsel, consent, etc.):--advice, + agree, judgment, mind, purpose, will. see G1097"
G1107,gnorizo/gno-rid'-zo,"from a derivative of 1097; to make known; subjectively, to know:-- certify, declare, make known, give to understand, do to wit, wot. see G1097"
G1108,gnosis/gno'-sis,"from 1097; knowing (the act), i.e. (by implication) knowledge:-- knowledge, science. see G1097"
G1109,gnostes/gnoce'-tace,from 1097; a knower:--expert. see G1097
G1125,grapho/graf'-o,"a primary verb; to ""grave"", especially to write; figuratively, to describe:--describe, write(-ing, -ten)."
G1126,graodes/grah-o'-dace,"from graus (an old woman) and 1491; crone-like, i.e. silly:--old wives'. see G1491"
G1127,gregoreuo/gray-gor-yoo'-o,"from 1453; to keep awake, i.e. watch (literally or figuratively):- -be vigilant, wake, (be) watch(-ful). see G1453"
G1128,gumnazo/goom-nad'-zo,"from 1131; to practise naked (in the games), i.e. train (figuratively):--exercise. see G1131"
G1129,gumnasia/goom-nas-ee'-ah,"from 1128; training, i.e. (figuratively) asceticism:--exercise. see G1128"
G1130,gumneteuo/goom-nayt-yoo'-o,"from a derivative of 1131; to strip, i.e. (reflexively) go poorly clad:--be naked. see G1131"
G1131,gumnos/goom-nos',"of uncertain affinity; nude (absolute or relative, literal or figurative):--naked."
G1132,gumnotes/goom-not'-ace,from 1131; nudity (absolute or comparative):--nakedness. see G1131
G1133,gunaikarion/goo-nahee-kar'-ee-on,a diminutive from 1135; a little (i.e. foolish) woman:- -silly woman. see G1135
G1134,gunaikeios/goo-nahee-ki'-os,from 1135; feminine:--wife. see G1135
G1135,gune/goo-nay',"probably from the base of 1096; a woman; specially, a wife:--wife, woman. see G1096"
G1136,Gog/gogue,"of Hebrew origin (1463); Gog, a symbolic name for some future Antichrist:-- Gog. see H1463"
G1137,gonia/go-nee'-ah,"probably akin to 1119; an angle:--corner, quarter. see G1119"
G1138,Dabid/dab-eed',"of Hebrew origin (1732); Dabid (i.e. David), the Israelite king:-- David. see H1732"
G1139,daimonizomai/dahee-mon-id'-zom- ahee,middle voice from 1142; to be exercised by a
G1155,daneizo/dan-ide'-zo,"from 1156; to loan on interest; reflexively, to borrow:--borrow, lend. see G1156"
G1156,daneion/dan'-i-on,from danos (a gift); probably akin to the base of 1325; a loan:--debt. see G1325
G1157,daneistes/dan-ice-tace',from 1155; a lender:--creditor. see G1155
G1158,Daniel/dan-ee-ale',"of Hebrew origin (1840); Daniel, an Israelite:--Daniel. see H1840"
G1159,dapanao/dap-an-ah'-o,"from 1160; to expend, i.e. (in a good sense) to incur cost, or (in a bad one) to waste:--be at charges, consume, spend. see G1160"
G1160,dapane/dap-an'-ay,from dapto (to devour); expense (as consuming):--cost.
G1161,de/deh,"a primary particle (adversative or continuative); but, and, etc.:--also, and, but, moreover, now (often unexpressed in English)."
G1162,deesis/deh'-ay-sis,"from 1189; a petition:--prayer, request, supplication. see G1189"
G1163,dei/die,"3d person singular active present of 1210; also deon deh-on'; neuter active participle of the same; both used impersonally; it is (was, etc.) necessary (as binding):--behoved, be meet, must (needs), (be) need(-ful), ought, should. see G1210"
G1164,deigma/digh'-mah,from the base of 1166; a specimen (as shown):--example. see G1166
G1165,deigmatizo/digh-mat-id'-zo,from 1164; to exhibit:--make a shew. see G1164
G1166,deiknuo/dike-noo'-o,a prolonged form of an obsolete primary of the same meaning; to show (literally or figuratively):--shew.
G1167,deilia/di-lee'-ah,from 1169; timidity:-- fear. see G1169
G1168,deiliao/di-lee-ah'-o,from 1167; to be timid:--be afraid. see G1167
G1169,deilos/di-los',"from deos (dread); timid, i.e. (by implication) faithless:--fearful."
G1170,deina/di'-nah,probably from the same as 1171 (through the idea of forgetting the name as
G1185,deleazo/del-eh-ad'-zo,"from the base of 1388; to entrap, i.e. (figuratively) delude:--allure, beguile, entice. see G1388"
G1186,dendron/den'-dron,probably from drus (an oak); a tree:--tree.
G1187,dexiolabos/dex-ee-ol-ab'-os,from 1188 and 2983; a guardsman (as if taking the right) or light-armed soldier:--spearman. see G1188 see G2983
G1188,dexios/dex-ee-os',"from 1209; the right side or (feminine) hand (as that which usually takes):--right (hand, side). see G1209"
G1189,deomai/deh'-om-ahee,"middle voice of 1210; to beg (as binding oneself), i.e. petition:-- beseech, pray (to), make request. Compare 4441. see G1210 see G4441"
G1190,Derbaios/der-bah'-ee-os,from 1191; a Derbæan or inhabitant of Derbe:--of Derbe. see G1191
G1191,Derbe/der-bay',"of foreign origin; Derbe, a place in Asia Minor:--Derbe."
G1192,derma/der'-mah,from 1194; a hide:-- skin. see G1194
G1193,dermatinos/der-mat'-ee-nos,"from 1192; made of hide:--leathern, of a skin. see G1192"
G1194,dero/der'-o,"a primary verb; properly, to flay, i.e. (by implication) to scourge, or (by analogy) to thrash:--beat, smite."
G1195,desmeuo/des-myoo'-o,"from a (presumed) derivative of 1196; to be a binder (captor), i.e. to enchain (a prisoner), to tie on (a load):-- bind. see G1196"
G1196,desmeo/des-meh'-o,"from 1199; to tie, i.e. shackle:--bind. see G1199"
G1197,desme/des-may',from 1196; a bundle:-- bundle. see G1196
G1198,desmios/des'-mee-os,"from 1199; a captive (as bound):--in bonds, prisoner. see G1199"
G1199,desmon/des-mon',"neuter and masculine respectively from 1210; a band, i.e. ligament (of the body) or shackle (of a prisoner); figuratively, an impediment or disability:--band, bond, chain, string. see G1210"
G1212,delos/day'-los,"of uncertain derivation; clear:--+ bewray, certain, evident, manifest."
G1213,deloo/day-lo'-o,"from 1212; to make plain (by words):--declare, shew, signify. see G1212"
G1214,Demas/day-mas',"probably for 1216; Demas, a Christian:--Demas. see G1216"
G1215,demexoreo/day-may-gor-eh'-o,"from a compound of 1218 and 58; to be a people-gatherer, i.e. to address a public assembly:--make an oration. see G1218 see G58"
G1216,Demetrios/day-may'-tree-os,"from Demeter (Ceres); Demetrius, the name of an Ephesian and of a Christian:--Demetrius."
G1217,demiourgos/day-me-oor-gos',"from 1218 and 2041; a worker for the people, i.e. mechanic (spoken of the Creator):--maker. see G1218 see G2041"
G1218,demos/day'-mos,from 1210; the public (as bound together socially):--people. see G1210
G1219,demosios/day-mos'ee-os,"from 1218; public; (feminine singular dative case as adverb) in public:--common, openly, publickly. see G1218"
G1220,denarion/day-nar'-ee-on,"of Latin origin; a denarius (or ten asses):--pence, penny(- worth)."
G1221,depote/day'-pot-eh,"from 1211 and 4218; a particle of generalization; indeed, at any time:--(what-)soever. see G1211 see G4218"
G1222,depou/day'-poo,from 1211 and 4225; a particle of asseveration; indeed doubtless:--verily. see G1211 see G4225
G1223,dia/dee-ah',"a primary preposition denoting the channel of an act; through (in very wide applications, local, causal, or occasional):-- after, always, among, at, to avoid, because of (that), briefly, by, for (cause) ... fore, from, in, by occasion of, of, by reason of, for sake, that, thereby, therefore, X though, through(-out), to, wherefore, with (-in). In composition it retains the same general importance. (figuratively) succeed to:--come after. see G1223 see G1209"
G1238,diadema/dee-ad'-ay-mah,"from a compound of 1223 and 1210; a ""diadem"" (as bound about the head):--crown. Compare 4735. see G1223 see G1210 see G4735"
G1239,diadidomai/dee-ad-id'-o-mee,"from 1223 and 1325; to give throughout a crowd, i.e. deal out; also to deliver over (as to a successor):--(make) distribute(-ion), divide, give. see G1223 see G1325"
G1240,diadochos/dee-ad'-okh-os,from 1237; a successor in office:--room. see G1237
G1241,diazonnumi/dee-az-own'-noo-mee,from 1223 and 2224; to gird tightly:--gird. see G1223 see G2224
G1242,diatheke/dee-ath-ay'-kay,"from 1303; properly, a disposition, i.e. (specially) a contract (especially a devisory will):--covenant, testament. see G1303"
G1243,diairesis/dee-ah'-ee-res-is,"from 1244; a distinction or (concretely) variety:--difference, diversity. see G1244"
G1244,diaireo/dee-ahee-reh'-o,"from 1223 and 138; to separate, i.e. distribute:--divide. see G1223 see G138"
G1245,diakatharizo/dee-ak-ath-ar-id'-zo,"from 1223 and 2511; to cleanse perfectly, i.e. (specially) winnow:--thoroughly purge. see G1223 see G2511"
G1246,diakatelegchomai/dee-ak-at-el-eng'- khom-ahee,"middle voice from 1223 and a compound of 2596 and 1651; to prove downright, i.e. confute:--convince. see G1223 see G2596 see G1651"
G1247,diakoneo/dee-ak-on-eh'-o,"from 1249; to be an attendant, i.e. wait upon (menially or as a host, friend, or (figuratively) teacher); technically, to act as a Christian deacon:--(ad-)minister (unto), serve, use the office of a deacon. see G1249"
G1248,diakonia/dee-ak-on-ee'-ah,"from 1249; attendance (as a servant, etc.); figuratively (eleemosynary) aid, (official) service (especially of the Christian teacher, or technically of the"
G1258,dialektos/dee-al'-ek-tos,"from 1256; a (mode of) discourse, i.e. ""dialect"":--language, tongue. see G1256"
G1259,diallasso/dee-al-las'-so,"from 1223 and 236; to change thoroughly, i.e. (mentally) to conciliate:--reconcile. see G1223 see G236"
G1260,dialogizomai/dee-al-og-id'-zom-ahee,"from 1223 and 3049; to reckon thoroughly, i.e. (genitive case) to deliberate (by reflection or discussion):--cast in mind, consider, dispute, muse, reason, think. see G1223 see G3049"
G1261,dialogismos/dee-al-og-is-mos',"from 1260; discussion, i.e. (internal) consideration (by implication, purpose), or (external) debate:--dispute, doubtful(-ing), imagination, reasoning, thought. see G1260"
G1262,dialuo/dee-al-oo'-o,from 1223 and 3089; to dissolve utterly:--scatter. see G1223 see G3089
G1263,diamarturomai/dee-am-ar-too'-rom- ahee,"from 1223 and 3140; to attest or protest earnestly, or (by implication) hortatively:--charge, testify (unto), witness. see G1223 see G3140"
G1264,diamachomai/dee-am-akh'-om-ahee,from 1223 and 3164; to fight fiercely (in altercation):--strive. see G1223 see G3164
G1265,diameno/dee-am-en'-o,"from 1223 and 3306; to stay constantly (in being or relation):-- continue, remain. see G1223 see G3306"
G1266,diamerizo/dee-am-er-id'-zo,"from 1223 and 3307; to partition thoroughly (literally in distribution, figuratively in dissension):--cloven, divide, part. see G1223 see G3307"
G1267,diamerismos/dee-am-er-is-mos',from 1266; disunion (of opinion and conduct):--division. see G1266
G1268,dianemo/dee-an-em'-o,"from 1223 and the base of 3551; to distribute, i.e. (of information) to disseminate:--spread. see G1223 see G3551"
G1269,dianeuo/dee-an-yoo'-o,"from 1223 and 3506; to nod (or express by signs) across an intervening space:--beckon. see G1223 see G3506 occupy oneself, i.e. (transitively and by implication) to earn in business:--gain by trading. see G1223 see G4231"
G1282,diaprio/dee-ap-ree'-o,"from 1223 and the base of 4249; to saw asunder, i.e. (figuratively) to exasperate:--cut (to the heart). see G1223 see G4249"
G1283,diarpazo/dee-ar-pad'-zo,"from 1223 and 726; to seize asunder, i.e. plunder:--spoil. see G1223 see G726"
G1284,diarrhesso/dee-ar-hrayce'-so,"from 1223 and 4486; to tear asunder:--break, rend. see G1223 see G4486"
G1285,diasapheo/dee-as-af-eh'-o,"from 1223 and saphes (clear); to clear thoroughly, i.e. (figuratively) declare:--tell unto. see G1223"
G1286,diaseio/dee-as-i'-o,"from 1223 and 4579; to shake thoroughly, i.e. (figuratively) to intimidate:--do violence to. see G1223 see G4579"
G1287,diaskorpizo/dee-as-kor-pid'-zo,"from 1223 and 4650; to dissipate, i.e. (genitive case) to rout or separate; specially, to winnow; figuratively, to squander:--disperse, scatter (abroad), strew, waste. see G1223 see G4650"
G1288,diaspao/dee-as-pah'-o,"from 1223 and 4685; to draw apart, i.e. sever or dismember:--pluck asunder, pull in pieces. see G1223 see G4685"
G1289,diaspeiro/dee-as-pi'-ro,"from 1223 and 4687; to sow throughout, i.e. (figuratively) distribute in foreign lands:--scatter abroad. see G1223 see G4687"
G1290,diaspora/dee-as-por-ah',"from 1289; dispersion, i.e. (specially and concretely) the (converted) Israelite resident in Gentile countries:-- (which are) scattered (abroad). see G1289"
G1291,diastellomai/dee-as-tel'-lom-ahee,"middle voice from 1223 and 4724; to set (oneself) apart (figuratively, distinguish), i.e. (by implication) to enjoin:--charge, that which was (give) commanded(-ment). see G1223 see G4724"
G1292,diastema/dee-as'-tay-mah,"from 1339; an interval:--space. see G1339 remain:--abide, be, continue, tarry. see G1223 see G5147"
G1305,diatrophe/dee-at-rof-ay',from a compound of 1223 and 5142; nourishment:--food. see G1223 see G5142
G1306,diaugazo/dee-ow-gad'-zo,"from 1223 and 826; to glimmer through, i.e. break (as day):-- dawn. see G1223 see G826"
G1307,diaphanes/dee-af-an-ace',"from 1223 and 5316; appearing through, i.e. ""diaphanous"":-- transparent. see G1223 see G5316"
G1308,diaphero/dee-af-er'-o,"from 1223 and 5342; to bear through, i.e. (literally) transport; usually to bear apart, i.e. (objectively) to toss about (figuratively, report); subjectively, to ""differ"", or (by implication) surpass:--be better, carry, differ from, drive up and down, be (more) excellent, make matter, publish, be of more value. see G1223 see G5342"
G1309,diapheugo/dee-af-yoo'-go,"from 1223 and 5343; to flee through, i.e. escape:--escape. see G1223 see G5343"
G1310,diaphemizo/dee-af-ay-mid'-zo,"from 1223 and a derivative of 5345; to report thoroughly, i.e. divulgate:--blaze abroad, commonly report, spread abroad, fame. see G1223 see G5345"
G1311,diaphtheiro/dee-af-thi'-ro,"from 1225 and 5351; to rot thoroughly, i.e. (by implication) to ruin (passively, decay utterly, figuratively, pervert):--corrupt, destroy, perish. see G1225 see G5351"
G1312,diaphthora/dee-af-thor-ah',from 1311; decay:--corruption. see G1311
G1313,diaphoros/dee-af'-or-os,"from 1308; varying; also surpassing:--differing, divers, more excellent. see G1308"
G1314,diaphulasso/dee-af-oo-las'-so,"from 1223 and 5442; to guard thoroughly, i.e. protect:-- keep. see G1223 see G5442"
G1315,diacheirizomai/dee-akh-i-rid'-zom- ahee,"from 1223 and a derivative of 5495; to handle thoroughly, i.e. lay violent hands upon:--kill, slay. see G1223 see G5495 square (from which roads diverge):--highway. see G1223 see G1841"
G1328,diermeneutes/dee-er-main-yoo-tace',from 1329; an explainer:--interpreter. see G1329
G1329,diermeneuo/dee-er-main-yoo'-o,"from 1223 and 2059; to explain thoroughly, by implication, to translate:--expound, interpret(-ation). see G1223 see G2059"
G1330,dierchomai/dee-er'-khom-ahee,"from 1223 and 2064; to traverse (literally):--come, depart, go (about, abroad, everywhere, over, through, throughout), pass (by, over, through, throughout), pierce through, travel, walk through. see G1223 see G2064"
G1331,dierotao/dee-er-o-tah'-o,"from 1223 and 2065; to question throughout, i.e. ascertain by interrogation:--make enquiry foreign see G1223 see G2065"
G1332,dietes/dee-et-ace',from 1364 and 2094; of two years (in age):--two years old. see G1364 see G2094
G1333,dietia/dee-et-ee'-a,from 1332; a space of two years (biennium):--two years. see G1332
G1334,diegeomai/dee-ayg-eh'-om-ahee,"from 1223 and 2233; to relate fully:--declare, shew, tell. see G1223 see G2233"
G1335,diegesis/dee-ayg'-es-is,from 1334; a recital:--declaration. see G1334
G1336,dienekes/dee-ay-nek-es',"neuter of a compound of 1223 and a derivative of an alternate of 5342; carried through, i.e. (adverbially with 1519 and 3588 prefixed) perpetually:--+ continually, for ever. see G1223 see G5342 see G1519 see G3588"
G1337,dithalassos/dee-thal'-as-sos,"from 1364 and 2281; having two seas, i.e. a sound with a double outlet:--where two seas meet. see G1364 see G2281"
G1338,diikneomai/dee-ik-neh'-om-ahee,"from 1223 and the base of 2425; to reach through, i.e. penetrate:--pierce. see G1223 see G2425"
G1339,diistemi/dee-is'-tay-mee,"from 1223 and 2476; to stand apart, i.e. (reflexively) to"
G1353,diodeuo/dee-od-yoo'-o,"from 1223 and 3593; to travel through:--go throughout, pass through. see G1223 see G3593"
G1354,Dionusios/dee-on-oo'-see-os,"from Dionusos (Bacchus); reveller; Dionysius, an Athenian:--Dionysius."
G1355,dioper/dee-op'-er,from 1352 and 4007; on which very account:--wherefore. see G1352 see G4007
G1356,diopetes/dee-op-et'-ace,from the alternate of 2203 and the alternate of 4098; sky- fallen (i.e. an aerolite):--which fell down from Jupiter. see G2203 see G4098
G1357,diorthosis/dee-or'-tho-sis,"from a compound of 1223 and a derivative of 3717, meaning to straighten thoroughly; rectification, i.e. (specially) the Messianic restauration:--reformation. see G1223 see G3717"
G1358,diorusso/dee-or-oos'-so,from 1223 and 3736; to penetrate burglariously:--break through (up). see G1223 see G3736
G1359,Dioskouroi/dee-os'-koo-roy,"from the alternate of 2203 and a form of the base of 2877; sons of Jupiter, i.e. the twins Dioscuri:--Castor and Pollux. see G2203 see G2877"
G1360,dioti/dee-ot'-ee,"from 1223 and 3754; on the very account that, or inasmuch as:--because (that), for, therefore. see G1223 see G3754"
G1361,Diotrephes/dee-ot-ref-ace',"from the alternate of 2203 and 5142; Jove-nourished; Diotrephes, an opponent of Christianity:-- Diotrephes. see G2203 see G5142"
G1362,diplous/dip-looce',"from 1364 and (probably) the base of 4119; two-fold:--double, two-fold more. see G1364 see G4119"
G1363,diploo/dip-lo'-o,from 1362; to render two-fold:--double. see G1362
G1364,dis/dece,"adverb from 1417; twice:-- again, twice. see G1417"
G1365,distazo/dis-tad'-zo,"from 1364; properly, to duplicate, i.e. (mentally) to waver (in opinion):--doubt. see G1364"
G1379,dogmatizo/dog-mat-id'-zo,"from 1378; to prescribe by statute, i.e. (reflexively) to submit to, ceremonially rule:--be subject to ordinances. see G1378"
G1380,dokeo/dok-eh'-o,"a prolonged form of a primary verb, doko dok'-o (used only in an alternate in certain tenses; compare the base of 1166) of the same meaning; to think; by implication, to seem (truthfully or uncertainly):--be accounted, (of own) please(-ure), be of reputation, seem (good), suppose, think, trow. see G1166"
G1381,dokimazo/dok-im-ad'-zo,"from 1384; to test (literally or figuratively); by implication, to approve:--allow, discern, examine, X like, (ap- )prove, try. see G1384"
G1382,dokime/dok-ee-may',"from the same as 1384; test (abstractly or concretely); by implication, trustiness:--experience(-riment), proof, trial. see G1384"
G1383,dokimion/dok-im'-ee-on,"neuter of a presumed derivative of 1382; a testing; by implication, trustworthiness:--trial, trying. see G1382"
G1384,dokimos/dok'-ee-mos,"from 1380; properly, acceptable (current after assayal), i.e. approved:--approved, tried. see G1380"
G1385,dokos/dok-os',from 1209 (through the idea of holding up); a stick of timber:--beam. see G1209
G1386,dolios/dol'-ee-os,from 1388; guileful:-- deceitful. see G1388
G1387,dolioo/dol-ee-o'-o,from 1386; to be guileful:--use deceit. see G1386
G1388,dolos/dol'-os,"from an obsolete primary verb, dello (probably meaning to decoy; compare 1185); a trick (bait), i.e. (figuratively) wile:--craft, deceit, guile, subtilty. see G1185"
G1389,doloo/dol-o'-o,"from 1388; to ensnare, i.e. (figuratively) adulterate:--handle deceitfully. see G1388"
G1390,doma/dom'-ah,from the base of 1325; a present:--gift. see G1325
G1404,drakon/drak'-own,probably from an alternate form of derkomai (to look); a fabulous kind of serpent (perhaps as supposed to fascinate):-- dragon.
G1405,drassomai/dras'-som-ahee,"perhaps akin to the base of 1404 (through the idea of capturing); to grasp, i.e. (figuratively) entrap:--take. see G1404"
G1406,drachme/drakh-may',from 1405; a drachma or (silver) coin (as handled):--piece (of silver). see G1405
G1407,drepanon/drep'-an-on,from drepo (to pluck); a gathering hook (especially for harvesting):--sickle.
G1408,dromos/drom'-os,"from the alternate of 5143; a race, i.e. (figuratively) career:--course. see G5143"
G1409,Drousilla/droo'-sil-lah,"a feminine diminutive of Drusus (a Roman name); Drusilla, a member of the Herodian family:--Drusilla."
G1410,dunamai/doo'-nam-ahee,"of uncertain affinity; to be able or possible:--be able, can (do, + - not), could, may, might, be possible, be of power."
G1411,dunamis/doo'-nam-is,"from 1410; force (literally or figuratively); specially, miraculous power (usually by implication, a miracle itself):-- ability, abundance, meaning, might(-ily, -y, -y deed), (worker of) miracle(-s), power, strength, violence, mighty (wonderful) work. see G1410"
G1412,dunamoo/doo-nam-o'-o,from 1411; to enable:--strengthen. see G1411
G1413,dunastes/doo-nas'-tace,"from 1410; a ruler or officer:--of great authority, mighty, potentate. see G1410"
G1414,dunateo/doo-nat-eh'-o,from 1415; to be efficient (figuratively):--be mighty. see G1415
G1415,dunatos/doo-nat-os',"from 1410; powerful or capable (literally or figuratively); neuter possible:--able, could, (that is) mighty (man), possible, power, strong. see G1410"
G1416,duno/doo'-no,"prolonged forms of an obsolete primary duo doo'-o (to sink) to go ""down"":--set."
G1431,dorea/do-reh-ah',from 1435; a gratuity:--gift. see G1435
G1432,dorean/do-reh-an',"accusative case of 1431 as adverb; gratuitously (literally or figuratively):--without a cause, freely, for naught, in vain. see G1431"
G1433,doreomai/do-reh'-om-ahee,middle voice from 1435; to bestow gratuitously:--give. see G1435
G1434,dorema/do'-ray-mah,from 1433; a bestowment:--gift. see G1433
G1435,doron/do'-ron,"a present; specially, a sacrifice:--gift, offering."
G1436,ea/eh'-ah,"apparent imperative of 1439; properly, let it be, i.e. (as interjection) aha!:--let alone. see G1439"
G1437,ean/eh-an',"from 1487 and 302; a conditional particle; in case that, provided, etc.; often used in connection with other particles to denote indefiniteness or uncertainty:--before, but, except, (and) if, (if) so, (what-, whither-)soever, though, when (-soever), whether (or), to whom, (who-)so(-ever). See 3361. see G1487 see G302 see G3361"
G1438,heautou/heh-ow-too',"from a reflexive pronoun otherwise obsolete and the genitive case (dative case or accusative case) of 846; him- (her-, it-, them-, also (in conjunction with the personal pronoun of the other persons) my-, thy-, our-, your-) self (selves), etc.:--alone, her (own, -self), (he) himself, his (own), itself, one (to) another, our (thine) own(-selves), + that she had, their (own, own selves), (of) them(-selves), they, thyself, you, your (own, own conceits, own selves, -selves). see G846"
G1439,eao/eh-ah'-o,"of uncertain affinity; to let be, i.e. permit or leave alone:--commit, leave, let (alone), suffer. See also 1436. see G1436"
G1440,hebdomekonta/heb-dom-ay'-kon-tah,"from 1442 and a modified form of 1176; seventy:-- seventy, three score and ten. see G1442 see G1176"
G1454,egersis/eg'-er-sis,from 1453; a resurgence (from death):--resurrection. see G1453
G1455,egkathetos/eng-kath'-et-os,"from 1722 and a derivative of 2524; subinduced, i.e. surreptitiously suborned as a lier-in-wait:--spy. see G1722 see G2524"
G1456,egkainia/eng-kah'-ee-nee-ah,"neuter plural of a presumed compound from 1722 and 2537; innovatives, i.e. (specially) renewal (of religious services after the Antiochian interruption):--dedication. see G1722 see G2537"
G1457,egkainizo/eng-kahee-nid'-zo,"from 1456; to renew, i.e. inaugurate:--consecrate, dedicate. see G1456"
G1458,egkaleo/eng-kal-eh'-o,"from 1722 and 2564; to call in (as a debt or demand), i.e. bring to account (charge, criminate, etc.):--accuse, call in question, implead, lay to the charge. see G1722 see G2564"
G1459,egkataleipo/eng-kat-al-i'-po,"from 1722 and 2641; to leave behind in some place, i.e. (in a good sense) let remain over, or (in a bad sense) to desert:--forsake, leave. see G1722 see G2641"
G1460,egkatoikeo/eng-kat-oy-keh'-o,"from 1722 and 2730; to settle down in a place, i.e. reside:--dwell among. see G1722 see G2730"
G1461,egkentrizo/eng-ken-trid'-zo,"from 1722 and a derivative of 2759; to prick in, i.e. ingraft:-- graff in(-to). see G1722 see G2759"
G1462,egklema/eng'-klay-mah,"from 1458; an accusation, i.e. offence alleged:--crime laid against, laid to charge. see G1458"
G1463,egkomboomai/eng-kom-bo'-om-ahee,"middle voice from 1722 and komboo (to gird); to engirdle oneself (for labor), i.e. figuratively (the apron as being a badge of servitude) to wear (in token of mutual deference):--be clothed with. see G1722"
G1464,egkope/eng-kop-ay',from 1465; a hindrance:--X hinder. see G1465
G1465,egkopto/eng-kop'-to,"from 1722 and 2875; to cut into, i.e. (figuratively) impede, detain:-- hinder, be tedious unto. see G1722 see G2875"
G1479,ethelothreskeia/eth-el-oth-race-ki'-ah,"from 2309 and 2356; voluntary (arbitrary and unwarranted) piety, i.e. sanctimony:--will worship. see G2309 see G2356"
G1480,ethizo/eth-id'-zo,"from 1485; to accustom, i.e. (neuter passive participle) customary:--custom. see G1485"
G1481,ethnarches/eth-nar'-khace,from 1484 and 746; the governor (not king) of a district:-- ethnarch. see G1484 see G746
G1482,ethnikos/eth-nee-kos',"from 1484; national (""ethnic""), i.e. (specially) a Gentile:-- heathen (man). see G1484"
G1483,ethnikos/eth-nee-koce',adverb from 1482; as a Gentile:--after the manner of Gentiles. see G1482
G1484,ethnos/eth'-nos,"probably from 1486; a race (as of the same habit), i.e. a tribe; specially, a foreign (non-Jewish) one (usually, by implication, pagan):--Gentile, heathen, nation, people. see G1486"
G1485,ethos/eth'-os,"from 1486; a usage (prescribed by habit or law):--custom, manner, be wont. see G1486"
G1486,etho/eth'-o,"a primary verb; to be used (by habit or conventionality); neuter perfect participle usage:--be custom (manner, wont)."
G1487,ei/i,"a primary particle of conditionality; if, whether, that, etc.:--forasmuch as, if, that, (al- )though, whether. Often used in connection or composition with other particles, especially as in 1489, 1490, 1499, 1508, 1509, 1512, 1513, 1536, 1537. See also 1437. see G1489 see G1490 see G1499 see G1508 see G1509 see G1512 see G1513 see G1536 see G1537 see G1437"
G1488,ei/i,"second person singular present of 1510; thou art:--art, be. see G1510"
G1489,eige/i'-gheh,"from 1487 and 1065; if indeed, seeing that, unless, (with negative) otherwise:--if (so be that, yet). see G1487 see G1065"
G1490,ei/de/me(ge,"/i/deh/may'-(gheh) ) from 1487, 1161, and 3361 (sometimes with 1065 reason (or effect):--without a cause, (in) vain(-ly). see G1502"
G1501,eikosi/i'-kos-ee,of uncertain affinity; a score:--twenty.
G1502,eiko/i'-ko,"apparently a primary verb; properly, to be weak, i.e. yield:--give place."
G1503,eiko/i'-ko,apparently a primary verb (perhaps akin to 1502 through the idea of faintness as a copy); to resemble:--be like. see G1502
G1504,eikon/i-kone',"from 1503; a likeness, i.e. (literally) statue, profile, or (figuratively) representation, resemblance:--image. see G1503"
G1505,eilikrineia/i-lik-ree'-ni-ah,"from 1506; clearness, i.e. (by implication) purity (figuratively):- -sincerity. see G1506"
G1506,eilikrines/i-lik-ree-nace',"from heile (the sun's ray) and 2919; judged by sunlight, i.e. tested as genuine (figuratively):--pure, sincere. see G2919"
G1507,heilisso/hi-lis'-so,a prolonged form of a primary but defective verb heilo (of the same meaning); to coil or wrap:--roll together. See also 1667. see G1667
G1508,ei/me/i/may,"from 1487 and 3361; if not:--but, except (that), if not, more than, save (only) that, saving, till. see G1487 see G3361"
G1509,ei/me/ti/i/may/tee,from 1508 and the neuter of 5100; if not somewhat:--except. see G1508 see G5100
G1510,eimi/i-mee',"the first person singular present indicative; a prolonged form of a primary and defective verb; I exist (used only when emphatic):--am, have been, X it is I, was. See also 1488, 1498, 1511, 1527, 2258, 2071, 2070, 2075, 2076, 2771, 2468, 5600. see G1488 see G1498 see G1511 see G1527 see G2258 see G2071 see G2070 see G2075 see G2076 see G2771 see G2468 see G5600"
G1511,einai/i'-nahee,"present infinitive from 1510; to exist:--am, was. come, is, X lust after, X please well, there is, to be, was. see G1510"
G1522,eisakouo/ice-ak-oo'-o,from 1519 and 191; to listen to:--hear. see G1519 see G191
G1523,eisdechomai/ice-dekh'-om-ahee,from 1519 and 1209; to take into one's favor:--receive. see G1519 see G1209
G1524,eiseimi/ice'-i-mee,from 1519 and eimi (to go); to enter:--enter (go) into. see G1519
G1525,eiserchomai/ice-er'-khom-ahee,"from 1519 and 2064; to enter (literally or figuratively):-- X arise, come (in, into), enter in(-to), go in (through). see G1519 see G2064"
G1526,eisi/i-see',"3d person plural present indicative of 1510; they are:--agree, are, be, dure, X is, were. see G1510"
G1527,heis kath heis/hice kath hice,from 1520 repeated with 2596 inserted; severally:--one by one. see G1520 see G2596
G1528,eiskaleo/ice-kal-eh'-o,from 1519 and 2564; to invite in:--call in. see G1519 see G2564
G1529,eisodos/ice'-od-os,"from 1519 and 3598; an entrance (literally or figuratively):--coming, enter(-ing) in (to). see G1519 see G3598"
G1530,eispedao/ice-pay-dah'-o,from 1519 and pedao (to leap); to rush in:--run (spring) in. see G1519
G1531,eisporeuomai/ice-por-yoo'-om-ahee,"from 1519 and 4198; to enter (literally or figuratively):--come (enter) in, go into. see G1519 see G4198"
G1532,eistrecho/ice-trekh'-o,from 1519 and 5143; to hasten inward:--run in. see G1519 see G5143
G1533,eisphero/ice-fer'-o,"from 1519 and 5342; to carry inward (literally or figuratively):-- bring (in), lead into. see G1519 see G5342"
G1534,eita/i'-tah,"of uncertain affinity; a particle of succession (in time or logical enumeration), then, moreover:--after that(-ward), furthermore, then. See also 1899. see G1899"
G1535,eite/i'-teh,"from 1487 and 5037; if too:-- if, or, whether. see G1487 see G5037"
G1546,ekbloe/ek-bol-ay',"from 1544; ejection, i.e. (specially) a throwing overboard of the cargo:-- + lighten the ship. see G1544"
G1547,ekgamizo/ek-gam-id'-zo,from 1537 and a form of 1061 (compare 1548); to marry off a daughter:--give in marriage. see G1537 see G1061 see G1548
G1548,ekgamisko/ek-gam-is'-ko,from 1537 and 1061; the same as 1547:--give in marriage. see G1537 see G1061
G1549,ekgonon/ek'-gon-on,"neuter of a derivative of a compound of 1537 and 1096; a descendant, i.e. (specially) grandchild:--nephew. see G1537 see G1096"
G1550,ekdapanao/ek-dap-an-ah'-o,"from 1537 and 1159; to expend (wholly), i.e. (figuratively) exhaust:--spend. see G1537 see G1159"
G1551,ekdechomai/ek-dekh'-om-ahee,"from 1537 and 1209; to accept from some source, i.e. (by implication) to await:--expect, look (tarry) for, wait (for). see G1537 see G1209"
G1552,ekdelos/ek'-day-los,from 1537 and 1212; wholly evident:--manifest. see G1537 see G1212
G1553,ekdemeo/ek-day-meh'-o,"from a compound of 1537 and 1218; to emigrate, i.e. (figuratively) vacate or quit:--be absent. see G1537 see G1218"
G1554,ekdidomi/ek-did-o'-mee,"from 1537 and 1325; to give forth, i.e. (specially) to lease:--let forth (out). see G1537 see G1325"
G1555,ekdiegeomai/ek-dee-ayg-eh'-om-ahee,from 1537 and a compound of 1223 and 2233; to narrate through wholly:--declare. see G1537 see G1223 see G2233
G1556,ekdikeo/ek-dik-eh'-o,"from 1558; to vindicate, retaliate, punish:--a (re-)venge. see G1558"
G1557,ekdikesis/ek-dik'-ay-sis,"from 1556; vindication, retribution:--(a-, re-)venge(-ance), punishment. see G1556"
G1572,ekkaio/ek-kah'-yo,from 1537 and 2545; to inflame deeply:--burn. see G1537 see G2545
G1573,ekkakeo/ek-kak-eh'-o,"from 1537 and 2556; to be (bad or) weak, i.e. (by implication) to fail (in heart):--faint, be weary. see G1537 see G2556"
G1574,ekkenteo/ek-ken-teh'-o,from 1537 and the base of 2759; to transfix:--pierce. see G1537 see G2759
G1575,ekklao/ek-klah'-o,from 1537 and 2806; to exscind:--break off. see G1537 see G2806
G1576,ekkleio/ek-kli'-o,from 1537 and 2808; to shut out (literally or figuratively):--exclude. see G1537 see G2808
G1577,ekklesia/ek-klay-see'-ah,"from a compound of 1537 and a derivative of 2564; a calling out, i.e. (concretely) a popular meeting, especially a religious congregation (Jewish synagogue, or Christian community of members on earth or saints in heaven or both):--assembly, church. see G1537 see G2564"
G1578,ekklino/ek-klee'-no,"from 1537 and 2827; to deviate, i.e. (absolutely) to shun (literally or figuratively), or (relatively) to decline (from piety):--avoid, eschew, go out of the way. see G1537 see G2827"
G1579,ekkolumbao/ek-kol-oom-bah'-o,from 1537 and 2860; to escape by swimming:--swim out. see G1537 see G2860
G1580,ekkomizo/ek-kom-id'-zo,from 1537 and 2865; to bear forth (to burial):--carry out. see G1537 see G2865
G1581,ekkopto/ek-kop'-to,"from 1537 and 2875; to exscind; figuratively, to frustrate:--cut down (off, out), hew down, hinder. see G1537 see G2875"
G1582,ekkremamai/ek-krem'-am-ahee,"middle voice from 1537 and 2910; to hang upon the lips of a speaker, i.e. listen closely:--be very attentive. see G1537 see G2910"
G1583,eklaleo/ek-lal-eh'-o,from 1537 and 2980; to divulge:--tell. see G1537 see G2980
G1598,ekpeirazo/ek-pi-rad'-zo,from 1537 and 3985; to test thoroughly:--tempt. see G1537 see G3985
G1599,ekpempo/ek-pem'-po,from 1537 and 3992; to despatch:--send away (forth). see G1537 see G3992
G1600,ekpetannumi/ek-pet-an'-noo-mee,"from 1537 and a form of 4072; to fly out, i.e. (by analogy) to extend:--stretch forth. see G1537 see G4072"
G1601,ekpipto/ek-pip'-to,"from 1537 and 4098; to drop away; specially, be driven out of one's course; figuratively, to lose, become inefficient:--be cast, fail, fall (away, off), take none effect. see G1537 see G4098"
G1602,ekpleo/ek-pleh'-o,"from 1537 and 4126; to depart by ship:--sail (away, thence). see G1537 see G4126"
G1603,ekpleroo/ek-play-ro'-o,from 1537 and 4137; to accomplish entirely:--fulfill. see G1537 see G4137
G1604,ekplerosis/ek-play'-ro-sis,from 1603; completion:--accomplishment. see G1603
G1605,ekplesso/ek-place'-so,"from 1537 and 4141; to strike with astonishment:--amaze, astonish. see G1537 see G4141"
G1606,ekpneo/ek-pneh'-o,from 1537 and 4154; to expire:--give up the ghost. see G1537 see G4154
G1607,ekporeuomai/ek-por-yoo'-om-ahee,"from 1537 and 4198; to depart, be discharged, proceed, project:--come (forth, out of), depart, go (forth, out), issue, proceed (out of). see G1537 see G4198"
G1608,ekporneuo/ek-porn-yoo'-o,from 1537 and 4203; to be utterly unchaste:--give self over to fornication. see G1537 see G4203
G1609,ekptuo/ek-ptoo'-o,"from 1537 and 4429; to spit out, i.e. (figuratively) spurn:--reject. see G1537 see G4429"
G1610,ekrizoo/ek-rid-zo'-o,"from 1537 and 4492; to uproot:--pluck up by the root, root up. see G1537 see G4492 cherish or train:--bring up, nourish. see G1537 see G5142"
G1626,ektroma/ek'-tro-mah,"from a comparative of 1537 and titrosko (to wound); a miscarriage (abortion), i.e. (by analogy) untimely birth:--born out of due time. see G1537"
G1627,ekphero/ek-fer'-o,"from 1537 and 5342; to bear out (literally or figuratively):--bear, bring forth, carry forth (out). see G1537 see G5342"
G1628,ekpheugo/ek-fyoo'-go,"from 1537 and 5343; to flee out:--escape, flee. see G1537 see G5343"
G1629,ekphobeo/ek-fob-eh'-o,from 1537 and 5399; to frighten utterly:--terrify. see G1537 see G5399
G1630,ekphobos/ek'-fob-os,"from 1537 and 5401; frightened out of one's wits: sore afraid, exceedingly fear. see G1537 see G5401"
G1631,ekphuo/ek-foo'-o,from 1537 and 5453; to sprout up:--put forth. see G1537 see G5453
G1632,"ekcheo/ek-kheh'-o, or (by variation",") from 1537 and cheo (to pour); to pour forth; figuratively, to bestow:--gush (pour) out, run greedily (out), shed (abroad, forth), spill. see G1537"
G1633,ekchoreo/ek-kho-reh'-o,from 1537 and 5562; to depart:--depart out. see G1537 see G5562
G1634,ekpsucho/ek-psoo'-kho,from 1537 and 5594; to expire:--give (yield) up the ghost. see G1537 see G5594
G1635,hekon/hek-own',of uncertain affinity; voluntary:--willingly.
G1636,elaia/el-ah'-yah,"feminine of a presumed derivative from an obsolete primary; an olive (the tree or the fruit):--olive (berry, tree)."
G1637,elaion/el'-ah-yon,neuter of the same as 1636; olive oil:--oil. see G1636
G1638,elaion/el-ah-yone',"from 1636; an olive- orchard, i.e. (specially) the Mount of Olives:-- Olivet. see G1636"
G1639,Elamites/el-am-ee'-tace,"of Hebrew origin (5867); an Elamite or Persian:--Elamite. see H5867 towards the poor) beneficence, or (concretely) a benefaction:--alms(-deeds). see G1656"
G1655,eleemon/el-eh-ay'-mone,from 1653; compassionate (actively):--merciful. see G1653
G1656,eleos/el'-eh-os,"of uncertain affinity; compassion (human or divine, especially active):-- (+ tender) mercy."
G1657,eleutheria/el-yoo-ther-ee'-ah,"from 1658; freedom (legitimate or licentious, chiefly moral or ceremonial):--liberty. see G1658"
G1658,eleutheros/el-yoo'-ther-os,"probably from the alternate of 2064; unrestrained (to go at pleasure), i.e. (as a citizen) not a slave (whether freeborn or manumitted), or (genitive case) exempt (from obligation or liability):--free (man, woman), at liberty. see G2064"
G1659,eleutheroo/el-yoo-ther-o'-o,"from 1658; to liberate, i.e. (figuratively) to exempt (from moral, ceremonial or mortal liability):--deliver, make free. see G1658"
G1660,eleusis/el'-yoo-sis,from the alternate of 2064; an advent:--coming. see G2064
G1661,elephantinos/el-ef-an'-tee-nos,"from elephas (an ""elephant""); elephantine, i.e. (by implication) composed of ivory:--of ivory."
G1662,Eliakeim/el-ee-ak-ime',"of Hebrew origin (471); Eliakim, an Israelite:--Eliakim. see H471"
G1663,Eliezer/el-ee-ed'-zer,"of Hebrew origin (461); Eliezer, an Israelite:--Eliezer. see H461"
G1664,Elioud/el-ee-ood',"of Hebrew origin (410 and 1935); God of majesty; Eliud, an Israelite:--Eliud. see H410 see H1935"
G1665,Elisabet/el-ee-sab'-et,"of Hebrew origin (472); Elisabet, an Israelitess:--Elisabeth. see H472"
G1666,Elissaios/el-is-sah'-yos,"of Hebrew origin (477); Elissaeus, an Israelite:--Elissaeus. see H477"
G1667,helisso/hel-is'-so,a form of 1507; to coil or wrap:--fold up. see G1507
G1668,helkos/hel'-kos,probably from 1670; an ulcer (as if drawn together):--sore. see G1670
G1683,emautou/em-ow-too',"genitive case compound of 1700 and 846; of myself so likewise the dative case emautoi em-ow-to', and accusative case emauton em-ow-ton' :--me, mine own (self), myself. see G1700 see G846"
G1684,embaino/em-ba'-hee-no,"from 1722 and the base of 939; to walk on, i.e. embark (aboard a vessel), reach (a pool):--come (get) into, enter (into), go (up) into, step in, take ship. see G1722 see G939"
G1685,emballo/em-bal'-lo,"from 1722 and 906; to throw on, i.e. (figuratively) subject to (eternal punishment):--cast into. see G1722 see G906"
G1686,embapto/em-bap'-to,"from 1722 and 911; to whelm on, i.e. wet (a part of the person, etc.) by contact with a fluid:--dip. see G1722 see G911"
G1687,embateuo/em-bat-yoo'-o,from 1722 and a presumed derivative of the base of 939; equivalent to 1684; to intrude on (figuratively):-- intrude into. see G1722 see G939 see G1684
G1688,embibazo/em-bib-ad'-zo,"from 1722 and bibazo (to mount; causative of 1684); to place on, i.e. transfer (aboard a vessel):--put in. see G1722 see G1684"
G1689,emblepo/em-blep'-o,"from 1722 and 991; to look on, i.e. (relatively) to observe fixedly, or (absolutely) to discern clearly:--behold, gaze up, look upon, (could) see. see G1722 see G991"
G1690,embrimaomai/em-brim-ah'-om-ahee,"from 1722 and brimaomai (to snort with anger); to have indignation on, i.e. (transitively) to blame, (intransitively) to sigh with chagrin, (specially) to sternly enjoin:--straitly charge, groan, murmur against. see G1722"
G1691,eme/em-eh',"a prolonged form of 3165; me:--I, me, my(-self). see G3165"
G1692,emeo/em-eh'-o,of uncertain affinity; to vomit:--(will) spue.
G1693,emmainomai/em-mah'-ee-nom-ahee,"from 1722 and 3105; to rave on, i.e. rage at:--be mad against. see G1722 see G3105"
G1708,emploke/em-plok-ay',from 1707; elaborate braiding of the hair:--plaiting. see G1707
G1709,empneo/emp-neh'-o,"from 1722 and 4154; to inhale, i.e. (figuratively) to be animated by (bent upon):--breathe. see G1722 see G4154"
G1710,emporeuomai/em-por-yoo'-om-ahee,"from 1722 and 4198; to travel in (a country as a pedlar), i.e. (by implication) to trade:--buy and sell, make merchandise. see G1722 see G4198"
G1711,emporia/em-por-ee'-ah,feminine from 1713; traffic:--merchandise. see G1713
G1712,emporion/em-por'-ee-on,"neuter from 1713; a mart (""emporium""):--merchandise. see G1713"
G1713,emporos/em'-por-os,from 1722 and the base of 4198; a (wholesale) tradesman:--merchant. see G1722 see G4198
G1714,empretho/em-pray'-tho,"from 1722 and pretho (to blow a flame); to enkindle, i.e. set on fire:--burn up. see G1722"
G1715,emprosthen/em'-pros-then,"from 1722 and 4314; in front of (in place (literally or figuratively) or time):--against, at, before, (in presence, sight) of. see G1722 see G4314"
G1716,emptuo/emp-too'-o,from 1722 and 4429; to spit at or on:--spit (upon). see G1722 see G4429
G1717,emphanes/em-fan-ace',"from a compound of 1722 and 5316; apparent in self:-- manifest, openly. see G1722 see G5316"
G1718,emphanizo/em-fan-id'-zo,"from 1717; to exhibit (in person) or disclose (by words):-- appear, declare (plainly), inform, (will) manifest, shew, signify. see G1717"
G1719,emphobos/em'-fob-os,"from 1722 and 5401; in fear, i.e. alarmed:--affrighted, afraid, tremble. see G1722 see G5401"
G1720,emphusao/em-foo-sah'-o,from 1722 and phusao (to puff) (compare 5453); to blow at or on:--breathe on. see G1722 see G5453
G1721,emphutos/em'-foo-tos,from 1722 and a derivative of 5453; implanted (figuratively):-- engrafted. see G1722 see G5453
G1731,endeiknumi/en-dike'-noo-mee,"from 1722 and 1166; to indicate (by word or act):--do, show (forth). see G1722 see G1166"
G1732,endeixis/en'-dike-sis,"from 1731; indication (abstractly):--declare, evident token, proof. see G1731"
G1733,hendeka/hen'-dek-ah,"from (the neuter of) 1520 and 1176; one and ten, i.e. eleven:--eleven. see G1520 see G1176"
G1734,hendekatos/hen-dek'-at-os,ordinal from 1733; eleventh:--eleventh. see G1733
G1735,endechetai/en-dekh'-et-ahee,"third person singular present of a compound of 1722 and 1209; (impersonally) it is accepted in, i.e. admitted (possible):--can (+ not) be. see G1722 see G1209"
G1736,endemeo/en-day-meh'-o,"from a compound of 1722 and 1218; to be in one's own country, i.e. home (figuratively):--be at home (present). see G1722 see G1218"
G1737,endidusko/en-did-oos'-ko,"a prolonged form of 1746; to invest (with a garment):--clothe in, wear. see G1746"
G1738,endikos/en'-dee-kos,"from 1722 and 1349; in the right, i.e. equitable:--just. see G1722 see G1349"
G1739,endomesis/en-dom'-ay-sis,"from a compound of 1722 and a derivative of the base of 1218; a housing in (residence), i.e. structure:-- building. see G1722 see G1218"
G1740,edoxazo/en-dox-ad'-zo,from 1741; to glorify:--glorify. see G1741
G1741,endoxos/en'-dox-os,"from 1722 and 1391; in glory, i.e. splendid, (figuratively) noble:-- glorious, gorgeous(-ly), honourable. see G1722 see G1391"
G1742,enduma/en'-doo-mah,"from 1746; apparel (especially the outer robe):--clothing, garment, raiment. see G1746"
G1743,endunamoo/en-doo-nam-o'-o,"from 1722 and 1412; to empower:--enable, (increase in) strength(-en), be (make) strong. see G1722 see G1412"
G1757,eneulogeo/en-yoo-log-eh'-o,from 1722 and 2127; to confer a benefit on:--bless. see G1722 see G2127
G1758,enecho/en-ekh'-o,"from 1722 and 2192; to hold in or upon, i.e. ensnare; by implication, to keep a grudge:--entangle with, have a quarrel against, urge. see G1722 see G2192"
G1759,enthade/en-thad'-eh,"from a prolonged form of 1722; properly, within, i.e. (of place) here, hither:--(t-)here, hither. see G1722"
G1760,enthumeomai/en-thoo-meh'-om-ahee,"from a compound of 1722 and 2372; to be inspirited, i.e. ponder:--think. see G1722 see G2372"
G1761,enthumesis/en-thoo'-may-sis,"from 1760; deliberation:--device, thought. see G1760"
G1762,eni/en'-ee,"contraction for the third person singular present indicative of 1751; impersonally, there is in or among:--be, (there) is. see G1751"
G1763,eniautos/en-ee-ow-tos',prolongation from a primary enos (a year); a year:--year.
G1764,enistemi/en-is'-tay-mee,"from 1722 and 2476; to place on hand, i.e. (reflexively) impend, (participle) be instant:--come, be at hand, present. see G1722 see G2476"
G1765,enischuo/en-is-khoo'-o,from 1722 and 2480; to invigorate (transitively or reflexively):-- strengthen. see G1722 see G2480
G1766,ennatos/en'-nat-os,ordinal from 1767; ninth:--ninth. see G1767
G1767,ennea/en-neh'-ah,a primary number; nine:--nine.
G1768,ennenekontaennea/en-nen-ay-kon-tah- en-neh'-ah,from a (tenth) multiple of 1767 and 1767 itself; ninety-nine:--ninety and nine. see G1767 see G1767
G1769,enneos/en-neh-os',"from 1770; dumb (as making signs), i.e. silent from astonishment:-- speechless. see G1770"
G1770,enneuo/en-nyoo'-o,"from 1722 and 3506; to nod at, i.e. beckon or communicate by gesture:--make signs. see G1722 see G3506"
G1784,entimos/en'-tee-mos,"from 1722 and 5092; valued (figuratively):--dear, more honourable, precious, in reputation. see G1722 see G5092"
G1785,entole/en-tol-ay',"from 1781; injunction, i.e. an authoritative prescription:--commandment, precept. see G1781"
G1786,entopios/en-top'-ee-os,from 1722 and 5117; a resident:--of that place. see G1722 see G5117
G1787,entos/en-tos',from 1722; inside (adverb or noun):--within. see G1722
G1788,entrepo/en-trep'-o,"from 1722 and the base of 5157; to invert, i.e. (figuratively and reflexively) in a good sense, to respect; or in a bad one, to confound:--regard, (give) reference, shame. see G1722 see G5157"
G1789,entrepho/en-tref'-o,from 1722 and 5142; (figuratively) to educate:--nourish up in. see G1722 see G5142
G1790,entromos/en'-trom-os,"from 1722 and 5156; terrified:--X quake, X trembled. see G1722 see G5156"
G1791,entrope/en-trop-ay',from 1788; confusion:--shame. see G1788
G1792,entruphao/en-troo-fah'-o,from 1722 and 5171; to revel in:--sporting selves. see G1722 see G5171
G1793,entugchano/en-toong-khan'-o,"from 1722 and 5177; to chance upon, i.e. (by implication) confer with; by extension to entreat (in favor or against):--deal with, make intercession. see G1722 see G5177"
G1794,entulisso/en-too-lis'-so,"from 1722 and tulisso (to twist; probably akin to 1507); to entwine, i.e. wind up in:--wrap in (together). see G1722 see G1507"
G1795,entupoo/en-too-po'-o,"from 1722 and a derivative of 5179; to enstamp, i.e. engrave:-- engrave. see G1722 see G5179"
G1796,enubrizo/en-oo-brid'-zo,from 1722 and 5195; to insult:--do despite unto. see G1722 see G5195
G1811,exakoloutheo/ex-ak-ol-oo-theh'-o,"from 1537 and 190; to follow out, i.e. (figuratively) to imitate, obey, yield to:--follow. see G1537 see G190"
G1812,hexakosioi/hex-ak-os'-ee-oy,plural ordinal from 1803 and 1540; six hundred:--six hundred. see G1803 see G1540
G1813,exaleipho/ex-al-i'-fo,"from 1537 and 218; to smear out, i.e. obliterate (erase tears, figuratively, pardon sin):--blot out, wipe away. see G1537 see G218"
G1814,exallomai/ex-al'-lom-ahee,from 1537 and 242; to spring forth :--leap up. see G1537 see G242
G1815,exanastasis/ex-an-as'-tas-is,from 1817; a rising from death:--resurrection. see G1817
G1816,exanatello/ex-an-at-el'-lo,"from 1537 and 393; to start up out of the ground, i.e. germinate:--spring up. see G1537 see G393"
G1817,exanistemi/ex-an-is'-tay-mee,"from 1537 and 450; objectively, to produce, i.e. (figuratively) beget; subjectively, to arise, i.e. (figuratively) object:--raise (rise) up. see G1537 see G450"
G1818,exapatao/ex-ap-at-ah'-o,"from 1537 and 538; to seduce wholly:--beguile, deceive. see G1537 see G538"
G1819,exapina/ex-ap'-ee-nah,"from 1537 and a derivative of the same as 160; of a sudden, i.e. unexpectedly:--suddenly. Compare 1810. see G1537 see G160 see G1810"
G1820,exaporeomai/ex-ap-or-eh'-om-ahee,"middle voice from 1537 and 639; to be utterly at a loss, i.e. despond:--(in) despair. see G1537 see G639"
G1821,exapostello/ex-ap-os-tel'-lo,"from 1537 and 649; to send away forth, i.e. (on a mission) to despatch, or (peremptorily) to dismiss:--send (away, forth, out). see G1537 see G649"
G1822,exartizo/ex-ar-tid'-zo,"from 1537 and a derivative of 739; to finish out (time); figuratively, to equip fully (a teacher):--accomplish, thoroughly furnish. see G1537 see G739 questions), i.e. ascertain or interrogate:--ask, enquire, search. see G1537"
G1834,exegeomai/ex-ayg-eh'-om-ahee,"from 1537 and 2233; to consider out (aloud), i.e. rehearse, unfold:--declare, tell. see G1537 see G2233"
G1835,hexekonta/hex-ay'-kon-tah,"the tenth multiple of 1803; sixty:--sixty(-fold), threescore. see G1803"
G1836,hexes/hex-ace',"from 2192 (in the sense of taking hold of, i.e. adjoining); successive:--after, following, X morrow, next. see G2192"
G1837,execheomai/ex-ay-kheh'-om-ahee,"middle voice from 1537 and 2278; to ""echo"" forth, i.e. resound (be generally reported):--sound forth. see G1537 see G2278"
G1838,hexis/hex'-is,"from 2192; habit, i.e. (by implication) practice:--use. see G2192"
G1839,existemi/ex-is'-tay-mee,"from 1537 and 2476; to put (stand) out of wits, i.e. astound, or (reflexively) become astounded, insane:--amaze, be (make) astonished, be beside self (selves), bewitch, wonder. see G1537 see G2476"
G1840,exischuo/ex-is-khoo'-o,"from 1537 and 2480; to have full strength, i.e. be entirely competent:--be able. see G1537 see G2480"
G1841,exodos/ex'-od-os,"from 1537 and 3598; an exit, i.e. (figuratively) death:--decease, departing. see G1537 see G3598"
G1842,exolothreuo/ex-ol-oth-ryoo'-o,from 1537 and 3645; to extirpate:--destroy. see G1537 see G3645
G1843,exomologeo/ex-om-ol-og-eh'-o,"from 1537 and 3670; to acknowledge or (by implication, of assent) agree fully:--confess, profess, promise. see G1537 see G3670"
G1844,exorkizo/ex-or-kid'-zo,"from 1537 and 3726; to exact an oath, i.e. conjure:--adjure. see G1537 see G3726"
G1845,exorkistes/ex-or-kis-tace',"from 1844; one that binds by an oath (or spell), i.e. (by implication) an ""exorcist"" (conjurer):--exorcist. see G1844"
G1859,heorte/heh-or-tay',"of uncertain affinity; a festival:--feast, holyday."
G1860,epaggelia/ep-ang-el-ee'-ah,"from 1861; an announcement (for information, assent or pledge; especially a divine assurance of good):--message, promise. see G1861"
G1861,epaggello/ep-ang-el'-lo,"from 1909 and the base of 32; to announce upon (reflexively), i.e. (by implication) to engage to do something, to assert something respecting oneself:--profess, (make) promise. see G1909 see G32"
G1862,epaggelma/ep-ang'-el-mah,from 1861; a self-committal (by assurance of conferring some good):--promise. see G1861
G1863,epago/ep-ag'-o,"from 1909 and 71; to superinduce, i.e. inflict (an evil), charge (a crime):-- bring upon. see G1909 see G71"
G1864,epagonizomai/ep-ag-o-nid'-zom-ahee,from 1909 and 75; to struggle for:--earnestly contend foreign see G1909 see G75
G1865,epathroizo/ep-ath-roid'-zo,from 1909 and athroizo (to assemble); to accumulate:--gather thick together. see G1909
G1866,Epainetos/ep-a'-hee-net-os,"from 1867; praised; Epaenetus, a Christian:--Epenetus. see G1867"
G1867,epaineo/ep-ahee-neh'-o,"from 1909 and 134; to applaud:--commend, laud, praise. see G1909 see G134"
G1868,epainos/ep'-ahee-nos,"from 1909 and the base of 134; laudation; concretely, a commendable thing:--praise. see G1909 see G134"
G1869,epairo/ep-ahee'-ro,"from 1909 and 142; to raise up (literally or figuratively):--exalt self, poise (lift, take) up. see G1909 see G142"
G1870,epaischunomai/ep-ahee-skhoo'-nom- ahee,from 1909 and 153; to feel shame for something:--be ashamed. see G1909 see G153
G1871,epaiteo/ep-ahee-teh'-o,from 1909 and 154; to ask for:--beg. see G1909 see G154
G1872,epakoloutheo/ep-ak-ol-oo-theh'-o,from 1909 and 190; to accompany:--follow (after). see G1909 see G190
G1885,eparchia/ep-ar-khee'-ah,"from a compound of 1909 and 757 (meaning a governor of a district, ""eparch""); a special region of government, i.e. a Roman præfecture:--province. see G1909 see G757"
G1886,epaulis/ep'-ow-lis,"from 1909 and an equivalent of 833; a hut over the head, i.e. a dwelling:--habitation. see G1909 see G833"
G1887,epaurion/ep-ow'-ree-on,"from 1909 and 839; occurring on the succeeding day, i.e. (2250 being implied) to-morrow:--day following, morrow, next day (after). see G1909 see G839 see G2250"
G1888,epautophoroi/ep-ow-tof-o'-ro,"from 1909 and 846 and (the dative case singular of) a derivative of phor (a thief); in theft itself, i.e. (by analogy) in actual crime:--in the very act. see G1909 see G846"
G1889,Epaphras/ep-af-ras',"contracted from 1891; Epaphras, a Christian:--Epaphras. see G1891"
G1890,epaphrizo/ep-af-rid'-zo,"from 1909 and 875; to foam upon, i.e. (figuratively) to exhibit (a vile passion):--foam out. see G1909 see G875"
G1891,Epaphroditos/ep-af-rod'-ee-tos,"from 1909 (in the sense of devoted to) and Aphrodite (Venus); Epaphroditus, a Christian:--Epaphroditus. Compare 1889. see G1909 see G1889"
G1892,epegeiro/ep-eg-i'-ro,"from 1909 and 1453; to rouse upon, i.e. (figuratively) to excite against:--raise, stir up. see G1909 see G1453"
G1893,epei/ep-i',"from 1909 and 1487; thereupon, i.e. since (of time or cause):--because, else, for that (then, -asmuch as), otherwise, seeing that, since, when. see G1909 see G1487"
G1894,epeide/ep-i-day',"from 1893 and 1211; since now, i.e. (of time) when, or (of cause) whereas:--after that, because, for (that, -asmuch as), seeing, since. see G1893 see G1211"
G1895,epeideper/ep-i-day'-per,from 1894 and 4007; since indeed (of cause):--forasmuch. see G1894 see G4007
G1896,epeidon/ep-i'-don,"and other moods and persons of the same tense; from 1909 and 1492; to to insult, slander:--use despitefully, falsely accuse. see G1909"
G1909,epi/ep-ee',"a primary preposition; properly, meaning superimposition (of time, place, order, etc.), as a relation of distribution (with the genitive case), i.e. over, upon, etc.; of rest (with the dative case) at, on, etc.; of direction (with the accusative case) towards, upon, etc.:--about (the times), above, after, against, among, as long as (touching), at, beside, X have charge of, (be-, (where-))fore, in (a place, as much as, the time of, - to), (because) of, (up-)on (behalf of), over, (by, for) the space of, through(-out), (un-)to(-ward), with. In compounds it retains essentially the same import, at, upon, etc. (literally or figuratively)."
G1910,epibaino/ep-ee-bah'-ee-no,"from 1909 and the base of 939; to walk upon, i.e. mount, ascend, embark, arrive:--come (into), enter into, go abroad, sit upon, take ship. see G1909 see G939"
G1911,epiballo/ep-ee-bal'-lo,"from 1909 and 906; to throw upon (literal or figurative, transitive or reflexive; usually with more or less force); specially (with 1438 implied) to reflect; impersonally, to belong to:--beat into, cast (up-)on, fall, lay (on), put (unto), stretch forth, think on. see G1909 see G906 see G1438"
G1912,epibareo/ep-ee-bar-eh'-o,"from 1909 and 916; to be heavy upon, i.e. (pecuniarily) to be expensive to; figuratively, to be severe towards:--be chargeable to, overcharge. see G1909 see G916"
G1913,epibibazo/ep-ee-bee-bad'-zo,from 1909 and a reduplicated derivative of the base of 939 (compare 307); to cause to mount (an animal):-- set on. see G1909 see G939 see G307
G1914,epiblepo/ep-ee-blep'-o,"from 1909 and 991; to gaze at (with favor, pity or partiality):--look upon, regard, have respect to. see G1909 see G991"
G1915,epiblema/ep-ib'-lay-mah,from 1911; a patch:--piece. see G1911
G1916,epiboao/ep-ee-bo-ah'-o,from 1909 and 994; to exclaim against:--cry. see G1909 see G994
G1917,epiboule/ep-ee-boo-lay',from a presumed compound of 1909 and 1014; a plan
G1929,epididomi/ep-ee-did'-o-mee,"from 1909 and 1325; to give over (by hand or surrender):-- deliver unto, give, let (+ (her drive)), offer. see G1909 see G1325"
G1930,epidiorthoo/ep-ee-dee-or-tho'-o,"from 1909 and a derivative of 3717; to straighten further, i.e. (figuratively) arrange additionally:--set in order. see G1909 see G3717"
G1931,epiduo/ep-ee-doo'-o,from 1909 and 1416; to set fully (as the sun):--go down. see G1909 see G1416
G1932,epieikeia/ep-ee-i'-ki-ah,"from 1933; suitableness, i.e. (by implication) equity, mildness:- -clemency, gentleness. see G1933"
G1933,epieikes/ep-ee-i-kace',"from 1909 and 1503; appropriate, i.e. (by implication) mild:-- gentle, moderation, patient. see G1909 see G1503"
G1934,epizeteo/ep-eed-zay-teh'-o,"from 1909 and 2212; to search (inquire) for; intensively, to demand, to crave:--desire, enquire, seek (after, for). see G1909 see G2212"
G1935,epithanatios/ep-ee-than-at'-ee-os,from 1909 and 2288; doomed to death:--appointed to death. see G1909 see G2288
G1936,epithesis/ep-ith'-es-is,from 2007; an imposition (of hands officially):--laying (putting) on. see G2007
G1937,epithumeo/ep-ee-thoo-meh'-o,"from 1909 and 2372; to set the heart upon, i.e. long for (rightfully or otherwise):--covet, desire, would fain, lust (after). see G1909 see G2372"
G1938,epithumetes/ep-ee-thoo-may-tace',from 1937; a craver:--+ lust after. see G1937
G1939,epithumia/ep-ee-thoo-mee'-ah,"from 1937; a longing (especially for what is forbidden):-- concupiscence, desire, lust (after). see G1937"
G1940,epikathizo/ep-ee-kath-id'-zo,from 1909 and 2523; to seat upon:--set on. see G1909 see G2523
G1941,epikaleomai/ep-ee-kal-eh'-om-ahee,"middle voice from 1909 and 2564; to entitle; by implication, to invoke (for aid, worship, testimony,"
G1953,epilesmone/ep-ee-lace-mon-ay',from a derivative of 1950; negligence:--X forgetful. see G1950
G1954,epiloipos/ep-il'-oy-pos,"from 1909 and 3062; left over, i.e. remaining:--rest. see G1909 see G3062"
G1955,epilusis/ep-il'-oo-sis,"from 1956; explanation, i.e. application:--interpretation. see G1956"
G1956,epiluo/ep-ee-loo'-o,"from 1909 and 3089; to solve further, i.e. (figuratively) to explain, decide:--determine, expound. see G1909 see G3089"
G1957,epimartureo/ep-ee-mar-too-reh'-o,"from 1909 and 3140; to attest further, i.e. corroborate:--testify. see G1909 see G3140"
G1958,epimeleia/ep-ee-mel'-i-ah,"from 1959; carefulness, i.e. kind attention (hospitality):--+ refresh self. see G1959"
G1959,epimeleomai/ep-ee-mel-eh'-om-ahee,middle voice from 1909 and the same as 3199; to care for (physically or otherwise):--take care of. see G1909 see G3199
G1960,epimelos/ep-ee-mel-oce',adverb from a derivative of 1959; carefully:--diligently. see G1959
G1961,epimeno/ep-ee-men'-o,"from 1909 and 3306; to stay over, i.e. remain (figuratively, persevere):--abide (in), continue (in), tarry. see G1909 see G3306"
G1962,epineuo/ep-een-yoo'-o,"from 1909 and 3506; to nod at, i.e. (by implication) to assent:-- consent. see G1909 see G3506"
G1963,epinoia/ep-in'-oy-ah,"from 1909 and 3563; attention of the mind, i.e. (by implication) purpose:--thought. see G1909 see G3563"
G1964,epiorkeo/ep-ee-or-keh'-o,from 1965; to commit perjury:--forswear self. see G1965
G1965,epiorkos/ep-ee'-or-kos,"from 1909 and 3727; on oath, i.e. (falsely) a forswearer:--perjured person. see G1909 see G3727"
G1966,epiousa/ep-ee-oo'-sah,"feminine singular participle of a comparative of 1909 and heimi (to go); supervening, i.e. (2250 or 3571 being (figuratively) eminent:--notable, of note. see G1909 see G4591"
G1979,episitismos/ep-ee-sit-is-mos',"from a compound of 1909 and a derivative of 4621; a provisioning, i.e. (concretely) food:--victuals. see G1909 see G4621"
G1980,episkeptomai/ep-ee-skep'-tom-ahee,"middle voice from 1909 and the base of 4649; to inspect, i.e. (by implication) to select; by extension, to go to see, relieve:--look out, visit. see G1909 see G4649"
G1981,episkenoo/ep-ee-skay-no'-o,"from 1909 and 4637; to tent upon, i.e. (figuratively) abide with :--rest upon. see G1909 see G4637"
G1982,episkiazo/ep-ee-skee-ad'-zo,"from 1909 and a derivative of 4639; to cast a shade upon, i.e. (by analogy) to envelop in a haze of brilliancy; figuratively, to invest with preternatural influence:-- overshadow. see G1909 see G4639"
G1983,episkopeo/ep-ee-skop-eh'-o,"from 1909 and 4648; to oversee; by implication, to beware:-- look diligently, take the oversight. see G1909 see G4648"
G1984,episkope/ep-is-kop-ay',"from 1980; inspection (for relief); by implication, superintendence; specially, the Christian ""episcopate"":--the office of a ""bishop"", bishoprick, visitation. see G1980"
G1985,episkopos/ep-is'-kop-os,"from 1909 and 4649 (in the sense of 1983); a superintendent, i.e. Christian officer in genitive case charge of a (or the) church (literally or figuratively):--bishop, overseer. see G1909 see G4649 see G1983"
G1986,epispaomai/ep-ee-spah'-om-ahee,"from 1909 and 4685; to draw over, i.e. (with 203 implied) efface the mark of circumcision (by recovering with the foreskin):--become uncircumcised. see G1909 see G4685 see G203"
G1987,epistamai/ep-is'-tam-ahee,"apparently a middle voice of 2186 (with 3563 implied); to put the mind upon, i.e. comprehend, or be acquainted with:--know, understand. see G2186 see G3563"
G1988,epistates/ep-is-tat'-ace,"from 1909 and a presumed derivative of 2476; an appointee over,"
G2000,episphales/ep-ee-sfal-ace',"from a compound of 1909 and sphallo (to trip); figuratively, insecure:--dangerous. see G1909"
G2001,episucho/ep-is-khoo'-o,"from 1909 and 2480; to avail further, i.e. (figuratively) insist stoutly:--be the more fierce. see G1909 see G2480"
G2002,episoreuo/ep-ee-so-ryoo'-o,"from 1909 and 4987; to accumulate further, i.e. (figuratively) seek additionally:--heap. see G1909 see G4987"
G2003,epitage/ep-ee-tag-ay',"from 2004; an injunction or decree; by implication, authoritativeness:--authority, commandment. see G2004"
G2004,epitasso/ep-ee-tas'-so,"from 1909 and 5021; to arrange upon, i.e. order:--charge, command, injoin. see G1909 see G5021"
G2005,epiteleo/ep-ee-tel-eh'-o,"from 1909 and 5055; to fulfill further (or completely), i.e. execute; by implication, to terminate, undergo:--accomplish, do, finish, (make) (perfect), perform(X -ance). see G1909 see G5055"
G2006,epitedeios/ep-ee-tay'-di-os,"from epitedes (enough); serviceable, i.e. (by implication) requisite:--things which are needful."
G2007,epitithemi/ep-ee-tith'-ay-mee,"from 1909 and 5087; to impose (in a friendly or hostile sense):--add unto, lade, lay upon, put (up) on, set on (up), + surname, X wound. see G1909 see G5087"
G2008,epitimao/ep-ee-tee-mah'-o,"from 1909 and 5091; to tax upon, i.e. censure or admonish; by implication, forbid:--(straitly) charge, rebuke. see G1909 see G5091"
G2009,epitimia/ep-ee-tee-mee'-ah,"from a compound of 1909 and 5092; properly, esteem, i.e. citizenship; used (in the sense of 2008) of a penalty:--punishment. see G1909 see G5092 see G2008"
G2010,epitrepo/ep-ee-trep'-o,"from 1909 and the base of 5157; to turn over (transfer), i.e. allow:-- give leave (liberty, license), let, permit, suffer. see G1909 see G5157"
G2024,epichoregia/ep-ee-khor-ayg-ee'-ah,from 2023; contribution:--supply. see G2023
G2025,epichrio/ep-ee-khree'-o,from 1909 and 5548; to smear over:--anoint. see G1909 see G5548
G2026,epoikodomeo/ep-oy-kod-om-eh'-o,"from 1909 and 3618; to build upon, i.e. (figuratively) to rear up:--build thereon (thereupon, on, upon). see G1909 see G3618"
G2027,epokello/ep-ok-el'-lo,"from 1909 and okello (to urge); to drive upon the shore, i.e. to beach a vessel:--run aground. see G1909"
G2028,eponomazo/ep-on-om-ad'-zo,"from 1909 and 3687; to name further, i.e. denominate:-- call. see G1909 see G3687"
G2029,epopteuo/ep-opt-yoo'-o,"from 1909 and a derivative of 3700; to inspect, i.e. watch:--behold. see G1909 see G3700"
G2030,epoptes/ep-op'-tace,from 1909 and a presumed derivative of 3700; a looker-on:--eye- witness. see G1909 see G3700
G2031,epos/ep'-os,from 2036; a word:--X say. see G2036
G2032,epouranios/ep-oo-ran'-ee-os,"from 1909 and 3772; above the sky:--celestial, (in) heaven(-ly), high. see G1909 see G3772"
G2033,hepta/hep-tah',a primary number; seven:--seven.
G2034,heptakis/hep-tak-is',adverb from 2033; seven times:--seven times. see G2033
G2035,heptakischilioi/hep-tak-is-khil'-ee-oy,from 2034 and 5507; seven times a thousand:-- seven thousand. see G2034 see G5507
G2036,epo/ep'-o,"a primary verb (used only in the definite past tense, the others being borrowed from 2046, 4483, and 5346); to speak or say (by word or writing):--answer, bid, bring word, call, command, grant, say (on), speak, tell. Compare 3004. see G2046 see G4483 see G5346 see G3004"
G2037,Erastos/er'-as-tos,"from erao (to love); beloved; Erastus, a Christian:--Erastus."
G2038,ergazomai/er-gad'-zom-ahee,"middle voice from 2041; to toil (as a task, occupation, etc.), (by implication) effect, be engaged in or with, etc.:- implication) faction:--contention(-ious), strife. see G2042"
G2053,erion/er'-ee-on,of obscure affinity; wool:--wool.
G2054,eris/er'-is,"of uncertain affinity; a quarrel, i.e. (by implication) wrangling:--contention, debate, strife, variance."
G2055,eriphion/er-if'-ee-on,"from 2056; a kidling, i.e. (genitive case) goat (symbolically, wicked person):--goat. see G2056"
G2056,eriphos/er'-if-os,"perhaps from the same as 2053 (through the idea of hairiness); a kid or (genitive case) goat:--goat, kid. see G2053"
G2057,Hermas/her-mas',"probably from 2060; Hermas, a Christian:--Hermas. see G2060"
G2058,hermeneia/her-may-ni'-ah,from the same as 2059; translation:--interpretation. see G2059
G2059,hermeneuo/her-mayn-yoo'-o,from a presumed derivative of 2060 (as the god of language); to translate:--interpret. see G2060
G2060,Hermes/her-mace',"perhaps from 2046; Hermes, the name of the messenger of the Greek deities; also of a Christian:--Hermes, Mercury. see G2046"
G2061,Hermogenes/her-mog-en'-ace,"from 2060 and 1096; born of Hermes; Hermogenes, an apostate Christian:--Hermogenes. see G2060 see G1096"
G2062,herpeton/her-pet-on',"neuter of a derivative of herpo (to creep); a reptile, i.e. (by Hebraism (compare 7431)) a small animal:-- creeping thing, serpent. see H7431"
G2063,eruthros/er-oo-thros',"of uncertain affinity; red, i.e. (with 2281) the Red Sea:--red. see G2281"
G2064,erchomai/er'-khom-ahee,"middle voice of a primary verb (used only in the present and imperfect tenses, the others being supplied by a kindred (middle voice) eleuthomai el-yoo'-thom- ahee, or (active) eltho el'-tho, which do not otherwise occur) to come or go (in a great variety of applications, literally and figuratively):-- X have, (that) is (to say), make, meaneth, X must needs, + profit, + remaineth, + wrestle. see G1510"
G2077,esto/es'-to,"second person singular present imperative of 1510; be thou; also estosan es'-to-san, third person of the same let them be:--be. see G1510"
G2078,eschatos/es'-khat-os,"a superlative probably from 2192 (in the sense of contiguity); farthest, final (of place or time):--ends of, last, latter end, lowest, uttermost. see G2192"
G2079,eschatos/es-khat'-oce,"adverb from 2078; finally, i.e. (with 2192) at the extremity of life:--point of death. see G2078 see G2192"
G2080,eso/es'-o,"from 1519; inside (as preposition or adjective):-- (with-)in(-ner, -to, - ward). see G1519"
G2081,esothen/es'-o-then,"from 2080; from inside; also used as equivalent to 2080 (inside):-- inward(-ly), (from) within, without. see G2080 see G2080"
G2082,esoteros/es-o'-ter-os,"comparative of 2080; interior:--inner, within. see G2080"
G2083,hetairos/het-ah'-ee-ros,"from etes (a clansman); a comrade:--fellow, friend."
G2084,heteroglossos/het-er-og'-loce-sos,"from 2087 and 1100; other- tongued, i.e. a foreigner:-- man of other tongue. see G2087 see G1100"
G2085,heterodidaskaleo/het-er-od-id-as-kal- eh'-o,from 2087 and 1320; to instruct differently:-- teach other doctrine(-wise). see G2087 see G1320
G2086,heterozugeo/het-er-od-zoog-eh'-o,"from a compound of 2087 and 2218; to yoke up differently, i.e. (figuratively) to associate discordantly:--unequally yoke together with. see G2087 see G2218"
G2087,heteros/het'-er-os,"of uncertain affinity; (an-, the) other or different:--altered, else, next (day), one, (an-)other, some, strange."
G2088,heteros/het-er'-oce,adverb from 2087; differently:--otherwise. see G2087
G2089,eti/et'-ee,"perhaps akin to 2094; ""yet,"" still (of time or degree):--after that, also, ever, (any) (figuratively) generous:--more noble, nobleman. see G2095 see G1096"
G2105,eudia/yoo-dee'-ah,"feminine from 2095 and the alternate of 2203 (as the god of the weather); a clear sky, i.e. fine weather:--fair weather. see G2095 see G2203"
G2106,eudokeo/yoo-dok-eh'-o,"from 2095 and 1380; to think well of, i.e. approve (an act); specially, to approbate (a person or thing):--think good, (be well) please(-d), be the good (have, take) pleasure, be willing. see G2095 see G1380"
G2107,eudokia/yoo-dok-ee'-ah,"from a presumed compound of 2095 and the base of 1380; satisfaction, i.e. (subjectively) delight, or (objectively) kindness, wish, purpose:--desire, good pleasure (will), X seem good. see G2095 see G1380"
G2108,euergesia/yoo-erg-es-ee'-ah,"from 2110; beneficence (genitive case or specially):-- benefit, good deed done. see G2110"
G2109,euergeteo/yoo-erg-et-eh'-o,from 2110; to be philanthropic:--do good. see G2110
G2110,euergetes/yoo-erg-et'-ace,"from 2095 and the base of 2041; a worker of good, i.e. (specially) a philanthropist:--benefactor. see G2095 see G2041"
G2111,euthetos/yoo'-thet-os,"from 2095 and a derivative of 5087; well placed, i.e. (figuratively) appropriate:--fit, meet. see G2095 see G5087"
G2112,eutheos/yoo-theh'-oce,"adverb from 2117; directly, i.e. at once or soon:--anon, as soon as, forthwith, immediately, shortly, straightway. see G2117"
G2113,euthudromeo/yoo-thoo-drom-eh'-o,"from 2117 and 1408; to lay a straight course, i.e. sail direct:--(come) with a straight course. see G2117 see G1408"
G2114,euthumeo/yoo-thoo-meh'-o,"from 2115; to cheer up, i.e. (intransitively) be cheerful; neuter comparative (adverbially) more cheerfully:--be of good cheer (merry). see G2115"
G2115,euthumos/yoo'-thoo-mos,"from 2095 and 2372; in fine spirits, i.e. cheerful:--of good cheer, the more cheerfully. see G2095 see G2372"
G2129,eulogia/yoo-log-ee'-ah,"from the same as 2127; fine speaking, i.e. elegance of language; commendation (""eulogy""), i.e. (reverentially) adoration; religiously, benediction; by implication, consecration; by extension, benefit or largess:-- blessing (a matter of) bounty (X -tifully), fair speech. see G2127"
G2130,eumetadotos/yoo-met-ad'-ot-os,"from 2095 and a presumed derivative of 3330; good at imparting, i.e. liberal:--ready to distribute. see G2095 see G3330"
G2131,Eunike/yoo-nee'-kay,"from 2095 and 3529; victorious; Eunice, a Jewess:--Eunice. see G2095 see G3529"
G2132,eunoeo/yoo-no-eh'-o,"from a compound of 2095 and 3563; to be well- minded, i.e. reconcile:--agree. see G2095 see G3563"
G2133,eunoia/yoo'-noy-ah,"from the same as 2132; kindness; euphemistically, conjugal duty:-- benevolence, good will. see G2132"
G2134,eunouchizo/yoo-noo-khid'-zo,"from 2135; to castrate (figuratively, live unmarried):-- make...eunuch. see G2135"
G2135,eunouchos/yoo-noo'-khos,"from eune (a bed) and 2192; a castrated person (such being employed in Oriental bed-chambers); by extension an impotent or unmarried man; by implication, a chamberlain (state-officer):--eunuch. see G2192"
G2136,Euodia/yoo-od-ee'-ah,"from the same as 2137; fine travelling; Euodia, a Christian woman:-- Euodias. see G2137"
G2137,euodoo/yoo-od-o'-o,"from a compound of 2095 and 3598; to help on the road, i.e. (passively) succeed in reaching; figuratively, to succeed in business affairs:--(have a) prosper(-ous journey). see G2095 see G3598"
G2138,eupeithes/yoo-pi-thace',"from 2095 and 3982; good for persuasion, i.e. (intransitively) complaint:--easy to be intreated. see G2095 see G3982"
G2139,euperistatos/yoo-per-is'-tat-os,"from 2095 and a derivative of a presumed compound of 4012 and 2476; well standing around, i.e. (a"
G2151,eusebeo/yoo-seb-eh'-o,"from 2152; to be pious, i.e. (towards God) to worship, or (towards parents) to respect (support):--show piety, worship. see G2152"
G2152,eusebes/yoo-seb-ace',"from 2095 and 4576; well-reverent, i.e. pious:--devout, godly. see G2095 see G4576"
G2153,eusebos/yoo-seb-oce',adverb from 2152; piously:--godly. see G2152
G2154,eusemos/yoo'-say-mos,"from 2095 and the base of 4591; well indicated, i.e. (figuratively) significant:--easy to be understood. see G2095 see G4591"
G2155,eusplagchnos/yoo'-splangkh-nos,"from 2095 and 4698; well compassioned, i.e. sympathetic:--pitiful, tender-hearted. see G2095 see G4698"
G2156,euschemonos/yoo-skhay-mon'-ose,"adverb from 2158; decorously:--decently, honestly. see G2158"
G2157,eushemosune/yoo-skhay-mos-oo'-nay,from 2158; decorousness:--comeliness. see G2158
G2158,euschemon/yoo-skhay'-mone,"from 2095 and 4976; well-formed, i.e. (figuratively) decorous, noble (in rank):--comely, honourable. see G2095 see G4976"
G2159,eutonos/yoo-ton'-oce,"adverb from a compound of 2095 and a derivative of teino (to stretch); in a well-strung manner, i.e. (figuratively) intensely (in a good sense, cogently; in a bad one, fiercely):--mightily, vehemently. see G2095"
G2160,eutrapelia/yoo-trap-el-ee'-ah,"from a compound of 2095 and a derivative of the base of 5157 (meaning well-turned, i.e. ready at repartee, jocose); witticism, i.e. (in a vulgar sense) ribaldry:-- jesting. see G2095 see G5157"
G2161,Eutuchos/yoo'-too-khos,"from 2095 and a derivative of 5177; well- fated, i.e. fortunate; Eutychus, a young man:--Eutychus. see G2095 see G5177"
G2162,euphemia/yoo-fay-mee'-ah,"from 2163; good language (""euphemy""), i.e. praise (repute):-- good report. see G2163 scentedness, i.e. fragrance:--sweet savour (smell, - smelling). see G2095 see G3605"
G2176,euonumos/yoo-o'-noo-mos,"from 2095 and 3686; properly, well-named (good-omened), i.e. the left (which was the lucky side among the pagan Greeks); neuter as adverbial, at the left hand:--(on the) left. see G2095 see G3686"
G2177,ephallomai/ef-al'-lom-ahee,from 1909 and 242; to spring upon:--leap on. see G1909 see G242
G2178,ephapax/ef-ap'-ax,from 1909 and 530; upon one occasion (only):--(at) once (for all). see G1909 see G530
G2179,Ephesinos/ef-es-ee'-nos,"from 2181; Ephesine, or situated at Ephesus:--of Ephesus. see G2181"
G2180,Ephesios/ef-es'-ee-os,"from 2181; an Ephesian or inhabitant of Ephesus:--Ephesian, of Ephesus. see G2181"
G2181,Ephesos/ef'-es-os,"probably of foreign origin; Ephesus, a city of Asia Minor:--Ephesus."
G2182,epheuretes/ef-yoo-ret'-ace,"from a compound of 1909 and 2147; a discoverer, i.e. contriver:--inventor. see G1909 see G2147"
G2183,ephemeria/ef-ay-mer-ee'-ah,"from 2184; diurnality, i.e. (specially) the quotidian rotation or class of the Jewish priests' service at the Temple, as distributed by families:--course. see G2184"
G2184,ephemeros/ef-ay'-mer-os,"from 1909 and 2250; for a day (""ephemeral""), i.e. diurnal:-- daily. see G1909 see G2250"
G2185,ephikneomai/ef-ik-neh'-om-ahee,"from 1909 and a cognate of 2240; to arrive upon, i.e. extend to:--reach. see G1909 see G2240"
G2186,ephistemi/ef-is'-tay-mee,"from 1909 and 2476; to stand upon, i.e. be present (in various applications, friendly or otherwise, usually literal); - -assault, come (in, to, unto, upon), be at hand (instant), present, stand (before, by, over). see G1909 see G2476"
G2198,zao/dzah'-o,"a primary verb; to live (literally or figuratively):--life(-time), (a-)live(-ly), quick."
G2199,Zebedaios/dzeb-ed-ah'-yos,"of Hebrew origin (compare 2067); Zebedaeus, an Israelite:-- Zebedee. see H2067"
G2200,zestos/dzes-tos',"from 2204; boiled, i.e. (by implication) calid (figuratively, fervent):--hot. see G2204"
G2201,zeugos/dzyoo'-gos,"from the same as 2218; a couple, i.e. a team (of oxen yoked together) or brace (of birds tied together):--yoke, pair. see G2218"
G2202,zeukteria/dzook-tay-ree'-ah,feminine of a derivative (at the second stage) from the same as 2218; a fastening (tiller-rope):--band. see G2218
G2203,Zeus/dzyooce,"of uncertain affinity; in the oblique cases there is used instead of it a (probably cognate) name Dis deece, which is otherwise obsolete Zeus or Dis (among the Latins, Jupiter or Jove), the supreme deity of the Greeks:-- Jupiter."
G2204,zeo/dzeh'-o,"a primary verb; to be hot (boil, of liquids; or glow, of solids), i.e. (figuratively) be fervid (earnest):--be fervent."
G2205,zelos/dzay'-los,"from 2204; properly, heat, i.e. (figuratively) ""zeal"" (in a favorable sense, ardor; in an unfavorable one, jealousy, as of a husband (figuratively, of God), or an enemy, malice):--emulation, envy(-ing), fervent mind, indignation, jealousy, zeal. see G2204"
G2206,zeloo/dzay-lo'-o,"from 2205; to have warmth of feeling for or against:--affect, covet (earnestly), (have) desire, (move with) envy, be jealous over, (be) zealous(-ly affect). see G2205"
G2207,zelotes/dzay-lo-tace',"from 2206; a ""zealot"":--zealous. see G2206"
G2208,Zelotes/dzay-lo-tace',"the same as 2208; a Zealot, i.e. (specially) partisan for Jewish political independence:--Zelotes. see G2208"
G2209,zemia/dzay-mee'-ah,"probably akin to the base of 1150 (through the idea of violence); detriment:--damage, loss. see G1150"
G2223,zone/dzo'-nay,"probably akin to the base of 2218; a belt; by implication, a pocket:--girdle, purse. see G2218"
G2224,zonnumi/dzone'-noo-mi,from 2223; to bind about (especially with a belt):--gird. see G2223
G2225,zoogoneo/dzo-og-on-eh'-o,"from the same as 2226 and a derivative of 1096; to engender alive, i.e. (by analogy) to rescue (passively, be saved) from death:--live, preserve. see G2226 see G1096"
G2226,zoon/dzo'-on,"neuter of a derivative of 2198; a live thing, i.e. an animal:--beast. see G2198"
G2227,zoopoieo/dzo-op-oy-eh'-o,"from the same as 2226 and 4160; to (re-)vitalize (literally or figuratively):--make alive, give life, quicken. see G2226 see G4160"
G2228,e/ay,"a primary particle of distinction between two connected terms; disjunctive, or; comparative, than:--and, but (either), (n-)either, except it be, (n-)or (else), rather, save, than, that, what, yea. Often used in connection with other particles. Compare especially 2235, 2260, 2273. see G2235 see G2260 see G2273"
G2229,e/ay,an adverb of confirmation; perhaps intensive of 2228; used only (in the New Testament) before 3303; assuredly:--surely. see G2228 see G3303
G2230,hegemoneuo/hayg-em-on-yoo'-o,from 2232; to act as ruler:--be governor. see G2232
G2231,hegemonia/hayg-em-on-ee'-ah,"from 2232; government, i.e. (in time) official term:-- reign. see G2232"
G2232,hegemon/hayg-em-ohn',"from 2233; a leader, i.e. chief person (or figuratively, place) of a province:--governor, prince, ruler. see G2233"
G2233,hegeomai/hayg-eh'-om-ahee,"middle voice of a (presumed) strengthened form of 71; to lead, i.e. command (with official authority); figuratively, to deem, i.e. consider:--account, (be) chief, count, esteem, governor, judge, have the rule over, suppose, think. see G71"
G2249,hemeis/hay-mice',"nominative plural of 1473; we (only used when emphatic):--us, we (ourselves). see G1473"
G2250,hemera/hay-mer'-ah,"feminine (with 5610 implied) of a derivative of hemai (to sit; akin to the base of 1476) meaning tame, i.e. gentle; day, i.e. (literally) the time space between dawn and dark, or the whole 24 hours (but several days were usually reckoned by the Jews as inclusive of the parts of both extremes); figuratively, a period (always defined more or less clearly by the context):--age, + alway, (mid-)day (by day, (-ly)), + for ever, judgment, (day) time, while, years. see G5610 see G1476"
G2251,hemeteros/hay-met'-er-os,"from 2349; our:--our, your (by a different reading). see G2349"
G2252,emen/ay'-mane,"a prolonged form of 2358; I was:--be, was. (Sometimes unexpressed). see G2358"
G2253,hemithanes/hay-mee-than-ace',"from a presumed compound of the base of 2255 and 2348; half dead, i.e. entirely exhausted:--half dead. see G2255 see G2348"
G2254,hemin/hay-meen',"dative case plural of 1473; to (or for, with, by) us:--our, (for) us, we. see G1473"
G2255,hemisu/hay'-mee-soo,neuter of a derivative from an inseparable prefix akin to 260 (through the idea of partition involved in connection) and meaning semi-; (as noun) half:-- half. see G260
G2256,hemiorion/hay-mee-o'-ree-on,from the base of 2255 and 5610; a half-hour:--half an hour. see G2255 see G5610
G2257,hemon/hay-mone',"genitive case plural of 1473; of (or from) us:--our (company), us, we. see G1473"
G2258,en/ane,"imperfect of 1510; I (thou, etc.) was (wast or were):--+ agree, be, X have (+ charge of), hold, use, was(-t), were. see G1510"
G2259,henika/hay-nee'-kah,of uncertain affinity; at which time:--when.
G2274,hettao/hayt-tah'-o,"from the same as 2276; to make worse, i.e. vanquish (literally or figuratively); by implication, to rate lower:--be inferior, overcome. see G2276"
G2275,hettema/hayt'-tay-mah,"from 2274; a deterioration, i.e. (objectively) failure or (subjectively) loss:--diminishing, fault. see G2274"
G2276,hetton/hate'-ton,"neuter of comparative of heka (slightly) used for that of 2556; worse (as noun); by implication, less (as adverb):--less, worse. see G2556"
G2277,eto/ay'-to,third person singular imperative of 1510; let him (or it) be:--let ... be. see G1510
G2278,echeo/ay-kheh'-o,"from 2279; to make a loud noise, i.e. reverberate:--roar, sound. see G2279"
G2279,echos/ay'-khos,"of uncertain affinity; a loud or confused noise (""echo""), i.e. roar; figuratively, a rumor:--fame, sound."
G2280,Thaddaios/thad-dah'-yos,"of uncertain origin; Thaddaeus, one of the Apostles:-- Thaddaeus."
G2281,thalassa/thal'-as-sah,probably prolonged from 251; the sea (genitive case or specially):--sea. see G251
G2282,thalpo/thal'-po,"probably akin to thallo (to warm); to brood, i.e. (figuratively) to foster:-- cherish."
G2283,Thamar/tham'-ar,"of Hebrew origin (8559); Thamar (i.e. Tamar), an Israelitess:-- Thamar. see H8559"
G2284,thambeo/tham-beh'-o,"from 2285; to stupefy (with surprise), i.e. astound:--amaze, astonish. see G2285"
G2285,thambos/tham'-bos,"akin to an obsolete tapho (to dumbfound); stupefaction (by surprise), i.e. astonishment:--X amazed, + astonished, wonder."
G2286,thanasimos/than-as'-ee-mos,"from 2288; fatal, i.e. poisonous:--deadly. see G2288"
G2287,thanatephoros/than-at-ay'-for-os,"from (the feminine form of) 2288 and 5342; death- bearing, i.e. fatal:--deadly. see G2288 see G5342"
G2301,theatrizo/theh-at-rid'-zo,from 2302; to expose as a spectacle:--make a gazing stock. see G2302
G2302,theatron/theh'-at-ron,"from 2300; a place for public show (""theatre""), i.e. general audience-room; by implication, a show itself (figuratively):--spectacle, theatre. see G2300"
G2303,theion/thi'-on,probably neuter of 2304 (in its original sense of flashing); sulphur:-- brimstone. see G2304
G2304,theios/thi'-os,"from 2316; godlike (neuter as noun, divinity): - divine, godhead. see G2316"
G2305,theiotes/thi-ot'-ace,from 2304; divinity (abstractly):--godhead. see G2304
G2306,theiodes/thi-o'-dace,"from 2303 and 1491; sulphur-like, i.e. sulphurous:--brimstone. see G2303"
G2307,thelema/thel'-ay-mah,"from the prolonged form of 2309; a determination (properly, the thing), i.e. (actively) choice (specially, purpose, decree; abstractly, volition) or (passively) inclination:-- desire, pleasure, will. see G2309"
G2308,thelesis/thel'-ay-sis,"from 2309; determination (properly, the act), i.e. option:--will. see G2309"
G2309,thelo/thel'-o,"theleo thel-eh'-o, and etheleo eth-el-eh'-o, which are otherwise obsolete apparently strengthened from the alternate form of 138; to determine (as an active option from subjective impulse; whereas 1014 properly denotes rather a passive acquiescence in objective considerations), i.e. choose or prefer (literally or figuratively); by implication, to wish, i.e. be inclined to (sometimes adverbially, gladly); impersonally for the future tense, to be about to; by Hebraism, to delight in:--desire, be disposed (forward), intend, list, love, mean, please, have rather, (be) will (have, -ling, - ling(-ly)). see G138 see G1014"
G2310,themelios/them-el'-ee-os,"from a derivative of 5087; something put down, i.e. a substruction (of a building, etc.), (literally or figuratively):--foundation. see G5087 the base of 2330; a menial attendant (as if cherishing):--servant. see G2330"
G2325,therizo/ther-id'-zo,from 2330 (in the sense of the crop); to harvest:--reap. see G2330
G2326,therismos/ther-is-mos',"from 2325; reaping, i.e. the crop:--harvest. see G2325"
G2327,theristes/ther-is-tace',from 2325; a harvester:--reaper. see G2325
G2328,thermaino/ther-mah'-ee-no,"from 2329; to heat (oneself):--(be) warm(-ed, self). see G2329"
G2329,therme/ther'-may,from the base of 2330; warmth:--heat. see G2330
G2330,theros/ther'-os,"from a primary thero (to heat); properly, heat, i.e. summer:--summer."
G2331,Thessalonikeus/thes-sal-on-ik-yoos',"from 2332; a Thessalonican, i.e. inhabitant of Thessalonice:--Thessalonian. see G2332"
G2332,Thessalonike/thes-sal-on-ee'-kay,"from Thessalos (a Thessalian) and 3529; Thessalonice, a place in Asia Minor:--Thessalonica. see G3529"
G2333,Theudas/thyoo-das',"of uncertain origin; Theudas, an Israelite:--Theudas."
G2334,theoreo/theh-o-reh'-o,"from a derivative of 2300 (perhaps by addition of 3708); to be a spectator of, i.e. discern, (literally, figuratively (experience) or intensively (acknowledge)):-- behold, consider, look on, perceive, see. Compare 3700. see G2300 see G3708 see G3700"
G2335,theoria/theh-o-ree'-ah,"from the same as 2334; spectatorship, i.e. (concretely) a spectacle:- -sight. see G2334"
G2336,theke/thay'-kay,"from 5087; a receptacle, i.e. scabbard:--sheath. see G5087"
G2337,thelazo/thay-lad'-zo,"from thele (the nipple); to suckle, (by implication) to suck:--(give) suck(-ling)."
G2338,thelus/thay'-loos,"from the same as 2337; female:--female, woman. see G2337"
G2339,thera/thay'-rah,"from ther (a wild animal, as game); hunting, i.e. (figuratively) destruction:--trap."
G2353,thremma/threm'-mah,from 5142; stock (as raised on a farm):--cattle. see G5142
G2354,threneo/thray-neh'-o,"from 2355; to bewail:--lament, mourn. see G2355"
G2355,threnos/thray'-nos,from the base of 2360; wailing:--lamentation. see G2360
G2356,threskeia/thrace-ki'-ah,"from a derivative of 2357; ceremonial observance:-- religion, worshipping. see G2357"
G2357,threskos/thrace'-kos,"probably from the base of 2360; ceremonious in worship (as demonstrative), i.e. pious:--religious. see G2360"
G2358,thriambeuo/three-am-byoo'-o,"from a prolonged compound of the base of 2360; and a derivative of 680 (meaning a noisy iambus, sung in honor of Bacchus); to make an acclamatory procession, i.e. (figuratively) to conquer or (by Hebraism) to give victory:--(cause) to triumph (over). see G2360 see G680"
G2359,thrix/threeks,"genitive case trichos, etc.; of uncertain derivation; hair:--hair. Compare 2864. see G2864"
G2360,throeo/thro-eh'-o,"from threomai to wail; to clamor, i.e. (by implication) to frighten:-- trouble."
G2361,thrombos/throm'-bos,perhaps from 5142 (in the sense of thickening); a clot:--great drop. see G5142
G2362,thronos/thron'-os,"from thrao (to sit); a stately seat (""throne""); by implication, power or (concretely) a potentate:--seat, throne."
G2363,Thuateira/thoo-at'-i-rah,"of uncertain derivation; Thyatira, a place in Asia Minor:-- Thyatira."
G2364,thugater/thoo-gat'-air,"apparently a primary word (compare ""daughter""); a female child, or (by Hebraism) descendant (or inhabitant):-- daughter."
G2365,thugatrion/thoo-gat'-ree-on,from 2364; a daughterling:--little (young) daughter. see G2364
G2366,thuella/thoo'-el-lah,"from 2380 (in the sense of blowing) a storm:--tempest. see G2380 an altar (special or genitive case, literal or figurative):--altar. see G2378"
G2380,thuo/thoo'-o,"a primary verb; properly, to rush (breathe hard, blow, smoke), i.e. (by implication) to sacrifice (properly, by fire, but genitive case); by extension to immolate (slaughter for any purpose):--kill, (do) sacrifice, slay."
G2381,Thomas/tho-mas',"of Chaldee origin (compare 8380); the twin; Thomas, a Christian:-- Thomas. see H8380"
G2382,thorax/tho'-rax,"of uncertain affinity; the chest (""thorax""), i.e. (by implication) a corslet:-- breast-plate."
G2383,Iaeiros/ee-ah'-i-ros,"of Hebrew origin (2971); Jairus (i.e. Jair), an Israelite:--Jairus. see H2971"
G2384,Iakob/ee-ak-obe',"of Hebrew origin (3290); Jacob (i.e. Ja`akob), the progenitor of the Israelites:--also an Israelite:--Jacob. see H3290"
G2385,Iakobos/ee-ak'-o-bos,"the same as 2384 Graecized; Jacobus, the name of three Israelites:-- James. see G2384"
G2386,iama/ee'-am-ah,from 2390; a cure (the effect):--healing. see G2390
G2387,Iambres/ee-am-brace',"of Egyptian origin; Jambres, an Egyptian:--Jambres."
G2388,Ianna/ee-an-nah',"probably of Hebrew origin (compare 3238); Janna, an Israelite:--Janna. see H3238"
G2389,Iannes/ee-an-nace',"of Egyptian origin; Jannes, an Egyptian:--Jannes."
G2390,iaomai/ee-ah'-om-ahee,"middle voice of apparently a primary verb; to cure (literally or figuratively):--heal, make whole."
G2391,Iared/ee-ar'-ed,"of Hebrew origin (3382); Jared (i.e. Jered), an antediluvian:--Jared. see H3382"
G2392,iasis/ee'-as-is,"from 2390; curing (the act):--cure, heal(-ing). see G2390"
G2393,iaspis/ee'-as-pis,"probably of foreign origin (see 3471); ""jasper"", a gem:--jasper. see H3471"
G2407,hierateuo/hee-er-at-yoo'-o,"prolongation from 2409; to be a priest, i.e. perform his functions:--execute the priest's office. see G2409"
G2408,Hieremias/hee-er-em-ee'-as,"of Hebrew origin (3414); Hieremias (i.e. Jermijah), an Israelite:--Jeremiah. see H3414"
G2409,hiereus/hee-er-yooce',from 2413; a priest (literally or figuratively):--(high) priest. see G2413
G2410,Hiericho/hee-er-ee-kho',"of Hebrew origin (3405); Jericho, a place in Palestine:--Jericho. see H3405"
G2411,hieron/hee-er-on',"neuter of 2413; a sacred place, i.e. the entire precincts (whereas 3485 denotes the central sanctuary itself) of the Temple (at Jerusalem or elsewhere):--temple. see G2413 see G3485"
G2412,hieroprepes/hee-er-op-rep-ace',from 2413 and the same as 4241; reverent:--as becometh holiness. see G2413 see G4241
G2413,hieros/hee-er-os',of uncertain affinity; sacred:--holy.
G2414,Hierosoluma/hee-er-os-ol'-oo-mah,"of Hebrew origin (3389); Hierosolyma (i.e. Jerushalaim}, the capitol of Palestine:--Jerusalem. Compare 2419. see G2419 see H3389"
G2415,Hierosolumites/hee-er-os-ol-oo-mee'- tace,"from 2414; a Hierosolymite, i.e. inhabitant of Hierosolyma:--of Jerusalem. see G2414"
G2416,hierosuleo/hee-er-os-ool-eh'-o,from 2417; to be a temple-robber (figuratively):--commit sacrilege. see G2417
G2417,hierosulos/hee-er-os'-oo-los,from 2411 and 4813; a temple-despoiler:--robber of churches. see G2411 see G4813
G2418,hierourgeo/hee-er-oorg-eh'-o,"from a compound of 2411 and the base of 2041; to be a temple-worker, i.e. officiate as a priest (figuratively):--minister. see G2411 see G2041"
G2419,Hierousalem/hee-er-oo-sal-ame',"of Hebrew origin (3389); Hierusalem (i.e. Jerushalem), the capitol of Palestine:--Jerusalem. Compare 2414. see G2414 see H3389 propitious:--be merciful, make reconciliation for. see G2436"
G2434,hilasmos/hil-as-mos',"atonement, i.e. (concretely) an expiator:--propitiation."
G2435,hilasterion/hil-as-tay'-ree-on,"neuter of a derivative of 2433; an expiatory (place or thing), i.e. (concretely) an atoning victim, or (specially) the lid of the Ark (in the Temple):--mercyseat, propitiation. see G2433"
G2436,hileos/hil'-eh-oce,"perhaps from the alternate form of 138; cheerful (as attractive), i.e. propitious; adverbially (by Hebraism) God be gracious!, i.e. (in averting some calamity) far be it:- -be it far, merciful. see G138"
G2437,Illurikon/il-loo-ree-kon',"neuter of an adjective from a name of uncertain derivation: (the) Illyrican (shore), i.e. (as a name itself) Illyricum, a region of Europe:--Illyricum."
G2438,himas/hee-mas',"perhaps from the same as 260; a strap, i.e. (specially) the tie (of a sandal) or the lash (of a scourge):--latchet, thong. see G260"
G2439,himatizo/him-at-id'-zo,from 2440; to dress:--clothe. see G2440
G2440,himation/him-at'-ee-on,"neuter of a presumed derivative of ennumi (to put on); a dress (inner or outer):--apparel, cloke, clothes, garment, raiment, robe, vesture."
G2441,himatismos/him-at-is-mos',"from 2439; clothing:--apparel (X -led), array, raiment, vesture. see G2439"
G2442,himeiromai/him-i'-rom-ahee,middle voice from himeros (a yearning; of uncertain affinity); to long for:--be affectionately desirous.
G2443,hina/hin'-ah,"probably from the same as the former part of 1438 (through the demonstrative idea; compare 3588); in order that (denoting the purpose or the result):--albeit, because, to the intent (that), lest, so as, (so) that, (for) to. Compare 3363. see G1438 see G3588 see G3363"
G2444,hinati/hin-at-ee',"from 2443 and 5101; for what reason ?, i.e. why?:--wherefore, why. see G2443 see G5101"
G2458,Iounias/ee-oo-nee'-as,"of Latin origin; Junias, a Christian:--Junias."
G2459,Ioustos/ee-ooce'-tos,"of Latin origin (""just""); Justus, the name of three Christian:--Justus."
G2460,hippeus/hip-yooce',"from 2462; an equestrian, i.e. member of a cavalry corps:-- horseman. see G2462"
G2461,hippikon/hip-pee-kon',neuter of a derivative of 2462; the cavalry force:--horse(-men). see G2462
G2462,hippos/hip'-pos,of uncertain affinity; a horse:--horse.
G2463,iris/ee'-ris,"perhaps from 2046 (as a symbol of the female messenger of the pagan deities); a rainbow (""iris""):--rainbow. see G2046"
G2464,Isaak/ee-sah-ak',"of Hebrew origin (3327); Isaac (i.e. Jitschak), the son of Abraham:-- Isaac. see H3327"
G2465,isaggelos/ee-sang'-el-los,"from 2470 and 32; like an angel, i.e. angelic:--equal unto the angels. see G2470 see G32"
G2466,Isachar/ee-sakh-ar',"of Hebrew origin (3485); Isachar (i.e. Jissaskar), a son of Jacob (figuratively, his descendant):--Issachar. see H3485"
G2467,isemi/is'-ay-mee,assumed by some as the base of certain irregular forms of 1942; to know:--know. see G1942
G2468,isthi/is'-thee,"second person imperative present of 1510; be thou:--+ agree, be, X give thyself wholly to. see G1510"
G2469,Iskariotes/is-kar-ee-o'-tace,"of Hebrew origin (probably 377 and 7149); inhabitant of Kerioth; Iscariotes (i.e. Keriothite), an epithet of Judas the traitor:--Iscariot. see H377 see H7149"
G2470,isos/ee'-sos,"probably from 1492 (through the idea of seeming); similar (in amount and kind):--+ agree, as much, equal, like. see G1492"
G2471,isotes/ee-sot'-ace,"likeness (in condition or proportion); by implication, equity:--equal(-ity)."
G2472,isotimos/ee-sot'-ee-mos,from 2470 and 5092; of equal value or honor:--like precious. see G2470 see G5092
G2484,Itouraia/ee-too-rah'-yah,"of Hebrew origin (3195); Ituraea (i.e. Jetur), a region of Palestine:--Ituraea. see H3195"
G2485,ichthudion/ikh-thoo'-dee-on,diminutive from 2486; a petty fish:--little (small) fish. see G2486
G2486,ichthus/ikh-thoos',of uncertain affinity; a fish:--fish.
G2487,ichnos/ikh'-nos,from ikneomai (to arrive; compare 2240); a track (figuratively):--step. see G2240
G2488,Ioatham/ee-o-ath'-am,"of Hebrew origin (3147); Joatham (i.e. Jotham), an Israelite:-- Joatham. see H3147"
G2489,Ioanna/ee-o-an'-nah,"feminine of the same as 2491; Joanna, a Christian:--Joanna. see G2491"
G2490,Ioannas/ee-o-an-nas',"a form of 2491; Joannas, an Israelite:--Joannas. see G2491"
G2491,Ioannes/ee-o-an'-nace,"of Hebrew origin (3110); Joannes (i.e. Jochanan), the name of four Israelites:--John. see H3110"
G2492,Iob/ee-obe',"of Hebrew origin (347); Job (i.e. Ijob), a patriarch:--Job. see H347"
G2493,Ioel/ee-o-ale',"of Hebrew origin (3100); Joel, an Israelite:--Joel. see H3100"
G2494,Ionan/ee-o-nan',"probably for 2491 or 2495; Jonan, an Israelite:--Jonan. see G2491 see G2495"
G2495,Ionas/ee-o-nas',"of Hebrew origin (3124); Jonas (i.e. Jonah), the name of two Israelites:--Jonas. see H3124"
G2496,Ioram/ee-o-ram',"of Hebrew origin (3141); Joram, an Israelite:--Joram. see H3141"
G2497,Ioreim/ee-o-rime',"perhaps for 2496; Jorim, an Israelite:--Jorim. see G2496"
G2498,Iosaphat/ee-o-saf-at',"of Hebrew origin (3092); Josaphat (i.e. Jehoshaphat), an Israelite:-- Josaphat. see H3092"
G2499,Iose/ee-o-say',"genitive case of 2500; Jose, an Israelite:--Jose. see G2500"
G2513,katharos/kath-ar-os',"of uncertain affinity; clean (literally or figuratively):--clean, clear, pure."
G2514,katharotes/kath-ar-ot'-ace,from 2513; cleanness (ceremonially):--purification. see G2513
G2515,kathedra/kath-ed'-rah,from 2596 and the same as 1476; a bench (literally or figuratively):--seat. see G2596 see G1476
G2516,kathezomai/kath-ed'-zom-ahee,from 2596 and the base of 1476; to sit down:--sit. see G2596 see G1476
G2517,kathexes/kath-ex-ace',"from 2596 and 1836; thereafter, i.e. consecutively; as a noun (by ellipsis of noun) a subsequent person or time:-- after(-ward), by (in) order. see G2596 see G1836"
G2518,katheudo/kath-yoo'-do,"from 2596 and heudo (to sleep); to lie down to rest, i.e. (by implication) to fall asleep (literally or figuratively):- -(be a-)sleep. see G2596"
G2519,kathegetes/kath-ayg-ay-tace',"from a compound of 2596 and 2233; a guide, i.e. (figuratively) a teacher:--master. see G2596 see G2233"
G2520,katheko/kath-ay'-ko,"from 2596 and 2240; to reach to, i.e. (neuter of present active participle, figuratively as adjective) becoming:-- convenient, fit. see G2596 see G2240"
G2521,kathemai/kath'-ay-mahee,"from 2596; and hemai (to sit; akin to the base of 1476); to sit down; figuratively, to remain, reside:--dwell, sit (by, down). see G2596 see G1476"
G2522,kathemerinos/kath-ay-mer-ee-nos',from 2596 and 2250; quotidian:--daily. see G2596 see G2250
G2523,kathizo/kath-id'-zo,"another (active) form for 2516; to seat down, i.e. set (figuratively, appoint); intransitively, to sit (down); figuratively, to settle (hover, dwell):--continue, set, sit (down), tarry. see G2516"
G2524,kathiemi/kath-ee'-ay-mee,from 2596; and hiemi (to send); to lower:--let down. see G2596
G2525,kathistemi/kath-is'-tay-mee,"from 2596 and 2476; to place down (permanently), i.e."
G2537,kainos/kahee-nos',of uncertain affinity; new (especially in freshness; while 3501 is properly so with respect to age:--new. see G3501
G2538,kainotes/kahee-not'-ace,from 2537; renewal (figuratively):--newness. see G2537
G2539,kaiper/kah'-ee-per,"from 2532 and 4007; and indeed, i.e. nevertheless or notwithstanding:--and yet, although. see G2532 see G4007"
G2540,kairos/kahee-ros',"of uncertain affinity; an occasion, i.e. set or proper time:--X always, opportunity, (convenient, due) season, (due, short, while) time, a while. Compare 5550. see G5550"
G2541,Kaisar/kah'-ee-sar,"of Latin origin; Caesar, a title of the Roman emperor:--Caesar."
G2542,Kaisereia/kahee-sar'-i-a,"from 2541; Caesaria, the name of two places in Palestine:-- Caesarea. see G2541"
G2543,kaitoi/kah'-ee-toy,"from 2532 and 5104; and yet, i.e. nevertheless:--although. see G2532 see G5104"
G2544,kaitoige/kah'-ee-toyg-eh,"from 2543 and 1065; and yet indeed, i.e. although really:-- nevertheless, though. see G2543 see G1065"
G2545,kaio/kah'-yo,"apparently a primary verb; to set on fire, i.e. kindle or (by implication) consume:--burn, light."
G2546,kakei/kak-i',"from 2532 and 1563; likewise in that place:--and there, there (thither) also. see G2532 see G1563"
G2547,kakeithen/kak-i'-then,"from 2532 and 1564; likewise from that place (or time):--and afterward (from) (thence), thence also. see G2532 see G1564"
G2548,kakeinos/kak-i'-nos,"from 2532 and 1565; likewise that (or those):--and him (other, them), even he, him also, them (also), (and) they. see G2532 see G1565"
G2549,kakia/kak-ee'-ah,"from 2556; badness, i.e. (subjectively) depravity, or (actively) malignity, or (passively) trouble:--evil, malice(-iousness), naughtiness, wickedness. see G2556"
G2563,kalamos/kal'-am-os,"or uncertain affinity; a reed (the plant or its stem, or that of a similar plant); by implication, a pen:--pen, reed."
G2564,kaleo/kal-eh'-o,"akin to the base of 2753; to ""call"" (properly, aloud, but used in a variety of applications, directly or otherwise):--bid, call (forth), (whose, whose sur-)name (was (called)). see G2753"
G2565,kallielaios/kal-le-el'-ah-yos,"from the base of 2566 and 1636; a cultivated olive tree, i.e. a domesticated or improved one:--good olive tree. see G2566 see G1636"
G2566,kallion/kal-lee'-on,neuter of the (irregular) comparative of 2570; (adverbially) better than many:--very well. see G2570
G2567,kalodidaskalos/kal-od-id-as'-kal-os,from 2570 and 1320; a teacher of the right:--teacher of good things. see G2570 see G1320
G2568,Kaloi Limenes/kal-oy' lee-men'-es,"plural of 2570 and 3040; Good Harbors, i.e. Fairhaven, a bay of Crete:--fair havens. see G2570 see G3040"
G2569,kalopoieo/kal-op-oy-eh'-o,"from 2570 and 4160; to do well, i.e. live virtuously:--well doing. see G2570 see G4160"
G2570,kalos/kal-os',"of uncertain affinity; properly, beautiful, but chiefly (figuratively) good (literally or morally), i.e. valuable or virtuous (for appearance or use, and thus distinguished from 18, which is properly intrinsic):--X better, fair, good(- ly), honest, meet, well, worthy. see G18"
G2571,kaluma/kal'-oo-mah,"from 2572; a cover, i.e. veil:--vail. see G2572"
G2572,kalupto/kal-oop'-to,"akin to 2813 and 2928; to cover up (literally or figuratively):--cover, hide. see G2813 see G2928"
G2573,kalos/kal-oce',"adverb from 2570; well (usually morally):--(in a) good (place), honestly, + recover, (full) well. see G2570"
G2574,kamelos/kam'-ay-los,"of Hebrew origin (1581); a ""camel"":--camel. see H1581"
G2575,kaminos/kam'-ee-nos,probably from 2545; a furnace:--furnace. see G2545
G2589,kardiognostes/kar-dee-og-noce'-tace,from 2588 and 1097; a heart-knower:--which knowest the hearts. see G2588 see G1097
G2590,karpos/kar-pos',"probably from the base of 726; fruit (as plucked), literally or figuratively:--fruit. see G726"
G2591,Karpos/kar'-pos,"perhaps for 2590; Carpus, probably a Christian:--Carpus. see G2590"
G2592,karpophoreo/kar-pof-or-eh'-o,"from 2593; to be fertile (literally or figuratively):--be (bear, bring forth) fruit(-ful). see G2593"
G2593,karpophoros/kar-pof-or'-os,from 2590 and 5342; fruitbearing (figuratively):--fruitful. see G2590 see G5342
G2594,kartereo/kar-ter-eh'-o,"from a derivative of 2904 (transposed); to be strong, i.e. (figuratively) steadfast (patient):--endure. see G2904"
G2595,karphos/kar'-fos,from karpho (to wither); a dry twig or straw:--mote.
G2596,kata/kat-ah',"a primary particle; (prepositionally) down (in place or time), in varied relations (according to the case (genitive, dative or accusative) with which it is joined):--about, according as (to), after, against, (when they were) X alone, among, and, X apart, (even, like) as (concerning, pertaining to touching), X aside, at, before, beyond, by, to the charge of, (charita-)bly, concerning, + covered, (dai-)ly, down, every, (+ far more) exceeding, X more excellent, for, from ... to, godly, in(-asmuch, divers, every, -to, respect of), ... by, after the manner of, + by any means, beyond (out of) measure, X mightily, more, X natural, of (up-)on (X part), out (of every), over against, (+ your) X own, + particularly, so, through(-oughout, - oughout every), thus, (un-)to(-gether, -ward), X uttermost, where(-by), with. In composition it retains many of these applications, and frequently denotes opposition, distribution, or intensity."
G2597,katabaino/kat-ab-ah'-ee-no,"from 2596 and the base of 939; to descend (literally or figuratively):--come (get, go, step) down, fall (down). see G2596 see G939"
G2611,katadeo/kat-ad-eh'-o,"from 2596 and 1210; to tie down, i.e. bandage (a wound):--bind up. see G2596 see G1210"
G2612,katadelos/kat-ad'-ay-los,from 2596 intensive and 1212; manifest:--far more evident. see G2596 see G1212
G2613,katadikazo/kat-ad-ik-ad'-zo,"from 2596 and a derivative of 1349; to adjudge against, i.e. pronounce guilty:--condemn. see G2596 see G1349"
G2614,katadioko/kat-ad-ee-o'-ko,"from 2596 and 1377; to hunt down, i.e. search for:--follow after. see G2596 see G1377"
G2615,katadouloo/kat-ad-oo-lo'-o,from 2596 and 1402; to enslave utterly:--bring into bondage. see G2596 see G1402
G2616,katadunasteuo/kat-ad-oo-nas-tyoo'-o,"from 2596 and a derivative of 1413; to exercise dominion against, i.e. oppress:--oppress. see G2596 see G1413"
G2617,kataischuno/kat-ahee-skhoo'-no,"from 2596 and 153; to shame down, i.e. disgrace or (by implication) put to the blush:--confound, dishonour, (be a-, make a-)shame(-d). see G2596 see G153"
G2618,katakaio/kat-ak-ah'-ee-o,"from 2596 and 2545; to burn down (to the ground), i.e. consume wholly:--burn (up, utterly). see G2596 see G2545"
G2619,katakalupto/kat-ak-al-oop'-to,"from 2596 and 2572; to cover wholly, i.e. veil:--cover, hide. see G2596 see G2572"
G2620,katakauchaomai/kat-ak-ow-khah'-om- ahee,"from 2596 and 2744; to exult against (i.e. over):--boast (against), glory, rejoice against. see G2596 see G2744"
G2621,katakeimai/kat-ak'-i-mahee,"from 2596 and 2749; to lie down, i.e. (by implication) be sick; specially, to recline at a meal:--keep, lie, sit at meat (down). see G2596 see G2749"
G2622,kataklao/kat-ak-lah'-o,"from 2596 and 2806; to break down, i.e. divide:--break. see G2596 see G2806"
G2636,katalalia/kat-al-al-ee'-ah,"from 2637; defamation:--backbiting, evil speaking. see G2637"
G2637,katalalos/kat-al'-al-os,"from 2596 and the base of 2980; talkative against, i.e. a slanderer:-- backbiter. see G2596 see G2980"
G2638,katalambano/kat-al-am-ban'-o,"from 2596 and 2983; to take eagerly, i.e. seize, possess, etc. (literally or figuratively):--apprehend, attain, come upon, comprehend, find, obtain, perceive, (over-)take. see G2596 see G2983"
G2639,katalego/kat-al-eg'-o,"from 2596 and 3004 (in its original meaning); to lay down, i.e. (figuratively) to enrol:--take into the number. see G2596 see G3004"
G2640,kataleimma/kat-al'-ime-mah,"from 2641; a remainder, i.e. (by implication) a few:-- remnant. see G2641"
G2641,kataleipo/kat-al-i'-po,"from 2596 and 3007; to leave down, i.e. behind; by implication, to abandon, have remaining:--forsake, leave, reserve. see G2596 see G3007"
G2642,katalithazo/kat-al-ith-ad'-zo,"from 2596 and 3034; to stone down, i.e. to death:--stone. see G2596 see G3034"
G2643,katallage/kat-al-lag-ay',"from 2644; exchange (figuratively, adjustment), i.e. restoration to (the divine) favor:--atonement, reconciliation(- ing). see G2644"
G2644,katallasso/kat-al-las'-so,"from 2596 and 236; to change mutually, i.e. (figuratively) to compound a difference:--reconcile. see G2596 see G236"
G2645,kataloipos/kat-al'-oy-pos,"from 2596 and 3062; left down (behind), i.e remaining (plural the rest):--residue. see G2596 see G3062"
G2646,kataluma/kat-al'-oo-mah,"from 2647; properly, a dissolution (breaking up of a journey), i.e. (by implication) a lodging-place:-- guestchamber, inn. see G2647"
G2647,kataluo/kat-al-oo'-o,"from 2596 and 3089; to loosen down (disintegrate), i.e. (by implication) to demolish (literally or figuratively); specially (compare 2646) to halt for the night:--"
G2659,katanuxis/kat-an'-oox-is,"from 2660; a prickling (sensation, as of the limbs asleep), i.e. (by implication, (perhaps by some confusion with 3506 or even with 3571)) stupor (lethargy):--slumber. see G2660 see G3506 see G3571"
G2660,katanusso/kat-an-oos'-so,"from 2596 and 3572; to pierce thoroughly, i.e. (figuratively) to agitate violently (""sting to the quick""):--prick. see G2596 see G3572"
G2661,kataxioo/kat-ax-ee-o'-o,from 2596 and 515; to deem entirely deserving:--(ac-)count worthy. see G2596 see G515
G2662,katapateo/kat-ap-at-eh'-o,"from 2596 and 3961; to trample down; figuratively, to reject with disdain:--trample, tread (down, underfoot). see G2596 see G3961"
G2663,katapausis/kat-ap'-ow-sis,"from 2664; reposing down, i.e. (by Hebraism) abode:--rest. see G2664"
G2664,katapauo/kat-ap-ow'-o,"from 2596 and 3973; to settle down, i.e. (literally) to colonize, or (figuratively) to (cause to) desist:--cease, (give) rest(-rain). see G2596 see G3973"
G2665,katapetasma/kat-ap-et'-as-mah,"from a compound of 2596 and a congener of 4072; something spread thoroughly, i.e. (specially) the door screen (to the Most Holy Place) in the Jewish Temple:--vail. see G2596 see G4072"
G2666,katapino/kat-ap-ee'-no,"from 2596 and 4095; to drink down, i.e. gulp entire (literally or figuratively):--devour, drown, swallow (up). see G2596 see G4095"
G2667,katapipto/kat-ap-ip'-to,from 2596 and 4098; to fall down:--fall (down) see G2596 see G4098
G2668,katapleo/kat-ap-leh'-o,"from 2596 and 4126; to sail down upon a place, i.e. to land at:-- arrive. see G2596 see G4126"
G2669,kataponeo/kat-ap-on-eh'-o,"from 2596 and a derivative of 4192; to labor down, i.e. wear with toil (figuratively, harass):--oppress, vex. see G2596 see G4192"
G2681,kataskenoo/kat-as-kay-no'-o,"from 2596 and 4637; to camp down, i.e. haunt; figuratively, to remain:--lodge, rest. see G2596 see G4637"
G2682,kataskenosis/kat-as-kay'-no-sis,"from 2681; an encamping, i.e. (figuratively) a perch:-- nest. see G2681"
G2683,kataskiazo/kat-as-kee-ad'-zo,"from 2596 and a derivative of 4639; to overshade, i.e. cover:--shadow. see G2596 see G4639"
G2684,kataskopeo/kat-as-kop-eh'-o,"from 2685; to be a sentinel, i.e. to inspect insidiously:-- spy out. see G2685"
G2685,kataskopos/kat-as'-kop-os,from 2596 (intensive) and 4649 (in the sense of a watcher); a reconnoiterer:--spy. see G2596 see G4649
G2686,katasophizomai/kat-as-of-id'-zom- ahee,"middle voice from 2596 and 4679; to be crafty against, i.e. circumvent:--deal subtilly with. see G2596 see G4679"
G2687,katastello/kat-as-tel'-lo,"from 2596 and 4724; to put down, i.e. quell:--appease, quiet. see G2596 see G4724"
G2688,katastema/kat-as'-tay-mah,"from 2525; properly, a position or condition, i.e. (subjectively) demeanor:--behaviour. see G2525"
G2689,katastole/kat-as-tol-ay',"from 2687; a deposit, i.e. (specially) costume:--apparel. see G2687"
G2690,katastrepho/kat-as-tref'-o,"from 2596 and 4762; to turn upside down, i.e. upset:-- overthrow. see G2596 see G4762"
G2691,katastreniao/kat-as-tray-nee-ah'-o,from 2596 and 4763; to become voluptuous against:--begin to wax wanton against. see G2596 see G4763
G2692,katastrophe/kat-as-trof-ay',"from 2690; an overturn (""catastrophe""), i.e. demolition; figuratively, apostasy:--overthrow, subverting. see G2690"
G2693,katastronnumi/kat-as-trone'-noo-mee,"from 2596 and 4766; to strew down, i.e. (by"
G2706,kataphroneo/kat-af-ron-eh'-o,"from 2596 and 5426; to think against, i.e. disesteem:-- despise. see G2596 see G5426"
G2707,kataphrontes/kat-af-ron-tace',from 2706; a contemner:--despiser. see G2706
G2708,katacheo/kat-akh-eh'-o,from 2596 and cheo (to pour); to pour down (out):--pour. see G2596
G2709,katachthonios/kat-akh-thon'-ee-os,"from 2596 and chthon (the ground); subterranean, i.e. infernal (belonging to the world of departed spirits):--under the earth. see G2596"
G2710,katachraomai/kat-akh-rah'-om-ahee,"from 2596 and 5530; to overuse, i.e. misuse:-- abuse. see G2596 see G5530"
G2711,katapsucho/kat-ap-soo'-kho,"from 2596 and 5594; to cool down (off), i.e. refresh:-- cool. see G2596 see G5594"
G2712,kateidolos/kat-i'-do-los,from 2596 (intensively) and 1497; utterly idolatrous:--wholly given to idolatry. see G2596 see G1497
G2713,katenanti/kat-en'-an-tee,"from 2596 and 1725; directly opposite:--before, over against. see G2596 see G1725"
G2714,katenopion/kat-en-o'-pee-on,"from 2596 and 1799; directly in front of:--before (the presence of), in the sight of. see G2596 see G1799"
G2715,katexousiazo/kat-ex-oo-see-ad'-zo,from 2596 and 1850; to have (wield) full privilege over:--exercise authority. see G2596 see G1850
G2716,katergazomai/kat-er-gad'-zom-ahee,"from 2596 and 2038; to work fully, i.e. accomplish; by implication, to finish, fashion:--cause, to (deed), perform, work (out). see G2596 see G2038"
G2717,Not/Used,
G2718,katerchomai/kat-er'-khom-ahee,"from 2596 and 2064 (including its alternate); to come (or go) down (literally or figuratively):--come (down), depart, descend, go down, land. see G2596 see G2064"
G2719,katesthio/kat-es-thee'-o,"from 2596 and 2068 (including its alternate); to eat down, i.e. figuratively):--dwell(-er), inhabitant(-ter). see G2596 see G3611"
G2731,katoikesis/kat-oy'-kay-sis,"from 2730; residence (properly, the act; but by implication, concretely, the mansion):--dwelling. see G2730"
G2732,katoiketerion/kat-oy-kay-tay'-ree-on,from a derivative of 2730; a dwelling-place:-- habitation. see G2730
G2733,katoikia/kat-oy-kee'-ah,"residence (properly, the condition; but by implication, the abode itself):--habitation."
G2734,katoptrizomai/kat-op-trid'-zom-ahee,"middle voice from a compound of 2596 and a derivative of 3700 (compare 2072); to mirror oneself, i.e. to see reflected (figuratively):--behold as in a glass. see G2596 see G3700 see G2072"
G2735,katorthoma/kat-or'-tho-mah,"from a compound of 2596 and a derivative of 3717 (compare 1357); something made fully upright, i.e. (figuratively) rectification (specially, good public administration):--very worthy deed. see G2596 see G3717 see G1357"
G2736,kato/kat'-o;/also/(compare,") (compare 2737); adverb from 2596; downwards:--beneath, bottom, down, under. see G2737 see G2596"
G2737,katoteros/kat-o'-ter-os,"comparative from 2736; inferior (locally, of Hades):--lower. see G2736"
G2738,kauma/kow'-mah,"from 2545; properly, a burn (concretely), but used (abstractly) of a glow:- -heat. see G2545"
G2739,kaumatizo/kow-mat-id'-zo,from 2738; to burn:--scorch. see G2738
G2740,kausis/kow'-sis,from 2545; burning (the act):--be burned. see G2545
G2741,kausoo/kow-so'-o,from 2740; to set on fire:--fervent heat. see G2740
G2742,kauson/kow'-sone,from 2741; a glare:-- (burning) heat. see G2741
G2743,kauteriazo/kow-tay-ree-ad'-zo,"from a derivative of 2545; to brand (""cauterize""), i.e. (by implication) to render unsensitive (figuratively):-- sear with a hot iron. see G2545 sounding, i.e. fruitless discussion:--vain. see G2756 see G5456"
G2758,kenoo/ken-o'-o,"from 2756; to make empty, i.e. (figuratively) to abase, neutralize, falsify:--make (of none effect, of no reputation, void), be in vain. see G2756"
G2759,kentron/ken'-tron,"from kenteo (to prick); a point (""centre""), i.e. a sting (figuratively, poison) or goad (figuratively, divine impulse):-- prick, sting."
G2760,kenturion/ken-too-ree'-ohn,"of Latin origin; a centurion, i.e. captain of one hundred soldiers:--centurion."
G2761,kenos/ken-oce',"adverb from 2756; vainly, i.e. to no purpose:--in vain. see G2756"
G2762,keraia/ker-ah'-yah,"feminine of a presumed derivative of the base of 2768; something horn-like, i.e. (specially) the apex of a Hebrew letter (figuratively, the least particle):--tittle. see G2768"
G2763,kerameus/ker-am-yooce',from 2766; a potter:--potter. see G2766
G2764,keramikos/ker-am-ik-os',"from 2766; made of clay, i.e. earthen:--of a potter. see G2766"
G2765,keramion/ker-am'-ee-on,"neuter of a presumed derivative of 2766; an earthenware vessel, i.e. jar:--pitcher. see G2766"
G2766,keramos/ker'-am-os,"probably from the base of 2767 (through the idea of mixing clay and water); earthenware, i.e. a tile (by analogy, a thin roof or awning):--tiling. see G2767"
G2767,kerannumi/ker-an'-noo-mee,"prolonged form of a more primary kerao ker-ah'-o (which is used in certain tenses); to mingle, i.e. (by implication) to pour out (for drinking):--fill, pour out. Compare 3396. see G3396"
G2768,keras/ker'-as,from a primary kar (the hair of the head); a horn (literally or figuratively):-- horn.
G2769,keration/ker-at'-ee-on,"neuter of a presumed derivative of 2768; something horned, i.e. (specially) the pod of the carob-tree:--husk. see G2768"
G2784,kerusso/kay-roos'-so,"of uncertain affinity; to herald (as a public crier), especially divine truth (the gospel):--preacher(-er), proclaim, publish."
G2785,ketos/kay'-tos,probably from the base of 5490; a huge fish (as gaping for prey):--whale. see G5490
G2786,Kephas/kay-fas',"of Chaldee origin (compare 3710); the Rock; Cephas (i.e. Kepha), a surname of Peter:--Cephas. see H3710"
G2787,kibotos/kib-o-tos',"of uncertain derivation; a box, i.e. the sacred ark and that of Noah:--ark."
G2788,kithara/kith-ar'-ah,of uncertain affinity; a lyre:--harp.
G2789,kitharizo/kith-ar-id'-zo,from 2788; to play on a lyre:--harp. see G2788
G2790,kitharoidos/kith-ar-o'-dos,"from 2788 and a derivative of the same as 5603; a lyre-singer(- player), i.e. harpist:--harper. see G2788 see G5603"
G2791,Kilikia/kil-ik-ee'-ah,"probably of foreign origin; Cilicia, a region of Asia Minor:-- Cilicia."
G2792,kinamomon/kin-am'-o-mon,of foreign origin (compare 7076); cinnamon:--cinnamon. see H7076
G2793,kinduneuo/kin-doon-yoo'-o,"from 2794; to undergo peril:--be in danger, be (stand) in jeopardy. see G2794"
G2794,kindunos/kin'-doo-nos,of uncertain derivation; danger:--peril.
G2795,kineo/kin-eh'-o,"from kio (poetic for eimi, to go); to stir (transitively), literally or figuratively:--(re-)move(-r), way."
G2796,kinesis/kin'-ay-sis,from 2795; a stirring:--moving. see G2795
G2797,Kis/kis,"of Hebrew origin (7027); Cis (i.e. Kish), an Israelite:--Cis. see H7027"
G2798,klados/klad'-os,see G2806
G2799,klaio/klah'-yo,"of uncertain affinity; to sob, i.e. wail aloud (whereas 1145 is rather to cry silently):--bewail, weep."
G2817,kleronomia/klay-ron-om-ee'-ah,"from 2818; heirship, i.e. (concretely) a patrimony or (genitive case) a possession:--inheritance. see G2818"
G2818,kleronomos/klay-ron-om'-os,"from 2819 and the base of 3551 (in its original sense of partitioning, i.e. (reflexively) getting by apportionment); a sharer by lot, i.e. inheritor (literally or figuratively); by implication, a possessor:--heir. see G2819 see G3551"
G2819,kleros/klay'-ros,"probably from 2806 (through the idea of using bits of wood, etc., for the purpose; a die (for drawing chances); by implication, a portion (as if so secured); by extension, an acquisition (especially a patrimony, figuratively):--heritage, inheritance, lot, part. see G2806"
G2820,kleroo/klay-ro'-o,"from 2819; to allot, i.e. (figuratively) to assign (a privilege):--obtain an inheritance. see G2819"
G2821,klesis/klay'-sis,from a shorter form of 2564; an invitation (figuratively):--calling. see G2564
G2822,kletos/klay-tos',"from the same as 2821; invited, i.e. appointed, or (specially), a saint:-- called. see G2821"
G2823,klibanos/klib'-an-os,of uncertain derivation; an earthen pot used for baking in:--oven.
G2824,klima/klee'-mah,"from 2827; a slope, i.e. (specially) a ""clime"" or tract of country:--part, region. see G2827"
G2825,kline/klee'-nay,"from 2827; a couch (for sleep, sickness, sitting or eating):--bed, table. see G2827"
G2826,klinidion/klin-id'-ee-on,neuter of a presumed derivative of 2825; a pallet or little couch:--bed. see G2825
G2827,klino/klee'-no,"a primary verb; to slant or slope, i.e. incline or recline (literally or figuratively):--bow (down), be far spent, lay, turn to flight, wear away."
G2842,koinonia/koy-nohn-ee'-ah,"from 2844; partnership, i.e. (literally) participation, or (social) intercourse, or (pecuniary) benefaction:--(to) communicate(-ation), communion, (contri- )distribution, fellowship. see G2844"
G2843,koinonikos/koy-no-nee-kos',"from 2844; communicative, i.e. (pecuniarily) liberal:-- willing to communicate. see G2844"
G2844,koinonos/koy-no-nos',"from 2839; a sharer, i.e. associate:--companion, X fellowship, partaker, partner. see G2839"
G2845,koite/koy'-tay,"from 2749; a couch; by extension, cohabitation; by implication, the male sperm:--bed, chambering, X conceive. see G2749"
G2846,koiton/koy-tone',from 2845; a bedroom:--+ chamberlain. see G2845
G2847,kokkinos/kok'-kee-nos,"from 2848 (from the kernel-shape of the insect); crimson- colored:--scarlet (colour, coloured). see G2848"
G2848,kokkos/kok'-kos,"apparently a primary word; a kernel of seed:--corn, grain."
G2849,kolazo/kol-ad'-zo,"from kolos (dwarf); properly, to curtail, i.e. (figuratively) to chastise (or reserve for infliction):--punish."
G2850,kolakeia/kol-ak-i'-ah,from a derivative of kolax (a fawner); flattery:--X flattering.
G2851,kolasis/kol'-as-is,"from 2849; penal infliction:--punishment, torment. see G2849"
G2852,kolaphizo/kol-af-id'-zo,from a derivative of the base of 2849; to rap with the fist:-- buffet. see G2849
G2853,kollao/kol-lah'-o,"from kolla (""glue""); to glue, i.e. (passively or reflexively) to stick (figuratively):--cleave, join (self), keep company."
G2854,kollourion/kol-loo'-ree-on,"neuter of a presumed derivative of kollura (a cake; prob akin to the base of 2853); properly, a poultice (as made of or in the form of crackers), i.e. (by analogy) a plaster:-- eyesalve. see G2853"
G2855,kollubistes/kol-loo-bis-tace',from a presumed derivative of kollubos (a small coin; probably akin to 2854); a coin-dealer:--(money- )changer. see G2854
G2871,kope/kop-ay',"from 2875; cutting, i.e. carnage:--slaughter. see G2875"
G2872,kopiao/kop-ee-ah'-o,"from a derivative of 2873; to feel fatigue; by implication, to work hard:--(bestow) labour, toil, be wearied. see G2873"
G2873,kopos/kop'-os,"from 2875; a cut, i.e. (by analogy) toil (as reducing the strength), literally or figuratively; by implication, pains:--labour, + trouble, weariness. see G2875"
G2874,kopria/kop-ree'-ah,from kopros (ordure; perhaps akin to 2875); manure:--dung(- hill). see G2875
G2875,kopto/kop'-to,"a primary verb; to ""chop""; specially, to beat the breast in grief:--cut down, lament, mourn, (be-)wail. Compare the base of 5114. see G5114"
G2876,korax/kor'-ax,perhaps from 2880; a crow (from its voracity):--raven. see G2880
G2877,korasion/kor-as'-ee-on,"neuter of a presumed derivative of kore (a maiden); a (little) girl:--damsel, maid."
G2878,korban/kor-ban',"of Hebrew and Chaldee origin respectively (7133); a votive offering and the offering; a consecrated present (to the Temple fund); by extension (the latter term) the Treasury itself, i.e. the room where the contribution boxes stood:--Corban, treasury. see H7133"
G2879,Kore/kor-eh',"of Hebrew origin (7141); Core (i.e. Korach), an Israelite:--Core. see H7141"
G2880,korennumi/kor-en'-noo-mee,"a primary verb; to cram, i.e. glut or sate:--eat enough, full."
G2881,Korinthios/kor-in'-thee-os,"from 2882; a Corinthian, i.e. inhabitant of Corinth:--Corinthian. see G2882"
G2882,Korinthos/kor'-in-thos,"of uncertain derivation; Corinthus, a city of Greece:--Corinth."
G2883,Kornelios/kor-nay'-lee-os,"of Latin origin; Cornelius, a Roman:--Cornelius."
G2884,koros/kor'-os,"of Hebrew origin (3734); a cor, i.e. a specific measure:--measure. see H3734"
G2885,kosmeo/kos-meh'-o,"from 2889; to put in proper order, i.e. decorate (literally or"
G2899,kraspedon/kras'-ped-on,"of uncertain derivation; a margin, i.e. (specially), a fringe or tassel:--border, hem."
G2900,krataios/krat-ah-yos',from 2904; powerful:--mighty. see G2904
G2901,krataioo/krat-ah-yo'-o,"from 2900; to empower, i.e. (passively) increase in vigor:--be strengthened, be (wax) strong. see G2900"
G2902,krateo/krat-eh'-o,"from 2904; to use strength, i.e. seize or retain (literally or figuratively):--hold (by, fast), keep, lay hand (hold) on, obtain, retain, take (by). see G2904"
G2903,kratistos/krat'-is-tos,"superlative of a derivative of 2904; strongest, i.e. (in dignity) very honorable:--most excellent (noble). see G2904"
G2904,kratos/krat'-os,"perhaps a primary word; vigor (""great"") (literally or figuratively):-- dominion, might(-ily), power, strength."
G2905,kraugazo/krow-gad'-zo,from 2906; to clamor:--cry out. see G2906
G2906,krauge/krow-gay',"from 2896; an outcry (in notification, tumult or grief):--clamour, cry(-ing). see G2896"
G2907,kreas/kreh'-as,perhaps a primary word; (butcher's) meat:--flesh.
G2908,kreisson/krice'-son,"neuter of an alternate form of 2909; (as noun) better, i.e. greater advantage:--better. see G2909"
G2909,kreitton/krite'-tohn,"comparative of a derivative of 2904; stronger, i.e. (figuratively) better, i.e. nobler:--best, better. see G2904"
G2910,kremannumi/krem-an'-noo-mee,a prolonged form of a primary verb; to hang:--hang.
G2911,kremnos/krame-nos',"from 2910; overhanging, i.e. a precipice:--steep place. see G2910"
G2912,Kres/krace,"from 2914; a Cretan, i.e. inhabitant of Crete:--Crete, Cretian. see G2914"
G2913,Kreskes/krace'-kace,"of Latin origin; growing; Cresces (i.e. Crescens), a Christian:-- Crescens."
G2928,krupto/kroop'-to,"a primary verb; to conceal (properly, by covering):--hide (self), keep secret, secret(-ly)."
G2929,krustallizo/kroos-tal-lid'-zo,"from 2930; to make (i.e. intransitively, resemble) ice (""crystallize""):--be clear as crystal. see G2930"
G2930,krustallos/kroos'-tal-los,"from a derivative of kruos (frost); ice, i.e. (by analogy) rock ""crystal"":--crystal."
G2931,kruphe/kroo-fay',adverb from 2928; privately:--in secret. see G2928
G2932,ktaomai/ktah'-om-ahee,"a primary verb; to get, i.e. acquire (by any means; own):-- obtain, possess, provide, purchase."
G2933,ktema/ktay'-mah,"from 2932; an acquirement, i.e. estate:--possession. see G2932"
G2934,ktenos/ktay'-nos,"from 2932; property, i.e. (specially) a domestic animal:--beast. see G2932"
G2935,ktetor/ktay'-tore,from 2932; an owner:--possessor. see G2932
G2936,ktizo/ktid'-zo,"probably akin to 2932 (through the idea of proprietorship of the manufacturer); to fabricate, i.e. found (form originally):--create, Creator, make. see G2932"
G2937,ktisis/ktis'-is,"from 2936; original formation (properly, the act; by implication, the thing, literally or figuratively):--building, creation, creature, ordinance. see G2936"
G2938,ktisma/ktis'-mah,"from 2936; an original formation (concretely), i.e. product (created thing):--creature. see G2936"
G2939,ktistes/ktis-tace',"from 2936; a founder, i.e. God (as author of all things):--Creator. see G2936"
G2940,kubeia/koo-bi'-ah,"from kubos (a ""cube"", i.e. die for playing); gambling, i.e. (figuratively) artifice or fraud:--sleight."
G2941,kubernesis/koo-ber'-nay-sis,"from kubernao (of Latin origin, to steer); pilotage, i.e. (figuratively) directorship (in the church):-- government."
G2956,Kurenaios/koo-ray-nah'-yos,"from 2957; i.e. Cyrenaean, i.e. inhabitant of Cyrene:--of Cyrene, Cyrenian. see G2957"
G2957,Kurene/koo-ray'-nay,"of uncertain derivation; Cyrene, a region of Africa:--Cyrene."
G2958,Kurenios/koo-ray'-nee-os,"of Latin origin; Cyrenius (i.e. Quirinus), a Roman:-- Cyrenius."
G2959,Kuria/koo-ree'-ah,"feminine of 2962; Cyria, a Christian woman:--lady. see G2962"
G2960,kuriakos/koo-ree-ak-os',from 2962; belonging to the Lord (Jehovah or Jesus):--Lord's. see G2962
G2961,kurieuo/ko-ree-yoo'-o,"from 2962; to rule:--have dominion over, lord, be lord of, exercise lordship over. see G2962"
G2962,kurios/koo'-ree-os,"from kuros (supremacy); supreme in authority, i.e. (as noun) controller; by implication, Master (as a respectful title):-- God, Lord, master, Sir."
G2963,kuriotes/koo-ree-ot'-ace,"from 2962; mastery, i.e. (concretely and collectively) rulers:-- dominion, government. see G2962"
G2964,kuroo/koo-ro'-o,"from the same as 2962; to make authoritative, i.e. ratify:--confirm. see G2962"
G2965,kuon/koo'-ohn,"a primary word; a dog (""hound"") (literally or figuratively):--dog."
G2966,kolon/ko'-lon,from the base of 2849; a limb of the body (as if lopped):--carcase. see G2849
G2967,koluo/ko-loo'-o,"from the base of 2849; to estop, i.e. prevent (by word or act):--forbid, hinder, keep from, let, not suffer, withstand. see G2849"
G2968,kome/ko'-may,"from 2749; a hamlet (as if laid down):--town, village. see G2749"
G2969,komopolis/ko-mop'-ol-is,from 2968 and 4172; an unwalled city:--town. see G2968 see G4172
G2970,komos/ko'-mos,"from 2749; a carousal (as if letting loose):--revelling, rioting. see G2749"
G2971,konops/ko'-nopes,"apparently a derivative of the base of 2759 and a derivative of obtain, receive (X after), take (away, up). see G1209 see G138"
G2984,Lamech/lam'-ekh,"of Hebrew origin (3929); Lamech (i.e. Lemek), a patriarch:--Lamech. see H3929"
G2985,lampas/lam-pas',"from 2989; a ""lamp"" or flambeau:--lamp, light, torch. see G2989"
G2986,lampros/lam-pros',"from the same as 2985; radiant; by analogy, limpid; figuratively, magnificent or sumptuous (in appearance):--bright, clear, gay, goodly, gorgeous, white. see G2985"
G2987,lamprotes/lam-prot'-ace,from 2986; brilliancy:--brightness. see G2986
G2988,lampros/lam-proce',"adverb from 2986; brilliantly, i.e. figuratively, luxuriously:-- sumptuously. see G2986"
G2989,lampo/lam'-po,"a primary verb; to beam, i.e. radiate brilliancy (literally or figuratively):--give light, shine."
G2990,lanthano/lan-than'-o,"a prolonged form of a primary verb, which is used only as an alternate in certain tenses; to lie hid (literally or figuratively); often used adverbially, unwittingly:--be hid, be ignorant of, unawares."
G2991,laxeutos/lax-yoo-tos',from a compound of las (a stone) and the base of 3584 (in its original sense of scraping); rock-quarried:--hewn in stone. see G3584
G2992,laos/lah-os',"apparently a primary word; a people (in general; thus differing from 1218, which denotes one's own populace):--people. see G1218"
G2993,Laodikeia/lah-od-ik'-i-ah,"from a compound of 2992 and 1349; Laodicia, a place in Asia Minor:--Laodicea. see G2992 see G1349"
G2994,Laodikeus/lah-od-ik-yooce',"from 2993; a Laodicean, i.e. inhabitant of Laodicia:-- Laodicean. see G2993"
G2995,larugx/lar'-oongks,"of uncertain derivation; the throat (""larynx""):--throat."
G2996,Lasaia/las-ah'-yah,"of uncertain origin; Lasaea, a place in Crete:--Lasea."
G3009,leitourgia/li-toorg-ee'-ah,"from 3008; public function (as priest (""liturgy"") or almsgiver):-- ministration(-try), service. see G3008"
G3010,leitourgikos/li-toorg-ik-os',"from the same as 3008; functional publicly (""liturgic""); i.e. beneficient:--ministering. see G3008"
G3011,leitourgos/li-toorg-os',"from a derivative of 2992 and 2041; a public servant, i.e. a functionary in the Temple or Gospel, or (genitive case) a worshipper (of God) or benefactor (of man):--minister(-ed). see G2992 see G2041"
G3012,lention/len'-tee-on,"of Latin origin; a ""linen"" cloth, i.e. apron:--towel."
G3013,lepis/lep-is',from lepo (to peel); a flake:--scale.
G3014,lepra/lep'-rah,"from the same as 3013; scaliness, i.e. ""leprosy"":--leprosy. see G3013"
G3015,lepros/lep-ros',"from the same as 3014; scaly, i.e. leprous (a leper):--leper. see G3014"
G3016,lepton/lep-ton',"neuter of a derivative of the same as 3013; something scaled (light), i.e. a small coin:--mite. see G3013"
G3017,Leui/lyoo'-ee,"of Hebrew origin (3878); Levi, the name of three Israelites:--Levi. Compare 3018. see G3018 see H3878"
G3018,Leuis/lyoo-is',"a form of 3017; Lewis (i.e. Levi), a Christian:--Levi. see G3017"
G3019,Leuites/lyoo-ee'-tace,"from 3017; a Levite, i.e. descendant of Levi:--Levite. see G3017"
G3020,Leuitikos/lyoo-it'-ee-kos,"from 3019; Levitic, i.e. relating to the Levites:--Levitical. see G3019"
G3021,leukaino/lyoo-kah'-ee-no,"from 3022; to whiten:--make white, whiten. see G3022"
G3022,leukos/lyoo-kos',"from luke (""light""); white:--white."
G3023,leon/leh-ohn',"a primary word; a ""lion"":- -lion."
G3024,lethe/lay'-thay,from 2990; forgetfulness:--+ forget. see G2990
G3025,lenos/lay-nos',"apparently a primary word; a trough, i.e. wine-vat:--winepress."
G3042,limos/lee-mos',"probably from 3007 (through the idea of destitution); a scarcity of food:- -dearth, famine, hunger. see G3007"
G3043,linon/lee'-non,"probably a primary word; flax, i.e. (by implication) ""linen"":--linen."
G3044,Linos/lee'-nos,"perhaps from 3043; Linus, a Christian:--Linus. see G3043"
G3045,liparos/lip-ar-os',"from lipos (grease); fat, i.e. (figuratively) sumptuous:--dainty."
G3046,litra/lee'-trah,of Latin origin (libra); a pound in weight:--pound.
G3047,lips/leeps,"probably from leibo (to pour a ""libation""); the south(- west) wind (as bringing rain, i.e. (by extension) the south quarter):-- southwest."
G3048,logia/log-ee'-ah,"from 3056 (in the commercial sense); a contribution:--collection, gathering. see G3056"
G3049,logizomai/log-id'-zom-ahee,"middle voice from 3056; to take an inventory, i.e. estimate (literally or figuratively):--conclude, (ac-)count (of), + despise, esteem, impute, lay, number, reason, reckon, suppose, think (on). see G3056"
G3050,logikos/log-ik-os',"from 3056; rational (""logical""):--reasonable, of the word. see G3056"
G3051,logion/log'-ee-on,neuter of 3052; an utterance (of God):--oracle. see G3052
G3052,logios/log'-ee-os,"from 3056; fluent, i.e. an orator:--eloquent. see G3056"
G3053,logismos/log-is-mos',"from 3049; computation, i.e. (figuratively) reasoning (conscience, conceit):--imagination, thought. see G3049"
G3054,logomacheo/log-om-akh-eh'-o,from a compound of 3056 and 3164; to be disputatious (on trifles):--strive about words. see G3056 see G3164
G3055,logomachia/log-om-akh-ee'-ah,"from the same as 3054; disputation about trifles (""logomachy""):--strife of words. see G3054"
G3056,logos/log'-os,"from 3004; something said (including the thought); by implication, a topic (subject of discourse), also reasoning (the mental faculty) or motive; by extension, a computation;"
G3069,Ludda/lud'-dah,"of Hebrew origin (3850); Lydda (i.e. Lod), a place in Palestine:-- Lydda. see H3850"
G3070,Ludia/loo-dee'-ah,"properly, feminine of Ludios (of foreign origin) (a Lydian, in Asia Minor); Lydia, a Christian woman: -Lydia."
G3071,Lukaonia/loo-kah-on-ee'-ah,"perhaps remotely from 3074; Lycaonia, a region of Asia Minor:--Lycaonia. see G3074"
G3072,Lukaonisti/loo-kah-on-is-tee',"adverb from a derivative of 3071; Lycaonistically, i.e. in the language of the Lycaonians:--in the speech of Lycaonia. see G3071"
G3073,Lukia/loo-kee'-ah,"probably remotely from 3074; Lycia, a province of Asia Minor:-- Lycia. see G3074"
G3074,lukos/loo'-kos,perhaps akin to the base of 3022 (from the whitish hair); a wolf:--wolf. see G3022
G3075,lumainomai/loo-mah'-ee-nom-ahee,"middle voice from a probably derivative of 3089 (meaning filth); properly, to soil, i.e. (figuratively) insult (maltreat):--make havock of. see G3089"
G3076,lupeo/loo-peh'-o,"from 3077; to distress; reflexively or passively, to be sad:--cause grief, grieve, be in heaviness, (be) sorrow(-ful), be (make) sorry. see G3077"
G3077,lupe/loo'-pay,"apparently a primary word; sadness:--grief, grievous, + grudgingly, heaviness, sorrow."
G3078,Lusanias/loo-san-ee'-as,"from 3080 and ania (trouble); grief-dispelling; Lysanias, a governor of Abilene:--Lysanias. see G3080"
G3079,Lusias/loo-see'-as,"of uncertain affinity; Lysias, a Roman:--Lysias."
G3080,lusis/loo'-sis,"from 3089; a loosening, i.e. (specially), divorce:--to be loosed. see G3089"
G3081,lusitelei/loo-sit-el-i',"third person singular present indicative active of a derivative of a compound of 3080 and 5056; impersonally, it answers the purpose, i.e. is advantageous:--it is better. see G3080 see G5056"
G3098,Magog/mag-ogue',"of Hebrew origin (4031); Magog, a foreign nation, i.e. (figuratively) an Antichristian party:--Magog. see H4031"
G3099,Madian/mad-ee-on',"of Hebrew origin (4080); Madian (i.e. Midian), a region of Arabia:-- Madian. see H4080"
G3100,matheteuo/math-ayt-yoo'-o,"from 3101; intransitively, to become a pupil; transitively, to disciple, i.e. enrol as scholar:--be disciple, instruct, teach. see G3101"
G3101,mathetes/math-ay-tes',"from 3129; a learner, i.e. pupil:--disciple. see G3129"
G3102,mathetria/math-ay'-tree-ah,feminine from 3101; a female pupil:--disciple. see G3101
G3103,Mathousala/math-oo-sal'-ah,"of Hebrew origin (4968); Mathusala (i.e. Methushelach), an antediluvian:--Mathusala. see H4968"
G3104,Mainan/mahee-nan',"probably of Hebrew origin; Mainan, an Israelite:--Mainan."
G3105,mainomai/mah'-ee-nom-ahee,"middle voice from a primary mao (to long for; through the idea of insensate craving); to rave as a ""maniac"":-- be beside self (mad)."
G3106,makarizo/mak-ar-id'-zo,"from 3107; to beatify, i.e. pronounce (or esteem) fortunate:--call blessed, count happy. see G3107"
G3107,makarios/mak-ar'-ee-os,"a prolonged form of the poetical makar (meaning the same); supremely blest; by extension, fortunate, well off:-- blessed, happy(X -ier)."
G3108,makarismos/mak-ar-is-mos',"from 3106; beatification, i.e. attribution of good fortune:- -blessedness. see G3106"
G3109,Makedonia/mak-ed-on-ee'-ah,"from 3110; Macedonia, a region of Greece:--Macedonia. see G3110"
G3110,Makedon/mak-ed'-ohn,"of uncertain derivation; a Macedon (Macedonian), i.e. inhabitant of Macedonia:--of Macedonia, Macedonian."
G3111,makellon/mak'-el-lon,"of Latin origin (macellum); a butcher's stall, meat market or provision-shop:--shambles. far, (the) more (and more), (so) much (the more), rather. see G3122"
G3124,Malchos/mal'-khos,"of Hebrew origin (4429); Malchus, an Israelite:--Malchus. see H4429"
G3125,mamme/mam'-may,"of natural origin (""mammy""); a grandmother:--grandmother."
G3126,mammonas/mam-mo-nas',"of Chaldee origin (confidence, i.e. wealth, personified); mammonas, i.e. avarice (deified):--mammon."
G3127,Manaen/man-ah-ane',"of uncertain origin; Manaen, a Christian:--Manaen."
G3128,Manasses/man-as-sace',"of Hebrew origin (4519); Mannasses (i.e. Menashsheh), an Israelite:--Manasses. see H4519"
G3129,manthano/man-than'-o,"prolongation from a primary verb, another form of which, matheo, is used as an alternate in certain tenses; to learn (in any way):--learn, understand."
G3130,mania/man-ee'-ah,from 3105; craziness:--(+ make) X mad. see G3105
G3131,manna/man'-nah,"of Hebrew origin (4478); manna (i.e. man), an edible gum:--manna. see H4478"
G3132,manteuomai/mant-yoo'-om-ahee,"from a derivative of 3105 (meaning a prophet, as supposed to rave through inspiration); to divine, i.e. utter spells (under pretense of foretelling:--by soothsaying. see G3105"
G3133,maraino/mar-ah'-ee-no,"of uncertain affinity; to extinguish (as fire), i.e. (figuratively and passively) to pass away:--fade away."
G3134,maran/atha/mar'-an/ath'-ah,"of Chaldee origin (meaning our Lord has come); maranatha, i.e. an exclamation of the approaching divine judgment:--Maran-atha."
G3135,margarites/mar-gar-ee'-tace,from margaros (a pearl-oyster); a pearl:--pearl.
G3136,Martha/mar'-thah,"probably of Chaldee origin (meaning mistress); Martha, a Christian woman:--Martha."
G3137,Maria/mar-ee'-ah,"of Hebrew origin (4813); Maria or Mariam (i.e. Mirjam), the name of six Christian females:-- Mary. see H4813"
G3150,mataiologia/mat-ah-yol-og-ee'-ah,"from 3151; random talk, i.e. babble:--vain jangling. see G3151"
G3151,mataiologos/mat-ah-yol-og'-os,"from 3152 and 3004; an idle (i.e. senseless or mischievous) talker, i.e. a wrangler:--vain talker. see G3152 see G3004"
G3152,mataios/mat'-ah-yos,"from the base of 3155; empty, i.e. (literally) profitless, or (specially), an idol:--vain, vanity. see G3155"
G3153,mataiotes/mat-ah-yot'-ace,"from 3152; inutility; figuratively, transientness; morally, depravity:--vanity. see G3152"
G3154,mataioo/mat-ah-yo'-o,"from 3152; to render (passively, become) foolish, i.e. (morally) wicked or (specially), idolatrous:--become vain. see G3152"
G3155,maten/mat'-ane,"accusative case of a derivative of the base of 3145 (through the idea of tentative manipulation, i.e. unsuccessful search, or else of punishment); folly, i.e. (adverbially) to no purpose:--in vain. see G3145"
G3156,Matthaios/mat-thah'-yos,"a shorter form of 3164; Matthaeus (i.e. Matthitjah), an Israelite and a Christian:--Matthew. see G3164"
G3157,Matthan/mat-than',"of Hebrew origin (4977); Matthan (i.e. Mattan), an Israelite:-- Matthan. see H4977"
G3158,Matthat/mat-that',"probably a shortened form of 3161; Matthat (i.e. Mattithjah), the name of two Israelites:--Mathat. see G3161"
G3159,Matthias/mat-thee'-as,"apparently a shortened form of 3161; Matthias (i.e. Mattithjah), an Israelite:--Matthias. see G3161"
G3160,Mattatha/mat-tath-ah',"probably a shortened form of 3161 (compare 4992); Mattatha (i.e. Mattithjah), an Israelite:--Mattatha. see G3161 see G4992"
G3161,Mattathias/mat-tath-ee'-as,"of Hebrew origin (4993); Mattathias (i.e. Mattithjah), an Israelite and a Christian:--Mattathias. see H4993"
G3162,machaira/makh'-ahee-rah,"probably feminine of a presumed derivative of 3163; a knife,"
G3174,megethos/meg'-eth-os,from 3173; magnitude (figuratively):--greatness. see G3173
G3175,megistanes/meg-is-tan'-es,"plural from 3176; grandees:--great men, lords. see G3176"
G3176,megistos/meg'-is-tos,superlative of 3173; greatest or very great:--exceeding great. see G3173
G3177,methermeneuo/meth-er-mane-yoo'-o,"from 3326 and 2059; to explain over, i.e. translate:-- (by) interpret(-ation). see G3326 see G2059"
G3178,methe/meth'-ay,"apparently a primary word; an intoxicant, i.e. (by implication) intoxication:--drunkenness."
G3179,"methistemi/meth-is'-tay-mee, or (1 Cor 13:2",") from 3326 and 2476; to transfer, i.e. carry away, depose or (figuratively) exchange, seduce:--put out, remove, translate, turn away. see G3326 see G2476"
G3180,methodeia/meth-od-i'-ah,"from a compound of 3326 and 3593 (compare ""method""); travelling over, i.e. travesty (trickery):--wile, lie in wait. see G3326 see G3593"
G3181,methorios/meth-or'-ee-os,"from 3326 and 3725; bounded alongside, i.e. contiguous (neuter plural as noun, frontier):--border. see G3326 see G3725"
G3182,methusko/meth-oos'-ko,a prolonged (transitive) form of 3184; to intoxicate:--be drunk(- en). see G3184
G3183,methusos/meth'-oo-sos,"from 3184; tipsy, i.e. (as noun) a sot:--drunkard. see G3184"
G3184,methuo/meth-oo'-o,"from another form of 3178; to drink to intoxication, i.e. get drunk:-- drink well, make (be) drunk(-en). see G3178"
G3185,meizon/mide'-zon,neuter of 3187; (adverbially) in greater degree:--the more. see G3187
G3186,meizoteros/mide-zot'-er-os,continued comparative of 3187; still larger (figuratively):-- greater. see G3187
G3187,meizon/mide'-zone,irregular comparative of 3173; larger (literally or
G3200,membrana/mem-bran'-ah,"of Latin origin (""membrane""); a (written) sheep-skin:-- parchment."
G3201,memphomai/mem'-fom-ahee,middle voice of an apparently primary verb; to blame:--find fault.
G3202,mempsimoiros/mem-psim'-oy-ros,"from a presumed derivative of 3201 and moira (fate; akin to the base of 3313); blaming fate, i.e. querulous (discontented):--complainer. see G3201 see G3313"
G3203,Not/Used,
G3204,Not/Used,
G3205,Not/Used,
G3206,Not/Used,
G3207,Not/Used,
G3208,Not/Used,
G3209,Not/Used,
G3210,Not/Used,
G3211,Not/Used,
G3212,Not/Used,
G3213,Not/Used,
G3214,Not/Used,
G3215,Not/Used,
G3216,Not/Used,
G3217,Not/Used,
G3218,Not/Used,
G3219,Not/Used,
G3220,Not/Used,
G3221,Not/Used,
G3222,Not/Used,
G3223,Not/Used,
G3224,Not/Used,
G3225,Not/Used,
G3226,Not/Used,
G3227,Not/Used,
G3228,Not/Used,
G3229,Not/Used,
G3230,Not/Used,
G3231,Not/Used,
G3232,Not/Used,
G3233,Not/Used,
G3275,Not/Used,
G3276,Not/Used,
G3277,Not/Used,
G3278,Not/Used,
G3279,Not/Used,
G3280,Not/Used,
G3281,Not/Used,
G3282,Not/Used,
G3283,Not/Used,
G3284,Not/Used,
G3285,Not/Used,
G3286,Not/Used,
G3287,Not/Used,
G3288,Not/Used,
G3289,Not/Used,
G3290,Not/Used,
G3291,Not/Used,
G3292,Not/Used,
G3293,Not/Used,
G3294,Not/Used,
G3295,Not/Used,
G3296,Not/Used,
G3297,Not/Used,
G3298,Not/Used,
G3299,Not/Used,
G3300,Not/Used,
G3301,Not/Used,
G3302,Not/Used,
G3303,men/men,"a primary particle; properly, indicative of affirmation or concession (in fact); usually followed by a contrasted clause with 1161 (this one, the former, etc.):--even, indeed, so, some, truly, verily. Often compounded with other particles in an intensive or asseverative sense. see G1161"
G3304,menounge/men-oon'-geh,"from 3203 and 3767 and 1065; so then at least:--nay but, yea doubtless (rather, verily). see G3203 see G3767 see G1065"
G3305,mentoi/men'-toy,"from 3203 and 5104; indeed though, i.e. however:--also, but, howbeit, nevertheless, yet. see G3203 see G5104"
G3318,Mesopotamia/mes-op-ot-am-ee'-ah,"from 3319 and 4215; Mesopotamia (as lying between the Euphrates and the Tigris; compare 0763), a region of Asia:--Mesopotamia. see G3319 see G4215 see H763"
G3319,mesos/mes'-os,"from 3326; middle (as an adjective or (neuter) noun):--among, X before them, between, + forth, mid(-day, -night), midst, way. see G3326"
G3320,mesotoichon/mes-ot'-oy-khon,from 3319 and 5109; a partition (figuratively):--middle wall. see G3319 see G5109
G3321,mesouranema/mes-oo-ran'-ay-mah,from a presumed compound of 3319 and 3772; mid- sky:--midst of heaven. see G3319 see G3772
G3322,mesoo/mes-o'-o,"from 3319; to form the middle, i.e. (in point of time), to be half-way over:-- be about the midst. see G3319"
G3323,Messias/mes-see'-as,"of Hebrew origin (4899); the Messias (i.e. Mashiach), or Christ:-- Messias. see H4899"
G3324,mestos/mes-tos',of uncertain derivation:--replete (literally or figuratively):--full.
G3325,mestoo/mes-to'-o,"from 3324; to replenish, i.e. (by implication) to intoxicate:--fill. see G3324"
G3326,meta/met-ah',"a primary preposition (often used adverbially); properly, denoting accompaniment; ""amid"" (local or causal); modified variously according to the case (genitive association, or accusative succession) with which it is joined; occupying an intermediate position between 575 or 1537 and 1519 or 4314; less intimate than 1722 and less close than 4862):-- after(-ward), X that he again, against, among, X and, + follow, hence, hereafter, in, of, (up-)on, + our, X and setting, since, (un-)to, + together, when, with (+ -out). Often used in composition, in substantially the same relations of participation or proximity, and transfer or sequence. see G4314 see G575 see G1537 see G1519 see G1722 see G4862"
G3327,metabaino/met-ab-ah'-ee-no,"from 3326 and the base of 939; to change place:--depart, go, pass, remove. see G3326 see G939 reconsider (morally, feel compunction):--repent. see G3326 see G3539"
G3341,metanoia/met-an'-oy-ah,"from 3340; (subjectively) compunction (for guilt, including reformation); by implication, reversal (of (another's) decision):--repentance. see G3340"
G3342,metaxu/met-ax-oo',"from 3326 and a form of 4862; betwixt (of place or person); (of time) as adjective, intervening, or (by implication) adjoining:--between, mean while, next. see G3326 see G4862"
G3343,metapempo/met-ap-emp'-o,"from 3326 and 3992; to send from elsewhere, i.e. (middle voice) to summon or invite:--call (send) foreign see G3326 see G3992"
G3344,metastrepho/met-as-tref'-o,"from 3326 and 4762; to turn across, i.e. transmute or (figuratively) corrupt:--pervert, turn. see G3326 see G4762"
G3345,metaschematizo/met-askh-ay-mat-id'- zo,"from 3326 and a derivative of 4976; to transfigure or disguise; figuratively, to apply (by accommodation):--transfer, transform (self). see G3326 see G4976"
G3346,metatithemi/met-at-ith'-ay-mee,"from 3326 and 5087; to transfer, i.e. (literally) transport, (by implication) exchange, (reflexively) change sides, or (figuratively) pervert:--carry over, change, remove, translate, turn. see G3326 see G5087"
G3347,metepeita/met-ep'-i-tah,from 3326 and 1899; thereafter:--afterward. see G3326 see G1899
G3348,metecho/met-ekh'-o,"from 3326 and 2192; to share or participate; by implication, belong to, eat (or drink):--be partaker, pertain, take part, use. see G3326 see G2192"
G3349,meteorizo/met-eh-o-rid'-zo,"from a compound of 3326 and a collateral form of 142 or perhaps rather 109 (compare ""meteor""); to raise in mid-air, i.e. (figuratively) suspend (passively, fluctuate or be anxious):--be of doubtful mind. see G3326 see G142 see G109"
G3350,metoikesia/met-oy-kes-ee'-ah,"from a derivative of a compound of 3326 and 3624; a change of abode, i.e. (specially), expatriation:--X interrogative implying a negative answer (whereas 3756 expects an affirmative one)) whether:--any but (that), X forbear, + God forbid, + lack, lest, neither, never, no (X wise in), none, nor, (can-)not, nothing, that not, un(-taken), without. Often used in compounds in substantially the same relations. See also 3362, 3363, 3364, 3372, 3373, 3375, 3378. see G3756 see G3362 see G3363 see G3364 see G3372 see G3373 see G3375 see G3378"
G3362,ean me/eh-an' may,"i.e. 1437 and 3361; if not, i.e. unless:--X before, but, except, if, no, (if, + whosoever) not. see G3361 see G1437"
G3363,hina me/hin'-ah may,"i.e. 2443 and 3361; in order (or so) that not:--albeit not, lest, that, no(-t, (-thing)). see G3361 see G2443"
G3364,ou me/oo may,"i.e. 3756 and 3361; a double negative strengthening the denial; not at all:- -any more, at all, by any (no) means, neither, never, no (at all), in no case (wise), nor ever, not (at all, in any wise). Compare 3378. see G3361 see G3378 see G3756"
G3365,medamos/may-dam-oce',adverb from a compound of 3361 and amos (somebody); by no means:--not so. see G3361
G3366,mede/may-deh',"from 3361 and 1161; but not, not even; in a continued negation, nor:-- neither, nor (yet), (no) not (once, so much as). see G3361 see G1161"
G3367,"medeis/may-dice', including the irregular feminine","meden may-den' from 3361 and 1520; not even one (man, woman, thing):--any (man, thing), no (man), none, not (at all, any man, a whit), nothing, + without delay. see G3361 see G1520"
G3368,medepote/may-dep'-ot-eh,from 3366 and 4218; not even ever:--never. see G3366 see G4218
G3369,medepo/may-dep'-o,from 3366 and 4452; not even yet:--not yet. see G3366 see G4452
G3370,Medos/may'-dos,"of foreign origin (compare 4074); a Median, or inhabitant of Media:- -Mede. see H4074"
G3371,meketi/may-ket'-ee,"from 3361 and 2089; no further:--any longer, (not) henceforth, expressed, except by the form of the question). see G3361 see G5100"
G3386,metige/may'-tig-eh,"from 3385 and 1065; not at all then, i.e. not to say (the rather still):- -how much more. see G3385 see G1065"
G3387,metis/may'-tis/or,from 3361 and 5100; whether any:--any (sometimes unexpressed except by the simple interrogative form of the sentence). see G3361 see G5100
G3388,metra/may'-trah,from 3384; the matrix:--womb. see G3384
G3389,metraloias/may-tral-o'-as,"from 3384 and the base of 257; a mother-thresher, i.e. matricide:--murderer of mothers. see G3384 see G257"
G3390,metropolis/may-trop'-ol-is,"from 3384 and 4172; a mother city, i.e. ""metropolis"":--chiefest city. see G3384 see G4172"
G3391,mia/mee'-ah,"irregular feminine of 1520; one or first:--a (certain), + agree, first, one, X other. see G1520"
G3392,miaino/me-ah'-ee-no,"perhaps a primary verb; to sully or taint, i.e. contaminate (ceremonially or morally):--defile."
G3393,miasma/mee'-as-mah,"from 3392 (""miasma""); (morally) foulness (properly, the effect):--pollution. see G3392"
G3394,miasmos/mee-as-mos',"from 3392; (morally) contamination (properly, the act):-- uncleanness. see G3392"
G3395,migma/mig'-mah,from 3396; a compound:--mixture. see G3396
G3396,mignumi/mig'-noo-mee,a primary verb; to mix:--mingle.
G3397,mikron/mik-ron',masculine or neuter singular of 3398 (as noun); a small space of time or degree:--a (little) (while). see G3398
G3398,"mikros/mik-ros', including the comparative","apparently a primary word; small (in size, quantity, number or (figuratively) dignity):-- least, less, little, small."
G3399,Miletos/mil'-ay-tos,"of uncertain origin; Miletus, a city of Asia Minor:--Miletus. of mental grasp); to bear in mind, i.e. recollect; by implication, to reward or punish:--be mindful, remember, come (have) in remembrance. Compare 3403. see G3403 see G3306 see G3145"
G3416,Mnason/mnah'-sohn,"of uncertain origin; Mnason, a Christian:--Mnason."
G3417,mneia/mni'-ah,"from 3415 or 3403; recollection; by implication, recital:--mention, remembrance. see G3415 see G3403"
G3418,mnema/mnay'-mah,"from 3415; a memorial, i.e. sepulchral monument (burial-place):- -grave, sepulchre, tomb. see G3415"
G3419,mnemeion/mnay-mi'-on,"from 3420; a remembrance, i.e. cenotaph (place of interment):-- grave, sepulchre, tomb. see G3420"
G3420,mneme/mnay'-may,from 3403; memory:--remembrance. see G3403
G3421,mnemoneuo/mnay-mon-yoo'-o,"from a derivative of 3420; to exercise memory, i.e. recollect; by implication, to punish; also to rehearse:--make mention; be mindful, remember. see G3420"
G3422,mnemosunon/mnay-mos'-oo-non,"from 3421; a reminder (memorandum), i.e. record:-- memorial. see G3421"
G3423,mnesteuo/mnace-tyoo'-o,"from a derivative of 3415; to give a souvenir (engagement present), i.e. betroth:--espouse. see G3415"
G3424,mogilalos/mog-il-al'-os,"from 3425 and 2980; hardly talking, i.e. dumb (tongue-tied):-- having an impediment in his speech. see G3425 see G2980"
G3425,mogis/mog'-is,adverb from a primary mogos (toil); with difficulty:--hardly.
G3426,modios/mod'-ee-os,"of Latin origin; a modius, i.e. certain measure for things dry (the quantity or the utensil):--bushel."
G3427,moi/moy,"the simpler form of 1698; to me:--I, me, mine, my. see G1698"
G3428,moichalis/moy-khal-is',"a prolonged form of the feminine of 3432; an adulteress (literally or figuratively):--adulteress(-ous, -y). see G3432"
G3445,morphoo/mor-fo'-o,from the same as 3444; to fashion (figuratively):--form. see G3444
G3446,morphosis/mor'-fo-sis,"from 3445; formation, i.e. (by implication), appearance (semblance or (concretely) formula):--form. see G3445"
G3447,moschopoieo/mos-khop-oy-eh'-o,from 3448 and 4160; to fabricate the image of a bullock:- -make a calf. see G3448 see G4160
G3448,moschos/mos'-khos,probably strengthened for oschos (a shoot); a young bullock:- -calf.
G3449,mochthos/mokh'-thos,"from the base of 3425; toil, i.e. (by implication) sadness:-- painfulness, travail. see G3425"
G3450,mou/moo,"the simpler form of 1700; of me:--I, me, mine (own), my. see G1700"
G3451,mousikos/moo-sik-os',"from Mousa (a Muse); ""musical"", i.e. (as noun) a minstrel:-- musician."
G3452,muelos/moo-el-os',perhaps a primary word; the marrow:--marrow.
G3453,mueo/moo-eh'-o,"from the base of 3466; to initiate, i.e. (by implication) to teach:--instruct. see G3466"
G3454,muthos/moo'-thos,"perhaps from the same as 3453 (through the idea of tuition); a tale, i.e. fiction (""myth""):--fable. see G3453"
G3455,mukaomai/moo-kah'-om-ahee,"from a presumed derivative of muzo ( to ""moo""); to bellow (roar):--roar."
G3456,mukterizo/mook-tay-rid'-zo,"from a derivative of the base of 3455 (meaning snout, as that whence lowing proceeds); to make mouths at, i.e. ridicule:--mock. see G3455"
G3457,mulikos/moo-lee-kos',from 3458; belonging to a mill:--mill(-stone). see G3458
G3458,mulos/moo'-los,"probably ultimately from the base of 3433 (through the idea of hardship); a ""mill"", i.e. (by implication), a grinder (millstone):--millstone. see G3433"
G3459,mulon/moo'-lone,from 3458; a mill- house:--mill. see G3458
G3473,morologia/mo-rol-og-ee'-ah,"from a compound of 3474 and 3004; silly talk, i.e. buffoonery:--foolish talking. see G3474 see G3004"
G3474,moros/mo-ros',"probably from the base of 3466; dull or stupid (as if shut up), i.e. heedless, (morally) blockhead, (apparently) absurd:--fool(- ish, X -ishness). see G3466"
G3475,Moseus/moce-yoos',"or Mouses mo-oo- sace' of Hebrew origin; (4872); Moseus, Moses, or Mouses (i.e. Mosheh), the Hebrew lawgiver:-- Moses. see H4872"
G3476,Naasson/nah-as-sone',"of Hebrew origin (5177); Naasson (i.e. Nachshon), an Israelite:--Naasson. see H5177"
G3477,Naggai/nang-gah'-ee,"probably of Hebrew origin (compare 5052); Nangae (i.e. perhaps Nogach), an Israelite:--Nagge. see H5052"
G3478,Nazareth/nad-zar-eth',"or Nazaret nad- zar-et'; of uncertain derivation; Nazareth or Nazaret, a place in Palestine:--Nazareth."
G3479,Nazarenos/nad-zar-ay-nos',"from 3478; a Nazarene, i.e. inhabitant of Nazareth:--of Nazareth. see G3478"
G3480,Nazoraios/nad-zo-rah'-yos,"from 3478; a Nazoraean, i.e. inhabitant of Nazareth; by extension, a Christian:--Nazarene, of Nazareth. see G3478"
G3481,Nathan/nath-an',"of Hebrew origin (5416); Nathan, an Israelite:--Nathan. see H5416"
G3482,Nathanael/nath-an-ah-ale',"of Hebrew origin (5417); Nathanael (i.e. Nathanel), an Israelite and Christian:--Nathanael. see H5417"
G3483,nai/nahee,"a primary particle of strong affirmation; yes:--even so, surely, truth, verily, yea, yes."
G3484,Nain/nah-in',"probably of Hebrew origin (compare 4999); Nain, a place in Palestine:-- Nain. see H4999"
G3485,naos/nah-os',"from a primary naio (to dwell); a fane, shrine, temple :--shrine, temple. Compare 2411. see G2411"
G3501,neos/neh'-os,"including the comparative neoteros neh-o'-ter-os; a primary word; ""new"", i.e. (of persons) youthful, or (of things) fresh; figuratively, regenerate:--new, young."
G3502,neossos/neh-os-sos',from 3501; a youngling (nestling):--young. see G3501
G3503,neotes/neh-ot'-ace,"from 3501; newness, i.e. youthfulness:--youth. see G3501"
G3504,neophutos/neh-of'-oo-tos,"from 3501 and a derivative of 5453; newly planted, i.e. (figuratively) a young convert (""neophyte""):-- novice. see G3501 see G5453"
G3505,Neron/ner'-ohn,"of Latin origin; Neron (i.e. Nero), a Roman emperor:--Nero."
G3506,neuo/nyoo'-o,"apparently a primary verb; to ""nod"", i.e. (by analogy), signal:--beckon."
G3507,nephele/nef-el'-ay,"from 3509; properly, cloudiness, i.e. (concretely) a cloud:--cloud. see G3509"
G3508,Nephthaleim/nef-thal-ime',"of Hebrew origin (5321); Nephthaleim (i.e. Naphthali), a tribe in Palestine:--Nephthalim. see H5321"
G3509,nephos/nef'-os,apparently a primary word; a cloud:--cloud.
G3510,nephros/nef-ros',"of uncertain affinity; a kidney (plural), i.e. (figuratively) the inmost mind:-- reins."
G3511,neokoros/neh-o-kor'-os,"from a form of 3485 and koreo (to sweep); a temple-servant, i.e. (by implication) a votary:--worshipper. see G3485"
G3512,neoterikos/neh-o-ter'-ik-os,"from the comparative of 3501; appertaining to younger persons, i.e. juvenile:--youthful. see G3501"
G3513,ne/nay,probably an intensive form of 3483; a particle of attestation (accompanied by the object invoked or appealed to in confirmation); as sure as:--I protest by. see G3483
G3514,netho/nay'-tho,from neo (of like meaning); to spin:--spin.
G3515,nepiazo/nay-pee-ad'-zo,"from 3516; to act as a babe, i.e. (figuratively) innocently:--be a child. see G3516"
G3530,Nikodemos/nik-od'-ay-mos,"from 3534 and 1218; victorious among his people; Nicodemus, an Israelite:--Nicodemus. see G3534 see G1218"
G3531,Nikolaites/nik-ol-ah-ee'-tace,"from 3532; a Nicolaite, i.e. adherent of Nicolaus:-- Nicolaitane. see G3532"
G3532,Nikolaos/nik-ol'-ah-os,"from 3534 and 2994; victorious over the people; Nicolaus, a heretic:--Nicolaus. see G3534 see G2994"
G3533,Nikopolis/nik-op'-ol-is,"from 3534 and 4172; victorious city; Nicopolis, a place in Macedonia:--Nicopolis. see G3534 see G4172"
G3534,nikos/nee'-kos,"from 3529; a conquest (concretely), i.e. (by implication) triumph:--victory. see G3529"
G3535,Nineui/nin-yoo-ee',"of Hebrew origin (5210); Ninevi (i.e. Nineveh), the capital of Assyria:--Nineve. see H5210"
G3536,Nineuites/nin-yoo-ee'-tace,"from 3535; a Ninevite, i.e. inhabitant of Nineveh:--of Nineve, Ninevite. see G3535"
G3537,nipter/nip-tare',from 3538; a ewer:-- bason. see G3538
G3538,nipto/nip'-to,"to cleanse (especially the hands or the feet or the face); ceremonially, to perform ablution:--wash. Compare 3068. see G3068"
G3539,noieo/noy-eh'-o,"from 3563; to exercise the mind (observe), i.e. (figuratively) to comprehend, heed:--consider, perceive, think, understand. see G3563"
G3540,noema/no'-ay-mah,"from 3539; a perception, i.e. purpose, or (by implication) the intellect, disposition, itself:--device, mind, thought. see G3539"
G3541,nothos/noth'-os,of uncertain affinity; a spurious or illegitimate son:--bastard.
G3542,nome/nom-ay',"feminine from the same as 3551; pasture, i.e. (the act) feeding (figuratively, spreading of a gangrene), or (the food) pasturage:-- X eat, pasture. see G3551"
G3543,nomizo/nom-id'-zo,"from 3551; properly, to do by law (usage), i.e. to accustom"
G3555,nossia/nos-see-ah',from 3502; a brood (of chickens):--brood. see G3502
G3556,nossion/nos-see'-on,diminutive of 3502; a birdling:--chicken. see G3502
G3557,nosphizomai/nos-fid'-zom-ahee,"middle voice from nosphi (apart or clandestinely); to sequestrate for oneself, i.e. embezzle:--keep back, purloin."
G3558,notos/not'-os,"of uncertain affinity; the south(-west) wind; by extension, the southern quarter itself:--south (wind)."
G3559,nouthesia/noo-thes-ee'-ah,"from 3563 and a derivative of 5087; calling attention to, i.e. (by implication) mild rebuke or warning:-- admonition. see G3563 see G5087"
G3560,noutheteo/noo-thet-eh'-o,"from the same as 3559; to put in mind, i.e. (by implication) to caution or reprove gently:--admonish, warn. see G3559"
G3561,noumenia/noo-may-nee'-ah,"feminine of a compound of 3501 and 3376 (as noun by implication, of 2250); the festival of new moon:-- new moon. see G3501 see G3376 see G2250"
G3562,nounechos/noon-ekh-oce',"adverb from a comparative of the accusative case of 3563 and 2192; in a mind-having way, i.e. prudently:-- discreetly. see G3563 see G2192"
G3563,nous/nooce,"probably from the base of 1097; the intellect, i.e. mind (divine or human; in thought, feeling, or will); by implication, meaning:- -mind, understanding. Compare 5590. see G1097 see G5590"
G3564,Numphas/noom-fas',"probably contracted for a compound of 3565 and 1435; nymph-given (i.e. -born); Nymphas, a Christian:-- Nymphas. see G3565 see G1435"
G3565,numphe/noom-fay',"from a primary but obsolete verb nupto (to veil as a bride; compare Latin ""nupto,"" to marry); a young married woman (as veiled), including a betrothed girl; by implication, a son's wife:--bride, daughter in law."
G3580,xenodocheo/xen-od-okh-eh'-o,from a compound of 3581 and 1209; to be hospitable:-- lodge strangers. see G3581 see G1209
G3581,xenos/xen'-os,"apparently a primary word; foreign (literally, alien, or figuratively, novel); by implication, a guest or (vice-versa) entertainer:--host, strange(-r)."
G3582,xestes/xes'-tace,"as if from xeo (properly, to smooth; by implication, (of friction) to boil or heat); a vessel (as fashioned or for cooking) (or perhaps by corruption from the Latin sextarius, the sixth of a modius, i.e. about a pint), i.e. (specially), a measure for liquids or solids, (by analogy, a pitcher):--pot."
G3583,xeraino/xay-rah'-ee-no,"from 3584; to desiccate; by implication, to shrivel, to mature:--dry up, pine away, be ripe, wither (away). see G3584"
G3584,xeros/xay-ros',"from the base of 3582 (through the idea of scorching); arid; by implication, shrunken, earth (as opposed to water):-- dry land, withered. see G3582"
G3585,xulinos/xoo'-lin-os,from 3586; wooden:--of wood. see G3586
G3586,xulon/xoo'-lon,"from another form of the base of 3582; timber (as fuel or material); by implication, a stick, club or tree or other wooden article or substance:--staff, stocks, tree, wood. see G3582"
G3587,xurao/xoo-rah'-o,"from a derivative of the same as 3586 (meaning a razor); to shave or ""shear"" the hair:--shave. see G3586"
G3588,"ho/ho, including the feminine","to to in all their inflections; the definite article; the (sometimes to be supplied, at others omitted, in English idiom):--the, this, that, one, he, she, it, etc."
G3589,ogdoekonta/og-do-ay'-kon-tah,from 3590; ten times eight:--fourscore. see G3590
G3590,ogdoos/og'-do-os,from 3638; the eighth:--eighth. see G3638
G3591,ogkos/ong'-kos,"probably from the same as 43; a mass (as bending or bulging by its load), i.e. burden (hindrance):--weight. see G43 source or cause (adverb or conjunction):--from thence, (from) whence, where(-by, -fore, -upon). see G3739"
G3607,othone/oth-on'-ay,"of uncertain affinity; a linen cloth, i.e. (especially) a sail:--sheet."
G3608,othonion/oth-on'-ee-on,neuter of a presumed derivative of 3607; a linen bandage:-- linen clothes. see G3607
G3609,oikeios/oy-ki'-os,"from 3624; domestic, i.e. (as noun), a relative, adherent:--(those) of the (his own) house(-hold). see G3624"
G3610,oiketes/oy-ket'-ace,"from 3611; a fellow resident, i.e. menial domestic:--(household) servant. see G3611"
G3611,oikeo/oy-keh'-o,"from 3624; to occupy a house, i.e. reside (figuratively, inhabit, remain, inhere); by implication, to cohabit:--dwell. See also 3625. see G3624 see G3625"
G3612,oikema/oy'-kay-mah,"from 3611; a tenement, i.e. (specially), a jail:--prison. see G3611"
G3613,oiketerion/oy-kay-tay'-ree-on,"neuter of a presumed derivative of 3611 (equivalent to 3612); a residence (literally or figuratively):-- habitation, house. see G3611 see G3612"
G3614,oikia/oy-kee'-ah,"from 3624; properly, residence (abstractly), but usually (concretely) an abode (literally or figuratively); by implication, a family (especially domestics):--home, house(-hold). see G3624"
G3615,oikiakos/oy-kee-ak-os',"from 3614; familiar, i.e. (as noun) relatives:--they (them) of (his own) household. see G3614"
G3616,oikodespoteo/oy-kod-es-pot-eh'-o,from 3617; to be the head of (i.e. rule) a family:-- guide the house. see G3617
G3617,oikodespotes/oy-kod-es-pot'-ace,"from 3624 and 1203; the head of a family:--goodman (of the house), householder, master of the house. see G3624 see G1203"
G3618,oikodomeo/oy-kod-om-eh'-o,"from the same as 3619; to be a house-builder, i.e. construct or (figuratively) confirm:--(be in) build(-er, -ing, up), edify, embolden. see G3619"
G3630,oinopotes/oy-nop-ot'-ace,from 3631 and a derivative of the alternate of 4095; a tippler:-- winebibber. see G3631 see G4095
G3631,oinos/oy'-nos,"a primary word (or perhaps of Hebrew origin (3196)); ""wine"" (literally or figuratively):--wine. see H3196"
G3632,oinophlugia/oy-nof-loog-ee'-ah,"from 3631 and a form of the base of 5397; an overflow (or surplus) of wine, i.e. vinolency (drunkenness):-- excess of wine. see G3631 see G5397"
G3633,"oiomai/oy'-om-ahee, or (shorter",") middle voice apparently from 3634; to make like (oneself), i.e. imagine (be of the opinion):--suppose, think. see G3634"
G3634,hoios/hoy'-os,"probably akin to 3588, 3739, and 3745; such or what sort of (as a correlation or exclamation); especially the neuter (adverbially) with negative, not so:--so (as), such as, what (manner of), which. see G3745 see G3588 see G3739"
G3635,okneo/ok-neh'-o,"from oknos (hesitation); to be slow (figuratively, loath):--delay."
G3636,okneros/ok-nay-ros',"from 3635; tardy, i.e. indolent; (figuratively) irksome:--grievous, slothful. see G3635"
G3637,oktaemeros/ok-tah-ay'-mer-os,from 3638 and 2250; an eight-day old person or act:--the eighth day. see G3638 see G2250
G3638,oktos/ok-to',"a primary numeral; ""eight"":--eight."
G3639,olethros/ol'-eth-ros,"from a primary ollumi (to destroy; a prolonged form); ruin, i.e. death, punishment:--destruction."
G3640,oligopistos/ol-ig-op'-is-tos,"from 3641 and 4102; incredulous, i.e. lacking confidence (in Christ):--of little faith. see G3641 see G4102"
G3641,oligos/ol-ee'-gos,"of uncertain affinity; puny (in extent, degree, number, duration or value); especially neuter (adverbially) somewhat:--+ almost, brief(-ly), few, (a) little, + long, a season, short, small, a while. everywhere; (negatively) not by any means:--at all, commonly, utterly. see G3650"
G3655,ombros/om'-bros,of uncertain affinity; a thunder storm:--shower.
G3656,homileo/hom-il-eh'-o,"from 3658; to be in company with, i.e. (by implication) to converse:-- commune, talk. see G3658"
G3657,homilia/hom-il-ee'-ah,"from 3658; companionship (""homily""), i.e. (by implication) intercourse:--communication. see G3658"
G3658,homilos/hom'-il-os,"from the base of 3674 and a derivative of the alternate of 138 (meaning a crowd); association together, i.e. a multitude:--company. see G3674 see G138"
G3659,omma/om'-mah,"from 3700; a sight, i.e. (by implication) the eye:--eye. see G3700"
G3660,"omnuo/om-noo'-o, a prolonged form of a primary","another prolonged form omoo om-o'- o is used in certain tenses; to swear, i.e. take (or declare on) oath:--swear."
G3661,homothumadon/hom-oth-oo-mad-on',adverb from a compound of the base of 3674 and 2372; unanimously:--with one accord (mind). see G3674 see G2372
G3662,homoiazo/hom-oy-ad'-zo,from 3664; to resemble:--agree. see G3664
G3663,homoiopathes/hom-oy-op-ath-ace',from 3664 and the alternate of 3958; similarly affected:--of (subject to) like passions. see G3664 see G3958
G3664,homoios/hom'-oy-os,"from the base of 3674; similar (in appearance or character):--like, + manner. see G3674"
G3665,homoiotes/hom-oy-ot'-ace,"from 3664; resemblance:--like as, similitude. see G3664"
G3666,homoioo/hom-oy-o'-o,"from 3664; to assimilate, i.e. compare; passively, to become similar:--be (make) like, (in the) liken(-ess), resemble. see G3664"
G3667,homoioma/hom-oy'-o-mah,"from 3666; a form; abstractly, resemblance:--made like to, likeness, shape, similitude. see G3666"
G3682,Onesimos/on-ay'-sim-os,"from 3685; profitable; Onesimus, a Christian:--Onesimus. see G3685"
G3683,Onesiphoros/on-ay-sif'-or-os,"from a derivative of 3685 and 5411; profit-bearer; Onesiphorus, a Christian:--Onespiphorus. see G3685 see G5411"
G3684,onikos/on-ik-os',"from 3688; belonging to a ass, i.e. large (so as to be turned by a ass):-- millstone. see G3688"
G3685,oninemi/on-in'-ay-mee,"a prolonged form of an apparently primary verb (onomai, to slur); for which another prolonged form (onao) is used as an alternate in some tenses (unless indeed it be identical with the base of 3686 through the idea of notoriety); to gratify, i.e. (middle voice) to derive pleasure or advantage from:--have joy. see G3686"
G3686,onoma/on'-om-ah,"from a presumed derivative of the base of 1097 (compare 3685); a ""name"" (literally or figuratively) (authority, character):--called, (+ sur-)name(-d). see G1097 see G3685"
G3687,onomazo/on-om-ad'-zo,"from 3686; to name, i.e. assign an appellation; by extension, to utter, mention, profess:--call, name. see G3686"
G3688,onos/on'-os,apparently a primary word; a donkey:--an ass.
G3689,ontos/on'-toce,"adverb of the oblique cases of 5607; really:--certainly, clean, indeed, of a truth, verily. see G5607"
G3690,oxos/oz-os,"from 3691; vinegar, i.e. sour wine:--vinegar. see G3691"
G3691,oxus/oz-oos',"probably akin to the base of 188 (""acid""); keen; by analogy, rapid:--sharp, swift. see G188"
G3692,ope/op-ay',"probably from 3700; a hole (as if for light), i.e. cavern; by analogy, a spring (of water):--cave, place. see G3700"
G3693,opisthen/op'-is-then,"from opis (regard; from 3700) with enclitic of source; from the rear (as a secure aspect), i.e. at the back (adverb and preposition of place or time):--after, backside, behind. see G3700"
G3703,opora/op-o'-rah,"apparently from the base of 3796 and 5610; properly, even-tide of the (summer) season (dog-days), i.e. (by implication) ripe fruit:--fruit. see G3796 see G5610"
G3704,hopos/hop'-oce,"from 3739 and 4459; what(-ever) how, i.e. in the manner that (as adverb or conjunction of coincidence, intentional or actual):--because, how, (so) that, to, when. see G3739 see G4459"
G3705,horama/hor'-am-ah,"from 3708; something gazed at, i.e. a spectacle (especially supernatural):--sight, vision. see G3708"
G3706,horasis/hor'-as-is,"from 3708; the act of gazing, i.e. (externally) an aspect or (internally) an inspired appearance:--sight, vision. see G3708"
G3707,horatos/hor-at-os',"from 3708; gazed at, i.e. (by implication) capable of being seen:--visible. see G3708"
G3708,horao/hor-ah'-o,"properly, to stare at (compare 3700), i.e. (by implication) to discern clearly (physically or mentally); by extension, to attend to; by Hebraism, to experience; passively, to appear:--behold, perceive, see, take heed. see G3700"
G3709,orge/or-gay',"from 3713; properly, desire (as a reaching forth or excitement of the mind), i.e. (by analogy), violent passion (ire, or (justifiable) abhorrence); by implication punishment:--anger, indignation, vengeance, wrath. see G3713"
G3710,orgizo/or-gid'-zo,"from 3709; to provoke or enrage, i.e. (passively) become exasperated:--be angry (wroth). see G3709"
G3711,orgilos/org-ee'-los,from 3709; irascible:--soon angry. see G3709
G3712,orguia/org-wee-ah',"from 3713; a stretch of the arms, i.e. a fathom:--fathom. see G3713"
G3713,oregomai/or-eg'-om-ahee,"middle voice of apparently a prolonged form of an obsolete primary (compare 3735); to stretch oneself, i.e. reach out after (long for):--covet after, desire. see G3735"
G3726,horkizo/hor-kid'-zo,"from 3727; to put on oath, i.e. make swear; by analogy, to solemnly enjoin:--adjure, charge. see G3727"
G3727,horkos/hor'-kos,"from herkos (a fence; perhaps akin to 3725); a limit, i.e. (sacred) restraint (specially, an oath):--oath. see G3725"
G3728,horkomosia/hor-ko-mos-ee'ah,from a compound of 3727 and a derivative of 3660; asseveration on oath:--oath. see G3727 see G3660
G3729,hormao/hor-mah'-o,"from 3730; to start, spur or urge on, i.e. (reflexively) to dash or plunge:--run (violently), rush. see G3730"
G3730,horme/hor-may',"of uncertain affinity; a violent impulse, i.e. onset:--assault."
G3731,hormema/hor'-may-mah,"from 3730; an attack, i.e. (abstractly) precipitancy:--violence. see G3730"
G3732,orneon/or'-neh-on,"neuter of a presumed derivative of 3733; a birdling:--bird, fowl. see G3733"
G3733,ornis/or'-nis,"probably from a prolonged form of the base of 3735; a bird (as rising in the  air), i.e. (specially), a hen (or female domestic fowl):--hen. see G3735"
G3734,horothesia/hor-oth-es-ee'-ah,"from a compound of the base of 3725 and a derivative of 5087; a limit-placing, i.e. (concretely) boundary- line:--bound. see G3725 see G5087"
G3735,oros/or'-os,"probably from an obsolete oro (to rise or ""rear""; perhaps akin to 142; compare 3733); a mountain (as lifting itself above the plain): -hill, mount(-ain). see G142 see G3733"
G3736,orusso/or-oos'-so,"apparently a primary verb; to ""burrow"" in the ground, i.e. dig:--dig."
G3737,orphanos/or-fan-os',"of uncertain affinity; bereaved (""orphan""), i.e. parentless:-- comfortless, fatherless."
G3738,orcheomai/or-kheh'-om-ahee,middle voice from orchos (a row or ring); to dance (from the ranklike or regular motion):--dance.
G3739,"hos/hos, including feminine",ho ho probably a primary word (or perhaps a form of the article 3588); the relatively (sometimes
G3750,osphresis/os'-fray-sis,from a derivative of 3605; smell (the sense):--smelling. see G3605
G3751,osphus/os-foos',"of uncertain affinity; the loin (externally), i.e. the hip; internally (by extension) procreative power:--loin."
G3752,hotan/hot'-an,"from 3753 and 302; whenever (implying hypothesis or more or less uncertainty); also causatively (conjunctionally) inasmuch as:--as long (soon) as, that, + till, when(- soever), while. see G3753 see G302"
G3753,hote/hot'-eh,"from 3739 and 5037; at which (thing) too, i.e. when:--after (that), as soon as, that, when, while. see G3739 see G5037"
G3754,hoti/hot'-ee,"neuter of 3748 as conjunction; demonstrative, that (sometimes redundant); causative, because:--as concerning that, as though, because (that), for (that), how (that), (in) that, though, why. see G3748"
G3755,hotou/hot'-oo,"for the genitive case of 3748 (as adverb); during which same time, i.e. whilst:--whiles. see G3748"
G3756,"ou/oo, also (before a vowel",") ouch ookh a primary word; the absolute negative (compare 3361) adverb; no or not:--+ long, nay, neither, never, no (X man), none, (can-)not, + nothing, + special, un(-worthy), when, + without, + yet but. See also 3364, 3372. see G3361 see G3364 see G3372"
G3757,hou/hoo,"genitive case of 3739 as adverb; at which place, i.e. where:--where(-in), whither(-soever). see G3739"
G3758,oua/oo-ah',"a primary exclamation of surprise; ""ah"":--ah."
G3759,ouai/oo-ah'-ee,"a primary exclamation of grief; ""woe"":--alas, woe."
G3760,oudamos/oo-dam-oce',adverb from (the feminine) of 3762; by no means:--not. see G3762
G3761,oude/oo-deh',"from 3756 and 1161; not however, i.e. neither, nor, not even:--neither (indeed), never, no (more, nor, not), nor (yet), (also, even, then) not (even, so much as), + nothing, so much as. see G3756 see G1161"
G3773,Ourbanos/oor-ban-os',"of Latin origin; Urbanus (of the city, ""urbane""), a Christian:-- Urbanus."
G3774,Ourias/oo-ree'-as,"of Hebrew origin (223); Urias (i.e. Urijah), a Hittite:--Urias. see H223"
G3775,ous/ooce,apparently a primary word; the ear (physically or mentally):--ear.
G3776,ousia/oo-see'-ah,"from the feminine of 5607; substance, i.e. property (possessions):--goods, substance. see G5607"
G3777,oute/oo'-teh,"from 3756 and 5037; not too, i.e. neither or nor; by analogy, not even:-- neither, none, nor (yet), (no, yet) not, nothing. see G3756 see G5037"
G3778,"houtos/hoo'-tos, including nominative masculine plural","haute how'-tay, and nominative feminine plural hautai how'-tahee from the article 3588 and 846; the he (she or it), i.e. this or that (often with article repeated):--he (it was that), hereof, it, she, such as, the same, these, they, this (man, same, woman), which, who. see G846 see G3588"
G3779,"houto/hoo'-to, or (before a vowel","adverb from 3778; in this way (referring to what precedes or follows):--after that, after (in) this manner, as, even (so), for all that, like(-wise), no more, on this fashion(-wise), so (in like manner), thus, what. see G3778"
G3780,ouchi/oo-khee',"intensive of 3756; not indeed:--nay, not. see G3756"
G3781,opheiletes/of-i-let'-ace,"from 3784; an ower, i.e. person indebted; figuratively, a delinquent; morally, a transgressor (against God):-- debtor, which owed, sinner. see G3784"
G3782,opheile/of-i-lay',"from 3784; indebtedness, i.e. (concretely) a sum owed; figuratively, obligation, i.e. (conjugal) duty:--debt, due. see G3784"
G3783,opheilema/of-i'-lay-mah,"from (the alternate of) 3784; something owed, i.e. (figuratively) a due; morally, a fault:--debt. see G3784"
G3794,ochuroma/okh-oo'-ro-mah,"from a remote derivative of 2192 (meaning to fortify, through the idea of holding safely); a castle (figuratively, argument):--stronghold. see G2192"
G3795,opsarion/op-sar'-ee-on,"neuter of a presumed derivative of the base of 3702; a relish to other food (as if cooked sauce), i.e. (specially), fish (presumably salted and dried as a condiment):--fish. see G3702"
G3796,opse/op-seh',"from the same as 3694 (through the idea of backwardness); (adverbially) late in the day; by extension, after the close of the day:--(at) even, in the end. see G3694"
G3797,opsimos/op'-sim-os,"from 3796; later, i.e. vernal (showering):--latter. see G3796"
G3798,opsios/op'-see-os,"from 3796; late; feminine (as noun) afternoon (early eve) or nightfall (later eve):--even(-ing, (-tide)). see G3796"
G3799,opsis/op'-sis,"from 3700; properly, sight (the act), i.e. (by implication) the visage, an external show:--appearance, countenance, face. see G3700"
G3800,opsonion/op-so'-nee-on,"neuter of a presumed derivative of the same as 3795; rations for a soldier, i.e. (by extension) his stipend or pay:-- wages. see G3795"
G3801,ho on kai/ho en kai/ho erchomenos,"a phrase combining 3588 with the present participle and imperfect of 1510 and the present participle of 2064 by means of 2532; the one being and the one that was and the one coming, i.e. the Eternal, as a divine epithet of Christ:--which art (is, was), and (which) wast (is, was), and art (is) to come (shalt be). see G1510 see G2532 see G3588 see G2064"
G3802,pagideuo/pag-id-yoo'-o,from 3803; to ensnare (figuratively):--entangle. see G3803
G3803,pagis/pag-ece',"from 4078; a trap (as fastened by a noose or notch); figuratively, a trick or statagem (temptation):--snare. see G4078"
G3804,pathema/path'-ay-mah,"from a presumed derivative of 3806; something undergone, i.e. hardship or pain; subjectively, an emotion or influence:-- affection, affliction, motion, suffering. see G3806"
G3816,pais/paheece,"perhaps from 3817; a boy (as often beaten with impunity), or (by analogy), a girl, and (genitive case) a child; specially, a slave or servant (especially a minister to a king; and by eminence to God):--child, maid(-en), (man) servant, son, young man. see G3817"
G3817,paio/pah'-yo,"a primary verb; to hit (as if by a single blow and less violently than 5180); specially, to sting (as a scorpion):--smite, strike. see G5180"
G3818,Pakatiane/pak-at-ee-an-ay',"feminine of an adjective of uncertain derivation; Pacatianian, a section of Phrygia:--Pacatiana."
G3819,palai/pal'-ahee,"probably another form for 3825 (through the idea of retrocession); (adverbially) formerly, or (by relatively) sometime since; (elliptically as adjective) ancient:--any while, a great while ago, (of) old, in time past. see G3825"
G3820,palaios/pal-ah-yos',"from 3819; antique, i.e. not recent, worn out:--old. see G3819"
G3821,palaiotes/pal-ah-yot'-ace,from 3820; antiquatedness:--oldness. see G3820
G3822,palaioo/pal-ah-yo'-o,"from 3820; to make (passively, become) worn out, or declare obsolete:--decay, make (wax) old. see G3820"
G3823,pale/pal'-ay,from pallo (to vibrate; another form for 906); wrestling:--+ wrestle. see G906
G3824,paliggenesia/pal-ing-ghen-es-ee'-ah,"from 3825 and 1078; (spiritual) rebirth (the state or the act), i.e. (figuratively) spiritual renovation; specially, Messianic restoration:--regeneration. see G3825 see G1078"
G3825,palin/pal'-in,"probably from the same as 3823 (through the idea of oscillatory repetition); (adverbially) anew, i.e. (of place) back, (of time) once more, or (conjunctionally) furthermore or on the other hand:--again. see G3823"
G3826,pamplethei/pam-play-thi',"dative case (adverb) of a compound of 3956 and 4128; in full multitude, i.e. concertedly or simultaneously:--all at once. see G3956 see G4128"
G3839,pante/pan'-tay,adverb (of manner) from 3956; wholly:--always. see G3956
G3840,pantothen/pan-toth'-en,"adverb (of source) from 3956; from (i.e. on) all sides:--on every side, round about. see G3956"
G3841,pantokrator/pan-tok-rat'-ore,"from 3956 and 2904; the all-ruling, i.e. God (as absolute and universal sovereign):--Almighty, Omnipotent. see G3956 see G2904"
G3842,pantote/pan'-tot-eh,"from 3956 and 3753; every when, i.e. at all times:--alway(-s), ever(-more). see G3956 see G3753"
G3843,pantos/pan'-toce,"adverb from 3956; entirely; specially, at all events, (with negative, following) in no event:--by all means, altogether, at all, needs, no doubt, in (no) wise, surely. see G3956"
G3844,para/par-ah',"a primary preposition; properly, near; i.e. (with genitive case) from beside (literally or figuratively), (with dative case) at (or in) the vicinity of (objectively or subjectively), (with accusative case) to the proximity with (local (especially beyond or opposed to) or causal (on account of):--above, against, among, at, before, by, contrary to, X friend, from, + give (such things as they), + that (she) had, X his, in, more than, nigh unto, (out) of, past, save, side...by, in the sight of, than, (there-)fore, with. In compounds it retains the same variety of application."
G3845,parabaino/par-ab-ah'-ee-no,"from 3844 and the base of 939; to go contrary to, i.e. violate a command:--(by) transgress(-ion). see G3844 see G939"
G3846,paraballo/par-ab-al'-lo,"from 3844 and 906; to throw alongside, i.e. (reflexively) to reach a place, or (figuratively) to liken:--arrive, compare. see G3844 see G906"
G3847,parabasis/par-ab'-as-is,"from 3845; violation:--breaking, transgression. see G3845"
G3848,parabates/par-ab-at'-ace,"from 3845; a violator:--breaker, transgress(-or). see G3845"
G3849,parabiazomai/par-ab-ee-ad'-zom- ahee,from 3844 and the middle voice of 971; to
G3860,paradidomi/par-ad-id'-o-mee,"from 3844 and 1325; to surrender, i.e yield up, intrust, transmit:--betray, bring forth, cast, commit, deliver (up), give (over, up), hazard, put in prison, recommend. see G3844 see G1325"
G3861,paradoxos/par-ad'-ox-os,"from 3844 and 1391 (in the sense of seeming); contrary to expectation, i.e. extraordinary (""paradox""):-- strange. see G3844 see G1391"
G3862,paradosis/par-ad'-os-is,"from 3860; transmission, i.e. (concretely) a precept; specially, the Jewish traditionary law:--ordinance, tradition. see G3860"
G3863,parazeloo/par-ad-zay-lo'-o,"from 3844 and 2206; to stimulate alongside, i.e. excite to rivalry:--provoke to emulation (jealousy). see G3844 see G2206"
G3864,parathalassios/par-ath-al-as'-see-os,"from 3844 and 2281; along the sea, i.e. maritime (lacustrine):--upon the sea coast. see G3844 see G2281"
G3865,paratheoreo/par-ath-eh-o-reh'-o,from 3844 and 2334; to overlook or disregard:--neglect. see G3844 see G2334
G3866,paratheke/par-ath-ay'-kay,"from 3908; a deposit, i.e. (figuratively) trust:--committed unto. see G3908"
G3867,paraineo/par-ahee-neh'-o,"from 3844 and 134; to mispraise, i.e. recommend or advise (a different course):--admonish, exhort. see G3844 see G134"
G3868,paraiteomai/par-ahee-teh'-om-ahee,"from 3844 and the middle voice of 154; to beg off, i.e. deprecate, decline, shun:--avoid, (make) excuse, intreat, refuse, reject. see G3844 see G154"
G3869,parakathizo/par-ak-ath-id'-zo,from 3844 and 2523; to sit down near:--sit. see G3844 see G2523
G3870,parakaleo/par-ak-al-eh'-o,"from 3844 and 2564; to call near, i.e. invite, invoke (by imploration, hortation or consolation):--beseech, call for, (be of good) comfort, desire, (give) exhort(- ation), intreat, pray. see G3844 see G2564"
G3882,paralios/par-al'-ee-os,"from 3844 and 251; beside the salt (sea), i.e. maritime:--sea coast. see G3844 see G251"
G3883,parallage/par-al-lag-ay',"from a compound of 3844 and 236; transmutation (of phase or orbit), i.e. (figuratively) fickleness: variableness. see G3844 see G236"
G3884,paralogizomai/par-al-og-id'-zom-ahee,"from 3844 and 3049; to misreckon, i.e. delude:-- beguile, deceive. see G3844 see G3049"
G3885,paralutikos/par-al-oo-tee-kos',"from a derivative of 3886; as if dissolved, i.e. ""paralytic"":-- that had (sick of) the palsy. see G3886"
G3886,paraluo/par-al-oo'-o,"from 3844 and 3089; to loosen beside, i.e. relax (perfect passive participle, paralyzed or enfeebled):--feeble, sick of the (taken with) palsy. see G3844 see G3089"
G3887,parameno/par-am-en'-o,"from 3844 and 3306; to stay near, i.e. remain (literally, tarry; or figuratively, be permanent, persevere):--abide, continue. see G3844 see G3306 see G3306 see G3844"
G3888,paramutheomai/par-am-oo-theh'-om- ahee,"from 3844 and the middle voice of a derivative of 3454; to relate near, i.e. (by implication) encourage, console:--comfort. see G3844 see G3454"
G3889,paramuthia/par-am-oo-thee'-ah,"from 3888; consolation (properly, abstract):--comfort. see G3888"
G3890,paramuthion/par-am-oo'-thee-on,"neuter of 3889; consolation (properly, concretely):-- comfort. see G3889"
G3891,paranomeo/par-an-om-eh'-o,"from a compound of 3844 and 3551; to be opposed to law, i.e. to transgress:--contrary to law. see G3844 see G3551"
G3892,paranomia/par-an-om-ee'-ah,from the same as 3891; transgression: iniquity. see G3891
G3893,parapikraino/par-ap-ik-rah'-ee-no,"from 3844 and 4087; to embitter alongside, i.e. (figuratively) to exasperate:--provoke. see G3844 see G4087"
G3907,parateresis/par-at-ay'-ray-sis,"from 3906; inspection, i.e. ocular evidence:--obervation. see G3906"
G3908,paratithemi/par-at-ith'-ay-mee,"from 3844 and 5087; to place alongside, i.e. present (food, truth); by implication, to deposit (as a trust or for protection):--allege, commend, commit (the keeping of), put forth, set before. see G3844 see G5087"
G3909,paratugchano/par-at-oong-khan'-o,"from 3844 and 5177; to chance near, i.e. fall in with:--meet with. see G3844 see G5177"
G3910,parautika/par-ow-tee'-kah,"from 3844 and a derivative of 846; at the very instant, i.e. momentary:--but for a moment. see G3844 see G846"
G3911,paraphero/par-af-er'-o,"from 3844 and 5342 (including its alternate forms); to bear along or aside, i.e. carry off (literally or figuratively); by implication, to avert:--remove, take away. see G3844 see G5342"
G3912,paraphroneo/par-af-ron-eh'-o,"from 3844 and 5426; to misthink, i.e. be insane (silly):-- as a fool. see G3844 see G5426"
G3913,paraphronia/par-af-ron-ee'-ah,"from 3912; insanity, i.e. foolhardiness:--madness. see G3912"
G3914,paracheimazo/par-akh-i-mad'-zo,"from 3844 and 5492; to winter near, i.e. stay with over the rainy season:--winter. see G3844 see G5492"
G3915,paracheimasia/par-akh-i-mas-ee'-ah,from 3914; a wintering over:--winter in. see G3914
G3916,parachrema/par-akh-ray'-mah,"from 3844 and 5536 (in its original sense); at the thing itself, i.e. instantly:--forthwith, immediately, presently, straightway, soon. see G3844 see G5536"
G3917,pardalis/par'-dal-is,feminine of pardos (a panther); a leopard:--leopard.
G3918,pareimi/par'-i-mee,"from 3844 and 1510 (including its various forms); to be near, i.e. at hand; neuter present participle (singular) time"
G3930,parecho/par-ekh'-o,"from 3844 and 2192; to hold near, i.e. present, afford, exhibit, furnish occasion:--bring, do, give, keep, minister, offer, shew, + trouble. see G3844 see G2192"
G3931,paregoria/par-ay-gor-ee'-ah,"from a compound of 3844 and a derivative of 58 (meaning to harangue an assembly); an address alongside, i.e. (specially), consolation:--comfort. see G3844 see G58"
G3932,parthenia/par-then-ee'-ah,from 3933; maidenhood:--virginity. see G3933
G3933,parthenos/par-then'-os,"of unknown origin; a maiden; by implication, an unmarried daughter:--virgin."
G3934,Parthos/par'-thos,"probably of foreign origin; a Parthian, i.e. inhabitant of Parthia:-- Parthian."
G3935,pariemi/par-ee'-ay-mi,"from 3844 and hiemi (to send); to let by, i.e. relax:--hang down. see G3844"
G3936,"paristemi/par-is'-tay-mee, or prolonged","from 3844 and 2476; to stand beside, i.e. (transitively) to exhibit, proffer, (specially), recommend, (figuratively) substantiate; or (intransitively) to be at hand (or ready), aid:--assist, bring before, command, commend, give presently, present, prove, provide, shew, stand (before, by, here, up, with), yield. see G3844 see G2476"
G3937,Parmenas/par-men-as',"probably by contraction for Parmenides (a derivative of a compound of 3844 and 3306); constant; Parmenas, a Christian:--Parmenas. see G3844 see G3306"
G3938,parodos/par'-od-os,"from 3844 and 3598; a by-road, i.e. (actively) a route:--way. see G3844 see G3598"
G3939,paroikeo/par-oy-keh'-o,"from 3844 and 3611; to dwell near, i.e. reside as a foreigner:-- sojourn in, be a stranger. see G3844 see G3611"
G3940,paroikia/par-oy-kee'-ah,"from 3941; foreign residence:--sojourning, X as strangers. see G3941"
G3941,paroikos/par'-oy-kos,"from 3844 and 3624; having a home near, i.e. (as noun) a by-"
G3954,parrhesia/par-rhay-see'-ah,"from 3956 and a derivative of 4483; all out-spokenness, i.e. frankness, bluntness, publicity; by implication, assurance:--bold (X -ly, -ness, -ness of speech), confidence, X freely, X openly, X plainly(-ness). see G3956 see G4483"
G3955,parrhesiazomai/par-hray-see-ad'-zom- ahee,"middle voice from 3954; to be frank in utterance, or confident in spirit and demeanor:--be (wax) bold, (preach, speak) boldly. see G3954"
G3956,pas/pas,"including all the forms of declension; apparently a primary word; all, any, every, the whole:--all (manner of, means), alway(- s), any (one), X daily, + ever, every (one, way), as many as, + no(-thing), X thoroughly, whatsoever, whole, whosoever."
G3957,pascha/pas'-khah,"of Chaldee origin (compare 6453); the Passover (the meal, the day, the festival or the special sacrifices connected with it):--Easter, Passover. see H6453"
G3958,"pascho/pas'-kho, including the forms","pentho pen'-tho, used only in certain tenses for it apparently a primary verb; to experience a sensation or impression (usually painful):--feel, passion, suffer, vex."
G3959,Patara/pat'-ar-ah,"probably of foreign origin; Patara, a place in Asia Minor:--Patara."
G3960,patasso/pat-as'-so,"probably prolongation from 3817; to knock (gently or with a weapon or fatally):--smite, strike. Compare 5180. see G3817 see G5180"
G3961,pateo/pat-eh'-o,"from a derivative probably of 3817 (meaning a ""path""); to trample (literally or figuratively):--tread (down, under foot). see G3817"
G3962,pater/pat-ayr',"apparently a primary word; a ""father"" (literally or figuratively, near or more remote):--father, parent."
G3963,Patmos/pat'-mos,"of uncertain derivation; Patmus, an islet in the Mediterranean:-- Patmos."
G3978,pezeuo/ped-zyoo'-o,"from the same as 3979; to foot a journey, i.e. travel by land:--go afoot. see G3979"
G3979,peze/ped-zay',"dative case feminine of a derivative of 4228 (as adverb); foot-wise, i.e. by walking:--a- (on) foot. see G4228"
G3980,peitharcheo/pi-tharkh-eh'-o,"from a compound of 3982 and 757; to be persuaded by a ruler, i.e. (genitive case) to submit to authority; by analogy, to conform to advice:--hearken, obey (magistrates). see G3982 see G757"
G3981,peithos/pi-thos',from 3982; persuasive:--enticing. see G3982
G3982,peitho/pi'-tho,"a primary verb; to convince (by argument, true or false); by analogy, to pacify or conciliate (by other fair means); reflexively or passively, to assent (to evidence or authority), to rely (by inward certainty):--agree, assure, believe, have confidence, be (wax) conflent, make friend, obey, persuade, trust, yield."
G3983,peinao/pi-nah'-o,"from the same as 3993 (through the idea of pinching toil; ""pine""); to famish (absolutely or comparatively); figuratively, to crave:--be an hungered. see G3993"
G3984,peira/pi'-rah,"from the base of 4008 (through the idea of piercing); a test, i.e. attempt, experience:--assaying, trial. see G4008"
G3985,peirazo/pi-rad'-zo,"from 3984; to test (objectively), i.e. endeavor, scrutinize, entice, discipline:--assay, examine, go about, prove, tempt(-er), try. see G3984"
G3986,peirasmos/pi-ras-mos',"from 3985; a putting to proof (by experiment (of good), experience (of evil), solicitation, discipline or provocation); by implication, adversity:-- temptation, X try. see G3985"
G3987,peirao/pi-rah'-o,"from 3984; to test (subjectively), i.e. (reflexively) to attempt:--assay. see G3984"
G3988,peismone/pice-mon-ay',"from a presumed derivative of 3982; persuadableness, i.e. credulity:--persuasion. see G3982"
G4003,pentekaidekatos/pen-tek-ahee-ded'-at- os,from 4002 and 2532 and 1182; five and tenth:-- fifteenth. see G4002 see G2532 see G1182
G4004,pentekonta/pen-tay'-kon-tah,multiplicative of 4002; fifty:--fifty. see G4002
G4005,pentekoste/pen-tay-kos-tay',"feminine of the ordinal of 4004; fiftieth (2250 being implied) from Passover, i.e. the festival of ""Pentecost"":-- Pentecost. see G4004 see G2250"
G4006,pepoithesis/pep-oy'-thay-sis,"from the perfect of the alternate of 3958; reliance:-- confidence, trust. see G3958"
G4007,per/per,"from the base of 4008; an enclitic particle significant of abundance (thoroughness), i.e. emphasis; much, very or ever:-- (whom-)soever. see G4008"
G4008,peran/per'-an,"apparently accusative case of an obsolete derivative of peiro (to ""pierce""); through (as adverb or preposition), i.e. across:-- beyond, farther (other) side, over."
G4009,peras/per'-as,"from the same as 4008; an extremity:--end, ut-(ter-)most participle see G4008"
G4010,Pergamos/per'-gam-os,"from 4444; fortified; Pergamus, a place in Asia Minor:-- Pergamos. see G4444"
G4011,Perge/perg'-ay,"probably from the same as 4010; a tower; Perga, a place in Asia Minor:-- Perga. see G4010"
G4012,peri/per-ee',"from the base of 4008; properly, through (all over), i.e. around; figuratively with respect to; used in various applications, of place, cause or time (with the genitive case denoting the subject or occasion or superlative point; with the accusative case the locality, circuit, matter, circumstance or general period):--(there-)about, above, against, at, on behalf of, X and his company, which concern, (as) concerning, for, X how it will go with, ((there-, where-)) of, on, over, pertaining (to), for sake, X (e-)state, (as) touching, (where-)by (in), with. In comparative, it retains substantially the same meaning of circuit (around), excess (beyond), or completeness (through). see G4008"
G4024,perizonnumi/per-id-zone'-noo-mee,"from 4012 and 2224; to gird all around, i.e. (middle voice or passive) to fasten on one's belt (literally or figuratively):--gird (about, self). see G4012 see G2224"
G4025,perithesis/per-ith'-es-is,"from 4060; a putting all around, i.e. decorating oneself with:-- wearing. see G4060"
G4026,periistemi/per-ee-is'-tay-mee,"from 4012 and 2476; to stand all around, i.e. (near) to be a bystander, or (aloof) to keep away from:--avoid, shun, stand by (round about). see G4012 see G2476"
G4027,perikatharma/per-ee-kath'-ar-mah,"from a compound of 4012 and 2508; something cleaned off all around, i.e. refuse (figuratively):-- filth. see G4012 see G2508"
G4028,perikalupto/per-ee-kal-oop'-to,"from 4012 and 2572; to cover all around, i.e. entirely (the face, a surface):--blindfold, cover, overlay. see G4012 see G2572"
G4029,perikeimai/per-ik'-i-mahee,"from 4012 and 2749; to lie all around, i.e. inclose, encircle, hamper (literally or figuratively):--be bound (compassed) with, hang about. see G4012 see G2749"
G4030,perikephalaia/per-ee-kef-al-ah'-yah,"feminine of a compound of 4012 and 2776; encirclement of the head, i.e. a helmet:--helmet. see G4012 see G2776"
G4031,perikrates/per-ee-krat-ace',"from 4012 and 2904; strong all around, i.e. a master (manager):--+ come by. see G4012 see G2904"
G4032,perikrupto/per-ee-kroop'-to,"from 4012 and 2928; to conceal all around, i.e. entirely:-- hide. see G4012 see G2928"
G4033,perikukloo/per-ee-koo-klo'-o,"from 4012 and 2944; to encircle all around, i.e. blockade completely:--compass round. see G4012 see G2944"
G4034,perilampo/per-ee-lam'-po,"from 4012 and 2989; to illuminate all around, i.e. invest with a halo:--shine round about. see G4012 see G2989 oneself, i.e. acquire (buy):--purchase. see G4012 see G4160"
G4047,peripoiesis/per-ee-poy'-ay-sis,"from 4046; acquisition (the act or the thing); by extension, preservation:--obtain(-ing), peculiar, purchased, possession, saving. see G4046"
G4048,perirrhegnumi/per-ir-hrayg'-noo-mee,"from 4012 and 4486; to tear all around, i.e. completely away:--rend off. see G4012 see G4486"
G4049,perispao/per-ee-spah'-o,"from 4012 and 4685; to drag all around, i.e. (figuratively) to distract (with care):--cumber. see G4012 see G4685"
G4050,perisseia/per-is-si'-ah,"from 4052; surplusage, i.e. superabundance:--abundance(-ant, (- ly)), superfluity. see G4052"
G4051,perisseuma/per-is'-syoo-mah,"from 4052; a surplus, or superabundance:--abundance, that was left, over and above. see G4052"
G4052,perisseuo/per-is-syoo'-o,"from 4053; to superabound (in quantity or quality), be in excess, be superfluous; also (transitively) to cause to superabound or excel:--(make, more) abound, (have, have more) abundance (be more) abundant, be the better, enough and to spare, exceed, excel, increase, be left, redound, remain (over and above). see G4053"
G4053,perissos/per-is-sos',"from 4012 (in the sense of beyond); superabundant (in quantity) or superior (in quality); by implication, excessive; adverbially (with 1537) violently; neuter (as noun) preeminence:--exceeding abundantly above, more abundantly, advantage, exceedingly, very highly, beyond measure, more, superfluous, vehement(-ly). see G4012 see G1537"
G4054,perissoteron/per-is-sot'-er-on,"neuter of 4055 (as adverb); in a more superabundant way:- -more abundantly, a great deal, far more. see G4055"
G4055,perissoteros/per-is-sot'-er-os,"comparative of 4053; more superabundant (in number, degree or character):--more abundant, greater (much) more, overmuch. see G4053"
G4056,perissoteros/per-is-sot-er'-oce,"adverb from 4055; more superabundantly:--more abundant(-ly), X the more earnest, (more)"
G4069,Persis/per-sece',"a Persian woman; Persis, a Christian female:--Persis."
G4070,perusi/per'-oo-si,"adverb from 4009; the by-gone, i.e. (as noun) last year:--+ a year ago. see G4009"
G4071,peteinon/pet-i-non',"neuter of a derivative of 4072; a flying animal, i.e. bird:--bird, fowl. see G4072"
G4072,"petomai/pet'-om-ahee, or prolongation",ptaomai ptah'-om-ahee middle voice of a primary verb; to fly:--fly(-ing).
G4073,petra/pet'-ra,feminine of the same as 4074; a (mass of) rock (literally or figuratively):-- rock. see G4074
G4074,Petros/pet'-ros,"apparently a primary word; a (piece of) rock (larger than 3037); as a name, Petrus, an apostle:--Peter, rock. Compare 2786. see G3037 see G2786"
G4075,petrodes/pet-ro'-dace,"from 4073 and 1491; rock-like, i.e. rocky:--stony. see G4073 see G1491"
G4076,peganon/pay'-gan-on,from 4078; rue (from its thick or fleshy leaves):--rue. see G4078
G4077,pege/pay-gay',"probably from 4078 (through the idea of gushing plumply); a fount (literally or figuratively), i.e. source or supply (of water, blood, enjoyment) (not necessarily the original spring):--fountain, well. see G4078"
G4078,pegnumi/payg'-noo-mee,"a prolonged form of a primary verb (which in its simpler form occurs only as an alternate in certain tenses); to fix (""peg""), i.e. (specially) to set up (a tent):--pitch."
G4079,pedalion/pay-dal'-ee-on,"neuter of a (presumed) derivative of pedon (the blade of an oar; from the same as 3976); a ""pedal"", i.e. helm:-- rudder. see G3976"
G4080,pelikos/pay-lee'-kos,"a quantitative form (the feminine) of the base of 4225; how much (as an indefinite), i.e. in size or (figuratively) dignity:--how great (large). see G4225"
G4081,pelos/pay-los',perhaps a primary word; clay:--clay.
G4096,piotes/pee-ot'-ace,"from pion (fat; perhaps akin to the alternate of 4095 through the idea of repletion); plumpness, i.e. (by implication) richness (oiliness):--fatness. see G4095"
G4097,"piprasko/pip-ras'-ko, a reduplicated and prolonged form of","certain tenses) contracted from perao (to traverse; from the base of 4008); to traffic (by travelling), i.e. dispose of as merchandise or into slavery (literally or figuratively):--sell. see G4008"
G4098,"pipto/pip'-to, a reduplicated and contracted formof","tenses); probably akin to 4072 through the idea of alighting; to fall (literally or figuratively):--fail, fall (down), light on. see G4072"
G4099,Pisidia/pis-id-ee'-ah,"probably of foreign origin; Pisidia, a region of Asia Minor:-- Pisidia."
G4100,pisteuo/pist-yoo'-o,"from 4102; to have faith (in, upon, or with respect to, a person or thing), i.e. credit; by implication, to entrust (especially one's spiritual well-being to Christ):--believe(-r), commit (to trust), put in trust with. see G4102"
G4101,pistikos/pis-tik-os',"from 4102; trustworthy, i.e. genuine (unadulterated):--spike- (nard). see G4102"
G4102,pistis/pis'-tis,"from 3982; persuasion, i.e. credence; moral conviction (of religious truth, or the truthfulness of God or a religious teacher), especially reliance upon Christ for salvation; abstractly, constancy in such profession; by extension, the system of religious (Gospel) truth itself:--assurance, belief, believe, faith, fidelity. see G3982"
G4103,pistos/pis-tos',"from 3982; objectively, trustworthy; subjectively, trustful:--believe(-ing, -r), faithful(-ly), sure, true. see G3982"
G4104,pistoo/pis-to'-o,from 4103; to assure:-- assure of. see G4103
G4105,planao/plan-ah'-o,"from 4106; to (properly, cause to) roam (from safety, truth, or virtue):--go astray, deceive, err, seduce, wander, be out of the way. see G4106"
G4121,pleonazo/pleh-on-ad'-zo,"from 4119; to do, make or be more, i.e. increase (transitively or intransitively); by extension, to superabound:-- abound, abundant, make to increase, have over. see G4119"
G4122,pleonekteo/pleh-on-cek-teh'-o,"from 4123; to be covetous, i.e. (by implication) to over- reach:--get an advantage, defraud, make a gain. see G4123"
G4123,pleonektes/pleh-on-ek'-tace,"from 4119 and 2192; holding (desiring) more, i.e. eager for gain (avaricious, hence a defrauder):--covetous. see G4119 see G2192"
G4124,pleonexia/pleh-on-ex-ee'-ah,"from 4123; avarice, i.e. (by implication) fraudulency, extortion:--covetous(-ness) practices, greediness. see G4123"
G4125,pleura/plyoo-rah',"of uncertain affinity; a rib, i.e. (by extension) side:--side."
G4126,"pleo/pleh'-o, another form for",tenses; probably a form of 4150 (through the idea of plunging through the water); to pass in a vessel:-- sail. See also 4130. see G4150 see G4130
G4127,plege/play-gay',"from 4141; a stroke; by implication, a wound; figuratively, a calamity:-- plague, stripe, wound(-ed). see G4141"
G4128,plethos/play'-thos,"from 4130; a fulness, i.e. a large number, throng, populace:-- bundle, company, multitude. see G4130"
G4129,plethuno/play-thoo'-no,"from another form of 4128; to increase (transitively or intransitively):--abound, multiply. see G4128"
G4130,"pletho/play'-tho, a prolonged form of a primary","certain tenses and in the reduplicated form pimplemi) to ""fill"" (literally or figuratively (imbue, influence, supply)); specially, to fulfil (time):--accomplish, full (...come), furnish."
G4131,plektes/plake'-tace,"from 4141; a smiter, i.e. pugnacious (quarrelsome):--striker. see G4141"
G4132,plemmura/plame-moo'-rah,"prolonged from 4130; flood-tide, i.e. (by analogy) a freshet:-- flood. see G4130"
G4142,ploiarion/ploy-ar'-ee-on,"neuter of a presumed derivative of 4143; a boat:--boat, little (small) ship. see G4143"
G4143,ploion/ploy'-on,"from 4126; a sailer, i.e. vessel:--ship(-ing). see G4126"
G4144,ploos/plo'-os,"from 4126; a sail, i.e. navigation:--course, sailing, voyage. see G4126"
G4145,plousios/ploo'-see-os,"from 4149; wealthy; figuratively, abounding with:--rich. see G4149"
G4146,plousios/ploo-see'-oce,"adverb from 4145; copiously:--abundantly, richly. see G4145"
G4147,plouteo/ploo-teh'-o,"from 4148; to be (or become) wealthy (literally or figuratively):--be increased with goods, (be made, wax) rich. see G4148"
G4148,ploutizo/ploo-tid'-zo,from 4149; to make wealthy (figuratively):--en- (make) rich. see G4149
G4149,ploutos/ploo'-tos,"from the base of 4130; wealth (as fulness), i.e. (literally) money, possessions, or (figuratively) abundance, richness, (specially), valuable bestowment:--riches. see G4130"
G4150,pluno/ploo'-no,"a prolonged form of an obsolete pluo (to ""flow""); to ""plunge"", i.e. launder clothing:--wash. Compare 3068, 3538. see G3068 see G3538"
G4151,pneuma/pnyoo'-mah,"from 4154; a current of air, i.e. breath (blast) or a breeze; by analogy or figuratively, a spirit, i.e. (human) the rational soul, (by implication) vital principle, mental disposition, etc., or (superhuman) an angel, demon, or (divine) God, Christ's spirit, the Holy Spirit:-- ghost, life, spirit(-ual, -ually), mind. Compare 5590. see G4154 see G5590"
G4152,pneumatikos/pnyoo-mat-ik-os',"from 4151; non-carnal, i.e. (humanly) ethereal (as opposed to gross), or (daemoniacally) a spirit (concretely), or (divinely) supernatural, regenerate, religious:--spiritual. Compare 5591. see G4151 see G5591"
G4163,poietes/poy-ay-tace',"from 4160; a performer; specially, a ""poet""; --doer, poet. see G4160"
G4164,poikilos/poy-kee'-los,"of uncertain derivation; motley, i.e. various in character:--divers, manifold."
G4165,poimaino/poy-mah'-ee-no,"from 4166; to tend as a shepherd of (figuratively, superviser):-- feed (cattle), rule. see G4166"
G4166,poimen/poy-mane',"of uncertain affinity; a shepherd (literally or figuratively):-- shepherd, pastor."
G4167,poimne/poym'-nay,"contraction from 4165; a flock (literally or figuratively):--flock, fold. see G4165"
G4168,poimnion/poym'-nee-on,"neuter of a presumed derivative of 4167; a flock, i.e. (figuratively) group (of believers):--flock. see G4167"
G4169,poios/poy'-os,"from the base of 4226 and 3634; individualizing interrogative (of character) what sort of, or (of number) which one:-- what (manner of), which. see G4226 see G3634"
G4170,polemeo/pol-em-eh'-o,"from 4171; to be (engaged) in warfare, i.e. to battle (literally or figuratively): -fight, (make) war. see G4171"
G4171,polemos/pol'-em-os,"from pelomai (to bustle); warfare (literally or figuratively; a single encounter or a series):--battle, fight, war."
G4172,polis/pol'-is,"probably from the same as 4171, or perhaps from 4183; a town (properly, with walls, of greater or less size):--city. see G4183 see G4171"
G4173,politarches/pol-it-ar'-khace,"from 4172 and 757; a town-officer, i.e. magistrate:--ruler of the city. see G4172 see G757"
G4174,politeia/pol-ee-ti'-ah,"from 4177 (""polity""); citizenship; concretely, a community:-- commonwealth, freedom. see G4177"
G4175,politeuma/pol-it'-yoo-mah,"from 4176; a community, i.e. (abstractly) citizenship (figuratively):--conversation. see G4176"
G4187,polutropos/pol-oot-rop'-oce,"adverb from a compound of 4183 and 5158; in many ways, i.e. variously as to method or form:--in divers manners. see G4183 see G5158"
G4188,poma/pom'-ah,from the alternate of 4095; a beverage:--drink. see G4095
G4189,poneria/pon-ay-ree'-ah,"from 4190; depravity, i.e. (specially), malice; plural (concretely) plots, sins:--iniquity, wickedness. see G4190"
G4190,poneros/pon-ay-ros',"from a derivative of 4192; hurtful, i.e. evil (properly, in effect or influence, and thus differing from 2556, which refers rather to essential character, as well as from 4550, which indicates degeneracy from original virtue); figuratively, calamitous; also (passively) ill, i.e. diseased; but especially (morally) culpable, i.e. derelict, vicious, facinorous; neuter (singular) mischief, malice, or (plural) guilt; masculine (singular) the devil, or (plural) sinners:--bad, evil, grievous, harm, lewd, malicious, wicked(-ness). See also 4191. see G4192 see G2556 see G4550 see G4191"
G4191,poneroteros/pon-ay-rot'-er-os,comparative of 4190; more evil:--more wicked. see G4190
G4192,ponos/pon'-os,"from the base of 3993; toil, i.e. (by implication) anguish:--pain. see G3993"
G4193,Pontikos/pon-tik-os',"from 4195; a Pontican, i.e. native of Pontus:--born in Pontus. see G4195"
G4194,Pontios/pon'-tee-os,"of Latin origin; apparently bridged; Pontius, a Roman:--Pontius."
G4195,Pontos/pon'-tos,"a sea; Pontus, a region of Asia Minor:--Pontus."
G4196,Poplios/pop'-lee-os,"of Latin origin; apparently ""popular""; Poplius (i.e. Publius), a Roman:--Publius."
G4197,poreia/por-i'-ah,"from 4198; travel (by land); figuratively (plural) proceedings, i.e. career:-- journey(-ing), ways. see G4198"
G4198,poreuomai/por-yoo'-om-ahee,middle voice from a derivative of the same as 3984; to
G4211,porphuropolis/por-foo-rop'-o-lis,feminine of a compound of 4209 and 4453; a female trader in purple cloth:--seller of purple. see G4209 see G4453
G4212,posakis/pos-ak'-is,multiplicative from 4214; how many times:--how oft(-en). see G4214
G4213,posis/pos'-is,"from the alternate of 4095; a drinking (the act), i.e. (concretely) a draught:-- drink. see G4095"
G4214,posos/pos'-os,"from an absolute pos (who, what) and 3739; interrogative pronoun (of amount) how much (large, long or (plural) many):-- how great (long, many), what. see G3739"
G4215,potamos/pot-am-os',"probably from a derivative of the alternate of 4095 (compare 4224); a current, brook or freshet (as drinkable), i.e. running water:--flood, river, stream, water. see G4095 see G4224"
G4216,potamophoretos/pot-am-of-or'-ay-tos,"from 4215 and a derivative of 5409; river-borne, i.e. overwhelmed by a stream:--carried away of the flood. see G4215 see G5409"
G4217,potapos/pot-ap-os',"apparently from 4219 and the base of 4226; interrogatively, whatever, i.e. of what possible sort:--what (manner of). see G4219 see G4226"
G4218,pote/pot-eh',"from the base of 4225 and 5037; indefinite adverb, at some time, ever:--afore- (any, some-)time(-s), at length (the last), (+ n- )ever, in the old time, in time past, once, when. see G4225 see G5037"
G4219,pote/pot'-eh,"from the base of 4226 and 5037; interrogative adverb, at what time:--+ how long, when. see G4226 see G5037"
G4220,poteron/pot'-er-on,"neuter of a comparative of the base of 4226; interrogative as adverb, which (of two), i.e. is it this or that:-- whether. see G4226"
G4221,poterion/pot-ay'-ree-on,"neuter of a derivative of the alternate of 4095; a drinking- vessel; by extension, the contents thereof, i.e. a cupful (draught); figuratively, a lot or fate:--cup. see G4095"
G4235,praios/prah'-os,"a form of 4239, used in certain parts; gentle, i.e. humble:--meek. see G4239"
G4236,praiotes/prah-ot'-ace,"from 4235; gentleness, by implication, humility:--meekness. see G4235"
G4237,prasia/pras-ee-ah',"perhaps from prason (a leek, and so an onion-patch); a garden plot, i.e. (by implication, of regular beds) a row (repeated in plural by Hebraism, to indicate an arrangement):--in ranks."
G4238,prasso/pras'-so,"a primary verb; to ""practise"", i.e. perform repeatedly or habitually (thus differing from 4160, which properly refers to a single act); by implication, to execute, accomplish, etc.; specially, to collect (dues), fare (personally):--commit, deeds, do, exact, keep, require, use arts. see G4160"
G4239,praus/prah-ooce',"apparently a primary word; mild, i.e. (by implication) humble:--meek. See also 4235. see G4235"
G4240,prautes/prah-oo'-tace,"from 4239; mildness, i.e. (by implication) humility:--meekness. see G4239"
G4241,prepo/prep'-o,"apparently a primary verb; to tower up (be conspicuous), i.e. (by implication) to be suitable or proper (third person singular present indicative, often used impersonally, it is fit or right):--become, comely."
G4242,pesbeia/pres-bi'-ah,"from 4243; seniority (eldership), i.e. (by implication) an embassy (concretely, ambassadors):--ambassage, message. see G4243"
G4243,presbeuo/pres-byoo'-o,"from the base of 4245; to be a senior, i.e. (by implication) act as a representative (figuratively, preacher):--be an ambassador. see G4245"
G4244,presbuterion/pres-boo-ter'-ee-on,"neuter of a presumed derivative of 4245; the order of elders, i.e. (specially), Israelite Sanhedrin or Christian ""presbytery"":--(estate of) elder(-s), presbytery. see G4245"
G4245,presbuteros/pres-boo'-ter-os,"comparative of presbus (elderly); older; as noun, a"
G4259,proaulion/pro-ow'-lee-on,"neuter of a presumed compound of 4253 and 833; a forecourt, i.e. vestibule (alley-way):--porch. see G4253 see G833"
G4260,probaino/prob-ah'-ee-no,"from 4253 and the base of 939; to walk forward, i.e. advance (literally, or in years):--+ be of a great age, go farther (on), be well stricken. see G4253 see G939"
G4261,proballo/prob-al'-lo,"from 4253 and 906; to throw forward, i.e. push to the front, germinate:--put forward, shoot forth. see G4253 see G906"
G4262,probatikos/prob-at-ik-os',"from 4263; relating to sheep, i.e. (a gate) through which they were led into Jerusalem:--sheep (market). see G4263"
G4263,probaton/prob'-at-on,"probably neuter of a presumed derivative of 4260; something that walks forward (a quadruped), i.e. (specially), a sheep (literally or figuratively):--sheep(-fold). see G4260"
G4264,probibazo/prob-ib-ad'-zo,"from 4253 and a reduplicated form of 971; to force forward, i.e. bring to the front, instigate:--draw, before instruct. see G4253 see G971"
G4265,problepo/prob-lep'-o,"from 4253 and 991; to look out beforehand, i.e. furnish in advance:--provide. see G4253 see G991"
G4266,proginomai/prog-in'-om-ahee,"from 4253 and 1096; to be already, i.e. have previousy transpired:--be past. see G4253 see G1096"
G4267,proginosko/prog-in-oce'-ko,"from 4253 and 1097; to know beforehand, i.e. foresee:-- foreknow (ordain), know (before). see G4253 see G1097"
G4268,prognosis/prog'-no-sis,from 4267; forethought:--foreknowledge. see G4267
G4269,progonos/prog'-on-os,"from 4266; an ancestor, (grand-)parent:--forefather, parent. see G4266"
G4270,prographo/prog-raf'-o,"from 4253 and 1125; to write previously; figuratively, to announce, figuratively):--ordain before, prepare afore. see G4253 see G2090"
G4283,proeuaggelizomai/pro-yoo-ang-ghel- id'-zom-ahee,middle voice from 4253 and 2097; to announce glad news in advance:--preach before the gospel. see G4253 see G2097
G4284,proechomai/pro-ekh-om-ahee,"middle voice from 4253 and 2192; to hold oneself before others, i.e. (figuratively) to excel:--be better. see G4253 see G2192"
G4285,proegeomai/pro-ay-geh'-om-ahee,"from 4253 and 2233; to lead the way for others, i.e. show deference:--prefer. see G4253 see G2233"
G4286,prothesis/proth'-es-is,"from 4388; a setting forth, i.e. (figuratively) proposal (intention); specially, the show-bread (in the Temple) as exposed before God:--purpose, shew(-bread). see G4388"
G4287,prothesmios/proth-es'-mee-os,"from 4253 and a derivative of 5087; fixed beforehand, i.e. (feminine with 2250 implied) a designated day:- -time appointed. see G4253 see G5087 see G2250"
G4288,prothumia/proth-oo-mee'-ah,"from 4289; predisposition, i.e. alacrity:--forwardness of mind, readiness (of mind), ready (willing) mind. see G4289"
G4289,prothumos/proth'-oo-mos,"from 4253 and 2372; forward in spirit, i.e. predisposed; neuter (as noun) alacrity:--ready, willing. see G4253 see G2372"
G4290,prothumos/proth-oo'-moce,adverb from 4289; with alacrity:--willingly. see G4289
G4291,proistemi/pro-is'-tay-mee,"from 4253 and 2476; to stand before, i.e. (in rank) to preside, or (by implication) to practise:--maintain, be over, rule. see G4253 see G2476"
G4292,prokaleomai/prok-al-eh'-om-ahee,"middle voice from 4253 and 2564; to call forth to oneself (challenge), i.e. (by implication) to irritate:-- provoke. see G4253 see G2564"
G4293,prokataggello/prok-at-ang-ghel'-lo,"from 4253 and 2605; to anounce beforehand, i.e."
G4304,promeletao/prom-el-et-ah'-o,from 4253 and 3191; to premeditate:--meditate before. see G4253 see G3191
G4305,promerimnao/prom-er-im-nah'-o,from 4253 and 3309; to care (anxiously) in advance:--take thought beforehand. see G4253 see G3309
G4306,pronoeo/pron-o-eh'-o,"from 4253 and 3539; to consider in advance, i.e. look out for beforehand (actively, by way of maintenance for others; middle voice by way of circumspection for oneself):--provide (for). see G4253 see G3539"
G4307,pronoia/pron'-oy-ah,"from 4306; forethought, i.e. provident care or supply:-- providence, provision. see G4306"
G4308,proorao/pro-or-ah'-o,"from 4253 and 3708; to behold in advance, i.e. (actively) to notice (another) previously, or (middle voice) to keep in (one's own) view:--foresee, see before. see G4253 see G3708"
G4309,proorizo/pro-or-id'-zo,"from 4253 and 3724; to limit in advance, i.e. (figuratively) predetermine:--determine before, ordain, predestinate. see G4253 see G3724"
G4310,propascho/prop-as'-kho,from 4253 and 3958; to undergo hardship previously:--suffer before. see G4253 see G3958
G4311,propempo/prop-em'-po,"from 4253 and 3992; to send forward, i.e. escort or aid in travel:-- accompany, bring (forward) on journey (way), conduct forth. see G4253 see G3992"
G4312,propetes/prop-et-ace',"from a compound of 4253 and 4098; falling forward, i.e. headlong (figuratively, precipitate):--heady, rash(- ly). see G4253 see G4098"
G4313,proporeuomai/prop-or-yoo'-om-ahee,from 4253 and 4198; to precede (as guide or herald):--go before. see G4253 see G4198
G4314,pros/pros,"a strengthened form of 4253; a preposition of direction; forward to, i.e. toward (with the genitive case, the side of, i.e. pertaining to; with the dative case, by the side of, i.e. near to; usually with the accusative case, the place, time,"
G4324,prosapeileo/pros-ap-i-leh'-o,from 4314 and 546; to menace additionally:--i.e. threaten further. see G4314 see G546
G4325,prosdapanao/pros-dap-an-ah'-o,from 4314 and 1159; to expend additionally:--spend more. see G4314 see G1159
G4326,prosdeomai/pros-deh'-om-ahee,"from 4314 and 1189; to require additionally, i.e. want further:--need. see G4314 see G1189"
G4327,prosdechomai/pros-dekh'-om-ahee,"from 4314 and 1209; to admit (to intercourse, hospitality, credence, or (figuratively) endurance); by implication, to await (with confidence or patience):--accept, allow, look (wait) for, take. see G4314 see G1209"
G4328,prosdokao/pros-dok-ah'-o,"from 4314 and dokeuo (to watch); to anticipate (in thought, hope or fear); by implication, to await:--(be in) expect(-ation), look (for), when looked, tarry, wait for. see G4314"
G4329,prosdokia/pros-dok-ee'-ah,"from 4328; apprehension (of evil); by implication, infliction anticipated:--expectation, looking after. see G4328"
G4330,proseao/pros-eh-ah'-o,from 4314 and 1439; to permit further progress:--suffer. see G4314 see G1439
G4331,proseggizo/pros-eng-ghid'-zo,from 4314 and 1448; to approach near:--come nigh. see G4314 see G1448
G4332,prosedreuo/pros-ed-ryoo'-o,"from a compound of 4314 and the base of 1476; to sit near, i.e. attend as a servant:--wait at. see G4314 see G1476"
G4333,prosergazomai/pros-er-gad'-zom- ahee,"from 4314 and 2038; to work additionally, i.e. (by implication) acquire besides:--gain. see G4314 see G2038"
G4334,proserchomai/pros-er'-khom-ahee,"from 4314 and 2064 (including its alternate); to approach, i.e. (literally) come near, visit, or (figuratively) worship, assent to:--(as soon as he) come (unto), come thereunto, consent, draw near, go (near, to, unto). see G4314 see G2064"
G4345,proskleroo/pros-klay-ro'-o,"from 4314 and 2820; to give a common lot to, i.e. (figuratively) to associate with:--consort with. see G4314 see G2820"
G4346,prosklisis/pros'-klis-is,"from a compound of 4314 and 2827; a leaning towards, i.e. (figuratively) proclivity (favoritism):--partiality. see G4314 see G2827"
G4347,proskollao/pros-kol-lah'-o,"from 4314 and 2853; to glue to, i.e. (figuratively) to adhere:-- cleave, join (self). see G4314 see G2853"
G4348,proskomma/pros'-kom-mah,"from 4350; a stub, i.e. (figuratively) occasion of apostasy:--offence, stumbling(-block, (-stone)). see G4350"
G4349,proskope/pros-kop-ay',"from 4350; a stumbling, i.e. (figuratively and concretely) occasion of sin:--offence. see G4350"
G4350,proskopto/pros-kop'-to,"from 4314 and 2875; to strike at, i.e. surge against (as water); specially, to stub on, i.e. trip up (literally or figuratively):--beat upon, dash, stumble (at). see G4314 see G2875"
G4351,proskulio/pros-koo-lee'-o,"from 4314 and 2947; to roll towards, i.e. block against:--roll (to). see G4314 see G2947"
G4352,proskuneo/pros-koo-neh'-o,"from 4314 and a probable derivative of 2965 (meaning to kiss, like a dog licking his master's hand); to fawn or crouch to, i.e. (literally or figuratively) prostrate oneself in homage (do reverence to, adore):-- worship. see G4314 see G2965"
G4353,proskunetes/pros-koo-nay-tace',from 4352; an adorer:--worshipper. see G4352
G4354,proslaleo/pros-lal-eh'-o,"from 4314 and 2980; to talk to, i.e. converse with:--speak to (with). see G4314 see G2980"
G4355,proslambano/pros-lam-ban'-o,"from 4314 and 2983; to take to oneself, i.e. use (food), lead (aside), admit (to friendship or hospitality):-- receive, take (unto). see G4314 see G2983"
G4356,proslepsis/pros'-lape-sis,from 4355; admission:--receiving. see G4355
G4368,prostatis/pros-tat'-is,"feminine of a derivative of 4291; a patroness, i.e. assistant:-- succourer. see G4291"
G4369,prostithemi/pros-tith'-ay-mee,"from 4314 and 5087; to place additionally, i.e. lay beside, annex, repeat:--add, again, give more, increase, lay unto, proceed further, speak to any more. see G4314 see G5087"
G4370,prostrecho/pros-trekh'-o,"from 4314 and 5143 (including its alternate); to run towards, i.e. hasten to meet or join:--run (thither to, to). see G4314 see G5143"
G4371,prosphagion/pros-fag'-ee-on,"neuter of a presumed derivative of a compound of 4314 and 5315; something eaten in addition to bread, i.e. a relish (specially, fish; compare 3795):--meat. see G4314 see G5315 see G3795"
G4372,prosphatos/pros'-fat-os,"from 4253 and a derivative of 4969; previously (recently) slain (fresh), i.e. (figuratively) lately made:--new. see G4253 see G4969"
G4373,prosphatos/pros-fat'-oce,adverb from 4372; recently:--lately. see G4372
G4374,prosphero/pros-fer'-o,"from 4314 and 5342 (including its alternate); to bear towards, i.e. lead to, tender (especially to God), treat:--bring (to, unto), deal with, do, offer (unto, up), present unto, put to. see G4314 see G5342"
G4375,prosphiles/pros-fee-lace',"from a presumed compound of 4314 and 5368; friendly towards, i.e. acceptable:--lovely. see G4314 see G5368"
G4376,prosphora/pros-for-ah',"from 4374; presentation; concretely, an oblation (bloodless) or sacrifice:--offering (up). see G4374"
G4377,prosphoneo/pros-fo-neh'-o,"from 4314 and 5455; to sound towards, i.e. address, exclaim, summon:--call unto, speak (un-)to. see G4314 see G5455"
G4378,proschusis/pros'-khoo-sis,"from a comparative of 4314 and cheo (to pour); a shedding forth, i.e. affusion:--sprinkling. see G4314 outstrip, precede:--outrun, run before. see G4253 see G5143"
G4391,prouparcho/pro-oop-ar'-kho,"from 4253 and 5225; to exist before, i.e. (adverbially) to be or do something previously:--+ be before(-time). see G4253 see G5225"
G4392,prophasis/prof'-as-is,"from a compound of 4253 and 5316; an outward showing, i.e. pretext:--cloke, colour, pretence, show. see G4253 see G5316"
G4393,prophero/prof-er'-o,"from 4253 and 5342; to bear forward, i.e. produce:--bring forth. see G4253 see G5342"
G4394,propheteia/prof-ay-ti'-ah,"from 4396 (""prophecy""); prediction (scriptural or other):-- prophecy, prophesying. see G4396"
G4395,propheteuo/prof-ate-yoo'-o,"from  4396; to foretell events, divine, speak under inspiration, exercise the prophetic office:--prophesy. see G4396"
G4396,prophetes/prof-ay'-tace,"from a compound of 4253 and 5346; a foreteller (""prophet""); by analogy, an inspired speaker; by extension, a poet:--prophet. see G4253 see G5346"
G4397,prophetikos/prof-ay-tik-os',"from 4396; pertaining to a foreteller (""prophetic""):--of prophecy, of the prophets. see G4396"
G4398,prophetis/prof-ay'-tis,feminine of 4396; a female foreteller or an inspired woman:-- prophetess. see G4396
G4399,prophthano/prof-than'-o,"from 4253 and 5348; to get an earlier start of, i.e. anticipate:-- prevent. see G4253 see G5348"
G4400,procheirizomai/prokh-i-rid'-zom- ahee,"middle voice from 4253 and a derivative of 5495; to handle for oneself in advance, i.e. (figuratively) to purpose:--choose, make. see G4253 see G5495"
G4401,procheirotoneo/prokh-i-rot-on-eh'-o,from 4253 and 5500; to elect in advance:--choose before. see G4253 see G5500
G4414,protostates/pro-tos-tat'-ace,"from 4413 and 2476; one standing first in the ranks, i.e. a captain (champion):--ringleader. see G4413 see G2476"
G4415,prototokia/pro-tot-ok'-ee-ah,from 4416; primogeniture (as a privilege):--birthright. see G4416
G4416,prototokos/pro-tot-ok'-os,"from 4413 and the alternate of 5088; first-born (usually as noun, literally or figuratively):--firstbegotten(- born). see G4413 see G5088"
G4417,ptaio/ptah'-yo,"a form of 4098; to trip, i.e. (figuratively) to err, sin, fail (of salvation):--fall, offend, stumble. see G4098"
G4418,pterna/pter'-nah,of uncertain derivation; the heel (figuratively):--heel.
G4419,pterugion/pter-oog'-ee-on,"neuter of a presumed derivative of 4420; a winglet, i.e. (figuratively) extremity (top corner):--pinnacle. see G4420"
G4420,pterux/pter'-oox,from a derivative of 4072 (meaning a feather); a wing:--wing. see G4072
G4421,ptenon/ptay-non',contraction for 4071; a bird:--bird. see G4071
G4422,ptoeo/pto-eh'-o,probably akin to the alternate of 4098 (through the idea of causing to fall) or to 4072 (through that of causing to fly away); to scare:--frighten. see G4098 see G4072
G4423,ptoesis/pto'-ay-sis,from 4422; alarm:-- amazement. see G4422
G4424,Ptolemais/ptol-em-ah-is',"from Ptolemaios (Ptolemy, after whom it was named); Ptolemais, a place in Palestine:--Ptolemais."
G4425,ptuon/ptoo'-on,from 4429; a winnowing-fork (as scattering like spittle):--fan. see G4429
G4426,pturo/ptoo'-ro,from a presumed derivative of 4429 (and thus akin to 4422); to frighten:--terrify. see G4429 see G4422
G4427,ptusma/ptoos'-mah,from 4429; saliva:- -spittle. see G4429
G4428,ptusso/ptoos'-so,probably akin to petannumi (to spread; and thus apparently allied to
G4439,pule/poo'-lay,"apparently a primary word; a gate, i.e. the leaf or wing of a folding entrance (literally or figuratively):--gate."
G4440,pulon/poo-lone',"from 4439; a gate- way, door-way of a building or city; by implication, a portal or vestibule:--gate, porch. see G4439"
G4441,punthanomai/poon-than'-om-ahee,"middle voice prolonged from a primary putho (which occurs only as an alternate in certain tenses); to question, i.e. ascertain by inquiry (as a matter of information merely; and thus differing from 2065, which properly means a request as a favor; and from 154, which is strictly a demand for something due; as well as from 2212, which implies a search for something hidden; and from 1189, which involves the idea of urgent need); by implication, to learn (by casual intelligence):--ask, demand, enquire, understand. see G2065 see G154 see G2212 see G1189"
G4442,pur/poor,"a primary word; ""fire"" (literally or figuratively, specially, lightning):-- fiery, fire."
G4443,pura/poo-rah',from 4442; a fire (concretely):--fire. see G4442
G4444,purgos/poor'-gos,"apparently a primary word (""burgh""); a tower or castle:--tower."
G4445,puresso/poo-res'-so,"from 4443; to be on fire, i.e. (specially), to have a fever:--be sick of a fever. see G4443"
G4446,puretos/poo-ret-os',"from 4445; inflamed, i.e. (by implication) feverish (as noun, fever):--fever. see G4445"
G4447,purinos/poo'-ree-nos,"from 4443; fiery, i.e. (by implication) flaming:--of fire. see G4443"
G4448,puroo/poo-ro'-o,"from 4442; to kindle, i.e. (passively) to be ignited, glow (literally), be refined (by implication), or (figuratively) to be inflamed (with anger, grief, lust):--burn, fiery, be on fire, try. see G4442"
G4449,purrhazo/poor-hrad'-zo,"from 4450; to redden (intransitively):--be red. see G4450 Rabbi, as an official title of honor:--Master, Rabbi. see H7227"
G4462,rhabboni/hrab-bon-ee',"of Chaldee origin; corresponding to 4461:--Lord, Rabboni. see G4461"
G4463,rhabdizo/hrab-did'-zo,"from 4464; to strike with a stick, i.e. bastinado:--beat (with rods). see G4464"
G4464,rhabdos/hrab'-dos,"from the base of 4474; a stick or wand (as a cudgel, a cane or a baton of royalty):--rod, sceptre, staff. see G4474"
G4465,rhabdouchos/hrab-doo'-khos,"from 4464 and 2192; a rod- (the Latin fasces) holder, i.e. a Roman lictor (constable or executioner):--serjeant. see G4464 see G2192"
G4466,Rhagau/hrag-ow',"of Hebrew origin (7466); Ragau (i.e. Reu), a patriarch:--Ragau. see H7466"
G4467,rhaidiourgema/hrad-ee-oorg'-ay-mah,"from a comparative of rhaidios (easy, i.e. reckless) and 2041; easy-going behavior, i.e. (by extension) a crime:--lewdness. see G2041"
G4468,rhaidiourgia/hrad-ee-oorg-ee'-a,"from the same as 4467; recklessness, i.e. (by extension) malignity:--mischief. see G4467"
G4469,rhaka/rhak-ah',"of Chaldee origin (compare 7386); O empty one, i.e. thou worthless (as a term of utter vilification):--Raca. see H7386"
G4470,rhakos/hrak'-os,"from 4486; a ""rag,"" i.e. piece of cloth:--cloth. see G4486"
G4471,Rhama/hram-ah',"of Hebrew origin (7414); Rama (i.e. Ramah), a place in Palestine:-- Rama. see H7414"
G4472,rhantizo/hran-tid'-zo,"from a derivative of rhaino (to sprinkle); to render besprinkled, i.e. asperse (ceremonially or figuratively):-- sprinkle."
G4473,rhantismos/hran-tis-mos',from 4472; aspersion (ceremonially or figuratively):-- sprinkling. see G4472
G4474,rhapizo/hrap-id'-zo,"from a derivative of a primary rhepo (to let fall, ""rap""); to slap:--smite (with the palm of the hand). Compare 5180. see G5180 to minute fragments; but not a reduction to the constituent particles, like 3089) or disrupt, lacerate; by implication, to convulse (with spasms); figuratively, to give vent to joyful emotions:--break (forth), burst, rend, tear. see G2608 see G2608 see G2352 see G3089"
G4487,rhema/hray'-mah,"from 4483; an utterance (individually, collectively or specially),; by implication, a matter or topic (especially of narration, command or dispute); with a negative naught whatever:--+ evil, + nothing, saying, word. see G4483"
G4488,Rhesa/hray-sah',"probably of Hebrew origin (apparently for 7509); Resa (i.e. Rephajah), an Israelite:--Rhesa. see H7509"
G4489,rhetor/hray'-tore,"from 4483; a speaker, i.e. (by implication) a forensic advocate:-- orator. see G4483"
G4490,rhetos/hray-toce',"adverb from a derivative of 4483; out-spokenly, i.e. distinctly:-- expressly. see G4483"
G4491,rhiza/hrid'-zah,"apparently a primary word; a ""root"" (literally or figuratively):--root."
G4492,rhizoo/hrid-zo'-o,"from 4491; to root (figuratively, become stable):--root. see G4491"
G4493,rhipe/hree-pay',"from 4496; a jerk (of the eye, i.e. (by analogy) an instant):--twinkling. see G4496"
G4494,rhipizo/hrip-id'-zo,"from a derivative of 4496 (meaning a fan or bellows); to breeze up, i.e. (by analogy) to agitate (into waves):--toss. see G4496"
G4495,rhipteo/hrip-teh'-o,from a derivative of 4496; to toss up:--cast off. see G4496
G4496,rhipto/hrip'-to,"a primary verb (perhaps rather akin to the base of 4474, through the idea of sudden motion); to fling (properly, with a quick toss, thus differing from 906, which denotes a deliberate hurl; and from teino (see in 1614), which indicates an extended projection); by qualification, to deposit (as if a load); by extension, to disperse:-- cast (down, out), scatter abroad, throw. see G4474 see G906 see G1614"
G4512,rhutis/hroo-tece',"from 4506; a fold (as drawing together), i.e. a wrinkle (especially on the face):--wrinkle. see G4506"
G4513,Rhomaikos/rho-mah-ee-kos',"from 4514; Romaic, i.e. Latin:--Latin. see G4514"
G4514,Rhomaios/hro-mah'-yos,"from 4516; Romaean, i.e. Roman (as noun):--Roman, of Rome. see G4516"
G4515,Rhomaisti/hro-mah-is-tee',"adverb from a presumed derivative of 4516; Romaistically, i.e. in the Latin language:--Latin. see G4516"
G4516,Rhome/hro'-may,"from the base of 4517; strength; Roma, the capital of Italy:--Rome. see G4517"
G4517,rhonnumi/hrone'-noo-mee,"prolongation from rhoomai (to dart; probably akin to 4506); to strengthen, i.e. (impersonal passive) have health (as a parting exclamation, good-bye):-- farewell. see G4506"
G4518,sabachthani/sab-akh-than-ee',"of Chaldee or (7662 with pronominal suffix); thou hast left me; sabachthani (i.e. shebakthani), a cry of distress:--sabachthani. see H7662"
G4519,sabaoth/sab-ah-owth',"of Hebrew origin (6635 in feminine plural); armies; sabaoth (i.e. tsebaoth), a military epithet of God:--sabaoth. see H6635"
G4520,sabbatismos/sab-bat-is-mos',"from a derivative of 4521; a ""sabbatism"", i.e. (figuratively) the repose of Christianity (as a type of heaven):-- rest. see G4521"
G4521,sabbaton/sab'-bat-on,"of Hebrew origin (7676); the Sabbath (i.e. Shabbath), or day of weekly repose from secular avocations (also the observance or institution itself); by extension, a se'nnight, i.e. the interval between two Sabbaths; likewise the plural in all the above applications:-- sabbath (day), week. see H7676"
G4522,sagene/sag-ay'-nay,"from a derivative of satto (to equip) meaning furniture, especially a pack-saddle (which in the East is merely a bag of netted rope); a ""seine"" for fishing:--net."
G4536,salpigx/sal'-pinx,perhaps from 4535 (through the idea of quavering or reverberation); a trumpet:--trump(-et). see G4535
G4537,salpizo/sal-pid'-zo,"from 4536; to trumpet, i.e. sound a blast (literally or figuratively):- -(which are yet to) sound (a trumpet). see G4536"
G4538,salpistes/sal-pis-tace',from 4537; a trumpeter:--trumpeter. see G4537
G4539,Salome/sal-o'-may,"probably of Hebrew origin (feminine from 7965); Salome (i.e. Shelomah), an Israelitess:--Salome. see H7965"
G4540,Samareia/sam-ar'-i-ah,"of Hebrew origin (8111); Samaria (i.e. Shomeron), a city and region of Palestine:--Samaria. see H8111"
G4541,Samareites/sam-ar-i'-tace,"from 4540; a Samarite, i.e. inhabitant of Samaria:--Samaritan. see G4540"
G4542,Samareitis/sam-ar-i'-tis,"feminine of 4541; a Samaritess, i.e. woman of Samaria:--of Samaria. see G4541"
G4543,Samothraike/sam-oth-rak'-ay,"from 4544 and Thraike (Thrace); Samo-thrace (Samos of Thrace), an island in the Mediterranean:-- Samothracia. see G4544"
G4544,Samos/sam'-os,"of uncertain affinity; Samus, an island of the Mediterranean:--Samos."
G4545,Samouel/sam-oo-ale',"of Hebrew origin (8050); Samuel (i.e. Shemuel), an Israelite:-- Samuel. see H8050"
G4546,Sampson/samp-sone',"of Hebrew origin (8123); Sampson (i.e. Shimshon), an Israelite:-- Samson. see H8123"
G4547,sandalion/san-dal'-ee-on,"neuter of a derivative of sandalon (a ""sandal""; of uncertain origin); a slipper or sole-pad:--sandal."
G4548,sanis/san-ece',of uncertain affinity; a plank:--board.
G4549,Saoul/sah-ool',"of Hebrew origin (7586); Saul (i.e. Shaul), the Jewish name of Paul:-- Saul. Compare 4569. see G4569 see H7586"
G4550,sapros/sap-ros',"from 4595; rotten, i.e. worthless (literally or morally):--bad, corrupt. Compare 4190. see G4595 see G4190"
G4562,Sarouch/sar-ooch',"of Hebrew origin (8286); Saruch (i.e. Serug), a patriarch:--Saruch. see H8286"
G4563,saroo/sar-o'-o,from a derivative of sairo (to brush off; akin to 4951); meaning a broom; to sweep:--sweep. see G4951
G4564,Sarrha/sar'-hrah,"of Hebrew origin (8283); Sarra (i.e. Sarah), the wife of Abraham:-- Sara, Sarah. see H8283"
G4565,Saron/sar'-one,"of Hebrew origin (8289); Saron (i.e. Sharon), a district of Palestine:-- Saron. see H8289"
G4566,Satan/sat-an',"of Hebrew origin (7854); Satan, i.e. the devil:--Satan. Compare 4567. see G4567 see H7854"
G4567,Satanas/sat-an-as',"of Chaldee origin corresponding to 4566 (with the definite affix); the accuser, i.e. the devil:--Satan. see H4566"
G4568,saton/sat'-on,of Hebrew origin (5429); a certain measure for things dry:--measure. see H5429
G4569,Saulos/sow'-los,"of Hebrew origin, the same as 4549; Saulus (i.e. Shaul), the Jewish name of Paul:--Saul. see G4549"
G4570,sbennumi/sben'-noo-mee,"a prolonged form of an apparently primary verb; to extinguish (literally or figuratively):--go out, quench."
G4571,se/seh,"accusative case singular of 4771; thee:--thee, thou, X thy house. see G4771"
G4572,"seautou/seh-ow-too', genitive case from (and 846","seautoi seh-ow-to', and accusative case seauton seh-ow-ton', likewise contracted sautou sow-too', sautoi sow-to', and sauton sow- ton', respectively of (with, to) thyself:--thee, thine own self, (thou) thy(-self). see G4571 see G846"
G4573,sebazomai/seb-ad'-zom-ahee,"middle voice from a derivative of 4576; to venerate, i.e. adore:--worship. see G4576"
G4574,sebasma/seb'-as-mah,"from 4573; something adored, i.e. an object of worship (god, altar, etc):--devotion, that is worshipped. see G4573"
G4575,sebastos/seb-as-tos',"from 4573; venerable (august), i.e. (as noun) a title of the"
G4589,Seth/sayth,"of Hebrew origin (8352); Seth (i.e. Sheth), a patriarch:--Seth. see H8352"
G4590,Sem/same,"of Hebrew origin (8035); Sem (i.e. Shem), a patriarch:-- Sem. see H8035"
G4591,semaino/say-mah'-ee-no,from sema (a mark; of uncertain derivation); to indicate:--signify.
G4592,semeion/say-mi'-on,"neuter of a presumed derivative of the base of 4591; an indication, especially ceremonially or supernaturally:--miracle, sign, token, wonder. see G4591"
G4593,semeioo/say-mi-o'-o,"from 4592; to distinguish, i.e. mark (for avoidance):--note. see G4592"
G4594,semeron/say'-mer-on,"neuter (as adverb) of a presumed compound of the article 3588 (t changed to s) and 2250; on the (i.e. this) day (or night current or just passed); generally, now (i.e. at present, hitherto):--this (to-)day. see G3588 see G2250"
G4595,sepo/say'-po,"apparently a primary verb; to putrefy, i.e. (figuratively) perish:--be corrupted."
G4596,serikos/say-ree-kos',"from Ser (an Indian tribe from whom silk was procured; hence the name of the silk-worm); Seric, i.e. silken (neuter as noun, a silky fabric):--silk."
G4597,ses/sace,apparently of Hebrew origin (5580); a moth:--moth. see H5580
G4598,setobrotos/say-tob'-ro-tos,from 4597 and a derivative of 977; moth-eaten:--motheaten. see G4597 see G977
G4599,sthenoo/sthen-o'-o,"from sthenos (bodily vigor; probably akin to the base of 2476); to strengthen, i.e. (figuratively) confirm (in spiritual knowledge and power):--strengthen. see G2476"
G4600,siagon/see-ag-one',"of uncertain derivation; the jaw-bone, i.e. (by implication) the cheek or side of the face:--cheek."
G4601,sigao/see-gah'-o,"from 4602; to keep silent (transitively or intransitively):--keep close (secret, silence), hold peace. see G4602"
G4617,siniazo/sin-ee-ad'-zo,from sinion (a sieve); to riddle (figuratively):--sift.
G4618,siteutos/sit-yoo-ros',"from a derivative of 4621; grain-fed, i.e. fattened:--fatted. see G4621"
G4619,sitistos/sit-is-tos',"from a derivative of 4621; grained, i.e. fatted:--fatling. see G4621"
G4620,sitometron/sit-om'-et-ron,"from 4621 and 3358; a grain-measure, i.e. (by implication) ration (allowance of food):--portion of meat. see G4621 see G3358"
G4621,"sitos/see'-tos, also plural irregular neuter","of uncertain derivation; grain, especially wheat:--corn, wheat."
G4622,Sion/see-own',"of Hebrew origin (6726); Sion (i.e. Tsijon), a hill of Jerusalem; figuratively, the Church (militant or triumphant):--Sion. see H6726"
G4623,siopao/see-o-pah'-o,"from siope (silence, i.e. a hush; properly, muteness, i.e. involuntary stillness, or inability to speak; and thus differing from 4602, which is rather a voluntary refusal or indisposition to speak, although the terms are often used synonymously); to be dumb (but not deaf also, like 2974 properly); figuratively, to be calm (as quiet water):--dumb, (hold) peace. see G4602"
G4624,skandalizo/skan-dal-id'-zo,"from 4625; to entrap, i.e. trip up (figuratively, stumble (transitively) or entice to sin, apostasy or displeasure):--(make to) offend. see G4625"
G4625,skandalon/skan'-dal-on,"(""scandal;"" probably from a derivative of 2578; a trap-stick (bent sapling), i.e. snare (figuratively, cause of displeasure or sin):--occasion to fall (of stumbling), offence, thing that offends, stumblingblock. see G2578"
G4626,skapto/skap'-to,apparently a primary verb; to dig:--dig.
G4627,skaphe/skaf'-ay,"a ""skiff"" (as if dug out), or yawl (carried aboard a large vessel for landing):--boat."
G4639,skia/skee'-ah,"apparently a primary word; ""shade"" or a shadow (literally or figuratively (darkness of error or an adumbration)):-- shadow."
G4640,skirtao/skeer-tah'-o,"akin to skairo (to skip); to jump, i.e. sympathetically move (as the quickening of a fetus):--leap (for joy)."
G4641,sklerokardia/sklay-rok-ar-dee'-ah,"feminine of a compound of 4642 and 2588; hard- heartedness, i.e. (specially), destitution of (spiritual) perception:--hardness of heart. see G4642 see G2588"
G4642,skleros/sklay-ros',"from the base of 4628; dry, i.e. hard or tough (figuratively, harsh, severe):--fierce, hard. see G4628"
G4643,sklerotes/sklay-rot'-ace,"from 4642; callousness, i.e. (figuratively) stubbornness:-- hardness. see G4642"
G4644,sklerotrachelos/sklay-rot-rakh'-ay-los,"from 4642 and 5137; hardnaped, i.e. (figuratively) obstinate:--stiffnecked. see G4642 see G5137"
G4645,skleruno/sklay-roo'-no,"from 4642; to indurate, i.e. (figuratively) render stubborn:-- harden. see G4642"
G4646,skolios/skol-ee-os',"from the base of 4628; warped, i.e. winding; figuratively, perverse:-- crooked, froward, untoward. see G4628"
G4647,skolops/skol'-ops,"perhaps from the base of 4628 and 3700; withered at the front, i.e. a point or prickle (figuratively, a bodily annoyance or disability):--thorn. see G4628 see G3700"
G4648,skopeo/skop-eh'-o,"from 4649; to take aim at (spy), i.e. (figuratively) regard:--consider, take heed, look at (on), mark. Compare 3700. see G4649 see G3700"
G4649,skopos/skop-os',"from skeptomai (to peer about (""skeptic""); perhaps akin to 4626 through the idea of concealment; compare 4629); a watch (sentry or scout), i.e. (by implication) a goal:- -mark. see G4626 see G4629"
G4650,skorpizo/skor-pid'-zo,"apparently from the same as 4651 (through the idea of penetrating); to dissipate, i.e. (figuratively) put to flight, waste,"
G4663,skolex/sko'-lakes,"of uncertain derivation; a grub, maggot or earth-worm:--worm."
G4664,smaragdinos/smar-ag'-dee-nos,from 4665; consisting of emerald:--emerald. see G4665
G4665,smaragdos/smar'-ag-dos,of uncertain derivation; the emerald or green gem so called:-- emerald.
G4666,smurna/smoor'-nah,apparently strengthened for 3464; myrrh:--myrrh. see G3464
G4667,Smurna/smoor'-nah,"the same as 4666; Smyrna, a place in Asia Minor:--Smyrna. see G4666"
G4668,Smurnaios/smoor-nah'-yos,from 4667; a Smyrnoean:--in Smyrna. see G4667
G4669,smurnizo/smoor-nid'-zo,"from 4667; to tincture with myrrh, i.e. embitter (as a narcotic):-- mingle with myrrh. see G4667"
G4670,Sodoma/sod'-om-ah,"plural of Hebrew origin (5467); Sodoma (i.e. Sedom), a place in Palestine:--Sodom. see H5467"
G4671,soi/soy,"dative case of 4771; to thee:-- thee, thine own, thou, thy. see G4771"
G4672,Solomon/sol-om-one',"of Hebrew origin (8010); Solomon (i.e. Shelomoh), the son of David:- -Solomon. see H8010"
G4673,soros/sor-os',"probably akin to the base of 4987; a funereal receptacle (urn, coffin), i.e. (by analogy) a bier:--bier. see G4987"
G4674,sos/sos,"from 4771; thine:--thine (own), thy (friend). see G4771"
G4675,sou/soo,"genitive case of 4771; of thee, thy:--X home, thee, thine (own), thou, thy. see G4771"
G4676,soudarion/soo-dar'-ee-on,"of Latin origin; a sudarium (sweat-cloth), i.e. towel (for wiping the perspiration from the face, or binding the face of a corpse):--handkerchief, napkin."
G4677,Sousanna/soo-san'-nah,"of Hebrew origin (7799 feminine); lily; Susannah (i.e. Shoshannah), an Israelitess:--Susanna. see H7799"
G4678,sophia/sof-ee'-ah,"from 4680; wisdom (higher or lower, worldly or spiritual):--wisdom. see G4680 ""sperm""); by implication, offspring; specially, a remnant (figuratively, as if kept over for planting):-- issue, seed. see G4687"
G4691,spermologos/sper-mol-og'-os,"from 4690 and 3004; a seed-picker (as the crow), i.e. (figuratively) a sponger, loafer (specially, a gossip or trifler in talk):--babbler. see G4690 see G3004"
G4692,speudo/spyoo'-do,"probably strengthened from 4228; to ""speed"" (""study""), i.e. urge on (diligently or earnestly); by implication, to await eagerly:--(make, with) haste unto. see G4228"
G4693,spelaion/spay'-lah-yon,"neuter of a presumed derivative of speos (a grotto); a cavern; by implication, a hiding-place or resort:--cave, den."
G4694,spilas/spee-las',of uncertain derivation; a ledge or reef of rock in the sea:--spot (by confusion with 4696). see G4696
G4695,spiloo/spee-lo'-o,"from 4696; to stain or soil (literally or figuratively):--defile, spot. see G4696"
G4696,spilos/spee'-los,"of uncertain derivation; a stain or blemish, i.e. (figuratively) defect, disgrace:--spot."
G4697,splagchnizomai/splangkh-nid'-zom- ahee,"middle voice from 4698; to have the bowels yearn, i.e. (figuratively) feel sympathy, to pity:-- have (be moved with) compassion. see G4698"
G4698,splagchnon/splangkh'-non,"probably strengthened from splen (the ""spleen""); an intestine (plural); figuratively, pity or sympathy:--bowels, inward affection, + tender mercy."
G4699,spoggos/spong'-gos,"perhaps of foreign origin; a ""sponge"":--spunge."
G4700,spodos/spod-os',of uncertain derivation; ashes:--ashes.
G4701,spora/spor-ah',"from 4687; a sowing, i.e. (by implication) parentage:--seed. see G4687"
G4702,sporimos/spor'-ee-mos,"from 4703; sown, i.e. (neuter plural) a planted field:--corn(- field). see G4703"
G4703,sporos/spro'-os,"from 4687; a scattering (of seed), i.e. (concretely) seed (as sown):--seed (X sown). see G4687 a pole or cross (as an instrument of capital punishment); figuratively, exposure to death, i.e. self-denial; by implication, the atonement of Christ:--cross. see G2476"
G4717,stauroo/stow-ro'-o,"from 4716; to impale on the cross; figuratively, to extinguish (subdue) passion or selfishness:--crucify. see G4716"
G4718,staphule/staf-oo-lay',probably from the base of 4735; a cluster of grapes (as if intertwined):- -grapes. see G4735
G4719,stachus/stakh'-oos,from the base of 2476; a head of grain (as standing out from the stalk):--ear (of corn). see G2476
G4720,Stachus/stakh'-oos,"the same as 4719; Stachys, a Christian:--Stachys. see G4719"
G4721,stege/steg'-ay,"strengthened from a primary tegos (a ""thatch"" or ""deck"" of a building); a roof:--roof."
G4722,stego/steg'-o,"from 4721; to roof over, i.e. (figuratively) to cover with silence (endure patiently):--(for-)bear, suffer. see G4721"
G4723,steiros/sti'-ros,"a contraction from 4731 (as stiff and unnatural); ""sterile"":--barren. see G4731"
G4724,stello/stel'-lo,"probably strengthened from the base of 2476; properly, to set fast (""stall""), i.e. (figuratively) to repress (reflexively, abstain from associating with):--avoid, withdraw self. see G2476"
G4725,stemma/stem'-mah,from the base of 4735; a wreath for show:--garland. see G4735
G4726,stenagmos/sten-ag-mos',from 4727; a sigh:--groaning. see G4727
G4727,stenazo/sten-ad'-zo,"from 4728; to make (intransitively, be) in straits, i.e. (by implication) to sigh, murmur, pray inaudibly:--with grief, groan, grudge, sigh. see G4728"
G4728,stenos/sten-os',probably from the base of 2476; narrow (from obstacles standing close about):--strait. see G2476
G4729,stenochoreo/sten-okh-o-reh'-o,"from the same as 4730; to hem in closely, i.e. (figuratively) cramp:--distress, straiten. see G4730 (for recognition of ownership), i.e. (figuratively) scar of service:--mark."
G4743,stigme/stig-may',"feminine of 4742; a point of time, i.e. an instant:--moment. see G4742"
G4744,stilbo/stil'-bo,"apparently a primary verb; to gleam, i.e. flash intensely:--shining."
G4745,stoa/sto-ah',probably from 2476; a colonnade or interior piazza:--porch. see G2476
G4746,stoibas/stoy-bas',"from a primary steibo (to ""step"" or ""stamp""); a spread (as if tramped flat) of loose materials for a couch, i.e. (by implication) a bough of a tree so employed:--branch."
G4747,stoicheion/stoy-khi'-on,"neuter of a presumed derivative of the base of 4748; something orderly in arrangement, i.e. (by implication) a serial (basal, fundamental, initial) constituent (literally), proposition (figuratively):--element, principle, rudiment. see G4748"
G4748,stoicheo/stoy-kheh'-o,"from a derivative of steicho (to range in regular line); to march in (military) rank (keep step), i.e. (figuratively) to conform to virtue and piety:--walk (orderly)."
G4749,stole/stol-ay',"from 4724; equipment, i.e. (specially), a ""stole"" or long-fitting gown (as a mark of dignity):--long clothing (garment), (long) robe. see G4724"
G4750,stoma/stom'-a,"probably strengthened from a presumed derivative of the base of 5114; the mouth (as if a gash in the face); by implication, language (and its relations); figuratively, an opening (in the earth); specially, the front or edge (of a weapon):--edge, face, mouth. see G5114"
G4751,stomachos/stom'-akh-os,"from 4750; an orifice (the gullet), i.e. (specially), the ""stomach"":-- stomach. see G4750"
G4752,strateia/strat-i'-ah,"from 4754; military service, i.e. (figuratively) the apostolic career (as one of hardship and danger):--warfare. see G4754"
G4753,strateuma/strat'-yoo-mah,"from 4754; an armament, i.e. (by implication) a body of troops (more or less extensive or systematic):--army, soldier, man of war. see G4754"
G4764,strenos/stray'-nos,"akin to 4731; a ""straining"", ""strenuousness"" or ""strength"", i.e. (figuratively) luxury (voluptuousness):--delicacy. see G4731"
G4765,strouthion/stroo-thee'-on,diminutive of strouthos (a sparrow); a little sparrow:--sparrow.
G4766,"stronnumi/strone'-noo-mee, or simpler","stroo stro'-o, (used only as an alternate in certain tenses) (probably akin to 4731 through the idea of positing); to ""strew,"" i.e. spread (as a carpet or couch):--make bed, furnish, spread, strew. see G4731"
G4767,stugnetos/stoog-nay-tos',"from a derivative of an obsolete apparently primary stugo (to hate); hated, i.e. odious:--hateful."
G4768,stugnazo/stoog-nad'-zo,"from the same as 4767; to render gloomy, i.e. (by implication) glower (be overcast with clouds, or sombreness of speech):--lower, be sad. see G4767"
G4769,stulos/stoo'-los,"from stuo (to stiffen; properly akin to the base of 2476); a post (""style""), i.e. (figuratively) support:--pillar. see G2476"
G4770,Stoikos/sto-ik-os',"from 4745; a ""Stoic"" (as occupying a particular porch in Athens), i.e. adherent of a certin philosophy:--Stoick. see G4745"
G4771,su/soo,"the person pronoun of the second person singular; thou:-- thou. See also 4571, 4671, 4675; and for the plural 5209, 5210, 5213, 5216. see G4675 see G4571 see G4671 see G5209 see G5210 see G5213 see G5216"
G4772,suggeneia/soong-ghen'-i-ah,"from 4773; relationship, i.e. (concretely) relatives:-- kindred. see G4773"
G4773,suggenes/soong-ghen-ace',"from 4862 and 1085; a relative (by blood); by extension, a fellow countryman:--cousin, kin(-sfolk, -sman). see G4862 see G1085"
G4774,suggnome/soong-gno'-may,"from a compound of 4862 and 1097; fellow knowledge, i.e. concession:--permission. see G4862 see G1097"
G4775,sugkathemai/soong-kath'-ay-mahee,from 4862 and 2521; to seat oneself in company with:--sit with. see G4862 see G2521 excite as a mass (to sedition):--stir up. see G4682 see G2795
G4788,sugkleio/soong-kli'-o,"from 4862 and 2808; to shut together, i.e. include or (figuratively) embrace in a common subjection to:--conclude, inclose, shut up. see G4862 see G2808"
G4789,sugkleronomos/soong-klay-ron-om'- os,"from 4862 and 2818; a co-heir, i.e. (by analogy) participant in common:--fellow (joint)-heir, heir together, heir with. see G4862 see G2818"
G4790,sugkoinoneo/soong-koy-no-neh'-o,"from 4862 and 2841; to share in company with, i.e. co-participate in:--communicate (have fellowship) with, be partaker of. see G4862 see G2841"
G4791,sugkoinonos/soong-koy-no-nos',"from 4862 and 2844; a co-participant:--companion, partake(-r, -r with). see G4862 see G2844"
G4792,sugkomizo/soong-kom-id'-zo,"from 4862 and 2865; to convey together, i.e. collect or bear away in company with others:--carry. see G4862 see G2865"
G4793,sugkrino/soong-kree'-no,"from 4862 and 2919; to judge of one thing in connection with another, i.e. combine (spiritual ideas with appropriate expressions) or collate (one person with another by way of contrast or resemblance):-- compare among (with). see G4862 see G2919"
G4794,sugkupto/soong-koop'-to,"from 4862 and 2955; to stoop altogether, i.e. be completely overcome by:--bow together. see G4862 see G2955"
G4795,sugkuria/soong-koo-ree'-ah,"from a comparative of 4862 and kureo (to light or happen; from the base of 2962); concurrence, i.e. accident:-- chance. see G4862 see G2962"
G4796,sugchairo/soong-khah'-ee-ro,"from 4862 and 5463; to sympathize in gladness, congratulate:--rejoice in (with). see G4862 see G5463"
G4797,sugcheo/soong-kheh'-o,"from 4862 and cheo (to pour) or its alternate; to commingle promiscuously, i.e. (figuratively) to throw (an assembly) into disorder, to perplex (the mind):-- confound, confuse, stir up, be in an uproar. see G4862"
G4811,sukophanteo/soo-kof-an-teh'-o,"from a compound of 4810 and a derivative of 5316; to be a fig-informer (reporter of the law forbidding the exportation of figs from Greece), ""sycophant"", i.e. (genitive and by extension) to defraud (exact unlawfully, extort):--accuse falsely, take by false accusation. see G4810 see G5316"
G4812,sulagogeo/soo-lag-ogue-eh'-o,"from the base of 4813 and (the reduplicated form of) 71; to lead away as booty, i.e. (figuratively) seduce:-- spoil. see G4813 see G71"
G4813,sulao/soo-lah'-o,from a derivative of sullo (to strip; probably akin to 138; compare 4661); to despoil:--rob. see G138 see G4661
G4814,sullaleo/sool-lal-eh'-o,"from 4862 and 2980; to talk together, i.e. converse:--commune (confer, talk) with, speak among. see G4862 see G2980"
G4815,sullambano/sool-lam-ban'-o,"from 4862 and 2983; to clasp, i.e. seize (arrest, capture); specially, to conceive (literally or figuratively); by implication, to aid:--catch, conceive, help, take. see G4862 see G2983"
G4816,sullego/sool-leg'-o,"from 4862 and 3004 in its original sense; to collect:--gather (together, up). see G4862 see G3004"
G4817,sullogizomai/sool-log-id'-zom-ahee,"from 4862 and 3049; to reckon together (with oneself), i.e. deliberate:--reason with. see G4862 see G3049"
G4818,sullupeo/sool-loop-eh'-o,"from 4862 and 3076; to afflict jointly, i.e. (passive) sorrow at (on account of) someone:--be grieved. see G4862 see G3076"
G4819,sumbaino/soom-bah'-ee-no,"from 4862 and the base of 939; to walk (figuratively, transpire) together, i.e. concur (take place):--be(-fall), happen (unto). see G4862 see G939"
G4820,sumballo/soom-bal'-lo,"from 4862 and 906; to combine, i.e. (in speaking) to converse, consult, dispute, (mentally) to consider, (by implication) to aid, (personally) to join, attack:-- confer, encounter, help, make, meet with, ponder. see G4862 see G906 imitator, i.e. fellow votary:--follower together. see G4862 see G3401"
G4832,summorphos/soom-mor-fos',"from 4862 and 3444; jointly formed, i.e. (figuratively) similar:--conformed to, fashioned like unto. see G4862 see G3444"
G4833,summorphoo/soom-mor-fo'-o,"from 4832; to render like, i.e. (figuratively) to assimilate:--make conformable unto. see G4832"
G4834,sumpatheo/soom-path-eh'-o,"from 4835; to feel ""sympathy"" with, i.e. (by implication) to commiserate:--have compassion, be touched with a feeling of. see G4835"
G4835,sumpathes/soom-path-ace',"from 4841; having a fellow-feeling (""sympathetic""), i.e. (by implication) mutually commiserative:--having compassion one of another. see G4841"
G4836,sumparaginomai/soom-par-ag-in'-om- ahee,"from 4862 and 3854; to be present together, i.e. to convene; by implication, to appear in aid:-- come together, stand with. see G4862 see G3854"
G4837,sumparakaleo/soom-par-ak-al-eh'-o,from 4862 and 3870; to console jointly:--comfort together. see G4862 see G3870
G4838,sumparalambano/soom-par-al-am- ban'-o,from 4862 and 3880; to take along in company:--take with. see G4862 see G3880
G4839,sumparameno/soom-par-am-en'-o,"from 4862 and 3887; to remain in company, i.e. still live:--continue with. see G4862 see G3887"
G4840,sumpareimi/soom-par'-i-mee,"from 4862 and 3918; to be at hand together, i.e. now present:--be here present with. see G4862 see G3918"
G4841,sumpascho/soom-pas'-kho,"from 4862 and 3958 (including its alternate); to experience pain jointly or of the same kind (specially, persecution; to ""sympathize""):--suffer with. see G4862 see G3958"
G4842,sumpempo/soom-pem'-po,from 4862 and 3992; to despatch in company:--send with. see G4862 see G3992
G4853,sumphuletes/soom-foo-let'-ace,"from 4862 and a derivative of 5443; a co-tribesman, i.e. native of the same country:--countryman. see G4862 see G5443"
G4854,sumphutos/soom'-foo-tos,"from 4862 and a derivative of 5453; grown along with (connate), i.e. (figuratively) closely united to:-- planted together. see G4862 see G5453"
G4855,sumphuo/soom-foo'-o,"from 4862 and 5453; passive, to grow jointly:--spring up with. see G4862 see G5453"
G4856,sumphoneo/soom-fo-neh'-o,"from 4859; to be harmonious, i.e. (figuratively) to accord (be suitable, concur) or stipulate (by compact):-- agree (together, with). see G4859"
G4857,sumphonesis/soom-fo'-nay-sis,from 4856; accordance:--concord. see G4856
G4858,sumphonia/soom-fo-nee'-ah,"from 4859; unison of sound (""symphony""), i.e. a concert of instruments (harmonious note):--music. see G4859"
G4859,sumphonos/soom'-fo-nos,"from 4862 and 5456; sounding together (alike), i.e. (figuratively) accordant (neuter as noun, agreement):-- consent. see G4862 see G5456"
G4860,sumpsephizo/soom-psay-fid'-zo,from 4862 and 5585; to compute jointly:--reckon. see G4862 see G5585
G4861,sumpsuchos/soom'-psoo-khos,"from 4862 and 5590; co-spirited, i.e. similar in sentiment:--like-minded. see G4862 see G5590"
G4862,sun/soon,"a primary preposition denoting union; with or together (but much closer than 3326 or 3844), i.e. by association, companionship, process, resemblance, possession, instrumentality, addition, etc.:--beside, with. In composition it has similar applications, including completeness. see G3326 see G3844"
G4863,sunago/soon-ag'-o,"from 4862 and 71; to lead together, i.e. collect or convene; specially, to entertain (hospitably):--+ accompany, assemble (selves, together), bestow, come together, gather (have, keep) company (with). see G4862 see G303 see G3396"
G4875,sunanapauomai/soon-an-ap-ow'-om- ahee,middle from 4862 and 373; to recruit oneself in company with:--refresh with. see G4862 see G373
G4876,sunantao/soon-an-tah'-o,"from 4862 and a derivative of 473; to meet with; figuratively, to occur:--befall, meet. see G4862 see G473"
G4877,sunantesis/soon-an'-tay-sis,from 4876; a meeting with:--meet. see G4876
G4878,sunantilambanomai/soon-an-tee-lam- ban'-om-ahee,"from 4862 and 482; to take hold of opposite together, i.e. co-operate (assist):--help. see G4862 see G482"
G4879,sunapago/soon-ap-ag'-o,"from 4862 and 520; to take off together, i.e. transport with (seduce, passively, yield):--carry (lead) away with, condescend. see G4862 see G520"
G4880,sunapothnesko/soon-ap-oth-nace'-ko,"from 4862 and 599; to decease (literally) in company with, or (figuratively), similarly to:--be dead (die) with. see G4862 see G599"
G4881,sunapollumi/soon-ap-ol'-loo-mee,"from 4862 and 622; to destroy (middle voice or passively, be slain) in company with:--perish with. see G4862 see G622"
G4882,sunapostello/soon-ap-os-tel'-lo,from 4862 and 649; to despatch (on an errand) in company with:--send with. see G4862 see G649
G4883,sunarmologeo/soon-ar-mol-og-eh'-o,"from 4862 and a derivative of a compound of 719 and 3004 (in its original sense of laying); to render close-jointed together, i.e. organize compactly:--be fitly framed (joined) together. see G4862 see G719 see G3004"
G4884,sunarpazo/soon-ar-pad'-zo,"from 4862 and 726; to snatch together, i.e. seize:--catch. see G4862 see G726"
G4885,sunauxano/soon-owx-an'-o,from 4862 and 837; to increase (grow up) together:--grow together. see G4862 see G837
G4896,suneimi/soon'-i-mee,from 4862 and eimi (to go); to assemble:--gather together. see G4862
G4897,suneiserchomai/soon-ice-er'-khom- ahee,"from 4862 and 1525; to enter in company with:--go in with, go with into. see G4862 see G1525"
G4898,sunekdemos/soon-ek'-day-mos,"from 4862 and the base of 1553; a co-absentee from home, i.e. fellow-traveller:--companion in travel, travel with. see G4862 see G1553"
G4899,suneklektos/soon-ek-lek-tos',"from a compound of 4862 and 1586; chosen in company with, i.e. co-elect (fellow Christian):--elected together with. see G4862 see G1586"
G4900,sunelauno/soon-el-ow'-no,"from 4862 and 1643; to drive together, i.e. (figuratively) exhort (to reconciliation):--+ set at one again. see G4862 see G1643"
G4901,sunepimartureo/soon-ep-ee-mar-too- reh'-o,"from 4862 and 1957; to testify further jointly, i.e. unite in adding evidence:--also bear witness. see G4862 see G1957"
G4902,sunepomai/soon-ep'-om-ahee,middle voice from 4862 and a primary hepo (to follow); to attend (travel) in company with:--accompany. see G4862
G4903,sunergeo/soon-erg-eh'-o,"from 4904; to be a fellow-worker, i.e. co-operate:--help (work) with, work(-er) together. see G4904"
G4904,sunergos/soon-er-gos',"from a  presumed compound of 4862 and the base of 2041; a co-laborer, i.e. coadjutor:--companion in labour, (fellow-)helper(-labourer, -worker), labourer together with, workfellow. see G4862 see G2041"
G4905,sunerchomai/soon-er'-khom-ahee,"from 4862 and 2064; to convene, depart in company with, associate with, or (specially), cohabit (conjugally):--accompany, assemble (with), come (together), come (company, go) with, resort. see G4862 see G2064"
G4916,sunthapto/soon-thap'-to,"from 4862 and 2290; to inter in company with, i.e. (figuratively) to assimilate spiritually (to Christ by a sepulture as to sin):--bury with. see G4862 see G2290"
G4917,sunthlao/soon-thlah'-o,"from 4862 and thlao (to crush); to dash together, i.e. shatter:-- break. see G4862"
G4918,sunthlibo/soon-thlee'-bo,"from 4862 and 2346; to compress, i.e. crowd on all sides:-- throng. see G4862 see G2346"
G4919,sunthrupto/soon-throop'-to,"from 4862 and thrupto (to crumble); to crush together, i.e. (figuratively) to dispirit:--break. see G4862"
G4920,suniemi/soon-ee'-ay-mee,"from 4862 and hiemi (to send); to put together, i.e. (mentally) to comprehend; by implication, to act piously:-- consider, understand, be wise. see G4862"
G4921,"sunistao/soon-is-tah'-o, or (strengthened",") sunistemi soon-is'-tay-mee from 4862 and 2476 (including its collateral forms); to set together, i.e. (by implication) to introduce (favorably), or (figuratively) to exhibit; intransitively, to stand near, or (figuratively) to constitute:--approve, commend, consist, make, stand (with). see G4862 see G2476"
G4922,sunodeuo/soon-od-yoo'-o,from 4862 and 3593; to travel in company with:--journey with. see G4862 see G3593
G4923,sunodia/soon-od-ee'-ah,"from a compound of 4862 and 3598 (""synod""); companionship on a journey, i.e. (by implication), a caravan:--company. see G4862 see G3598"
G4924,sunoikeo/soon-oy-keh'-o,from 4862 and 3611; to reside together (as a family):--dwell together. see G4862 see G3611
G4925,sunoikodomeo/soon-oy-kod-om-eh'-o,"from 4862 and 3618; to construct, i.e. (passively) to compose (in company with other Christians, figuratively):--build together. see G4862 see G3618"
G4926,sunomileo/soon-om-il-eh'-o,from 4862 and 3656; to converse mutually:--talk with. see G4862 see G3656
G4938,suntrimma/soon-trim'-mah,"from 4937; concussion or utter fracture (properly, concretely), i.e. complete ruin:--destruction. see G4937"
G4939,suntrophos/soon'-trof-os,"from 4862 and 5162 (in a passive sense); a fellow-nursling, i.e. comrade:--brought up with. see G4862 see G5162"
G4940,suntugchano/soon-toong-khan'-o,"from 4862 and 5177; to chance together, i.e. meet with (reach):--come at. see G4862 see G5177"
G4941,Suntuche/soon-too'-khay,"from 4940; an accident; Syntyche, a Christian female:-- Syntyche. see G4940"
G4942,sunupokrinomai/soon-oo-pok-rin'-om- ahee,from 4862 and 5271; to act hypocritically in concert with:--dissemble with. see G4862 see G5271
G4943,sunupourgeo/soon-oop-oorg-eh'-o,"from 4862 and a derivative of a compound of 5259 and the base of 2041; to be a co-auxiliary, i.e. assist:--help together. see G4862 see G5259 see G2041"
G4944,sunodino/soon-o-dee'-no,"from 4862 and 5605; to have (parturition) pangs in company (concert, simultaneously) with, i.e. (figuratively) to sympathize (in expectation of relief from suffering):--travail in pain together. see G4862 see G5605"
G4945,sunomosia/soon-o-mos-ee'-ah,"from a compound of 4862 and 3660; a swearing together, i.e. (by implication) a plot:--comspiracy. see G4862 see G3660"
G4946,Surakousai/soo-rak'-oo-sahee,"plural of uncertain derivation; Syracuse, the capital of Sicily:--Syracuse."
G4947,Suria/soo-ree'-ah,"probably of Hebrew origin (6865); Syria (i.e. Tsyria or Tyre), a region of Asia:--Syria. see H6865"
G4948,Suros/soo'-ros,"from the same as 4947; a Syran (i.e. probably Tyrian), a native of Syria:-- Syrian. see G4947"
G4949,Surophoinissa/soo-rof-oy'-nis-sah,feminine of a compound of 4948 and the same as
G4961,sustratiotes/soos-trat-ee-o'-tace,"from 4862 and 4757; a co-campaigner, i.e. (figuratively) an associate in Christian toil:--fellowsoldier. see G4862 see G4757"
G4962,sustrepho/soos-tref'-o,"from 4862 and 4762; to twist together, i.e. collect (a bundle, a crowd):--gather. see G4862 see G4762"
G4963,sustrophe/soos-trof-ay',"from 4962; a twisting together, i.e. (figuratively) a secret coalition, riotous crowd:--+ band together, concourse. see G4962"
G4964,suschematizo/soos-khay-mat-id'-zo,"from 4862 and a derivative of 4976; to fashion alike, i.e. conform to the same pattern (figuratively):--conform to, fashion self according to. see G4862 see G4976"
G4965,Suchar/soo-khar',"of Hebrew origin (7941); Sychar (i.e. Shekar), a place in Palestine:-- Sychar. see H7941"
G4966,Suchem/soo-khem',"of Hebrew origin (7927); Sychem (i.e. Shekem), the name of a Canaanite and of a place in Palestine:--Sychem. see H7927"
G4967,sphage/sfag-ay',"from 4969; butchery (of animals for food or sacrifice, or (figuratively) of men (destruction)):--slaughter. see G4969"
G4968,sphagion/sfag'-ee-on,neuter of a derivative of 4967; a victim (in sacrifice):--slain beast. see G4967
G4969,sphazo/sfad'-zo,"a primary verb; to butcher (especially an animal for food or in sacrifice) or (generally) to slaughter, or (specially), to maim (violently):--kill, slay, wound."
G4970,sphodra/sfod'-rah,"neuter plural of sphodros (violent; of uncertain derivation) as adverb; vehemently, i.e. in a high degree, much:-- exceeding(-ly), greatly, sore, very."
G4971,sphodros/sfod-roce',adverb from the same as 4970; very much:--exceedingly. see G4970
G4972,sphragizo/sfrag-id'-zo,from 4973; to stamp (with a signet or private mark) for security or preservation (literally or figuratively); by
G4983,soma/so'-mah,"from 4982; the body (as a sound whole), used in a very wide application, literally or figuratively:--bodily, body, slave. see G4982"
G4984,somatikos/so-mat-ee-kos',from 4983; corporeal or physical:--bodily. see G4983
G4985,somatikos/so-mat-ee-koce',adverb from 4984; corporeally or physically:--bodily. see G4984
G4986,Sopatros/so'-pat-ros,"from the base of 4982 and 3962; of a safe father; Sopatrus, a Christian:--Sopater. Compare 4989. see G4982 see G3962 see G4989"
G4987,soreuo/sore-yoo'-o,"from another form of 4673; to pile up (literally or figuratively):--heap, load. see G4673"
G4988,Sosthenes/soce-then'-ace,"from the base of 4982 and that of 4599; of safe strength; Sosthenes, a Christian:--Sosthenes. see G4982 see G4599"
G4989,Sosipatros/so-sip'-at-ros,"prolongation for 4986; Sosipatrus, a Christian:--Sosipater. see G4986"
G4990,soter/so-tare',"from 4982; a deliverer, i.e. God or Christ:--saviour. see G4982"
G4991,soteria/so-tay-ree'-ah,"feminine of a derivative of 4990 as (properly, abstract) noun; rescue or safety (physically or morally):--deliver, health, salvation, save, saving. see G4990"
G4992,soterion/so-tay'-ree-on,"neuter of the same as 4991 as (properly, concretely) noun; defender or (by implication) defence:--salvation. see G4991"
G4993,sophroneo/so-fron-eh'-o,"from 4998; to be of sound mind, i.e. sane, (figuratively) moderate:--be in right mind, be sober (minded), soberly. see G4998"
G4994,sophronizo/so-fron-id'-zo,"from 4998; to make of sound mind, i.e. (figuratively) to discipline or correct:--teach to be sober. see G4998"
G4995,sophronismos/so-fron-is-mos',"from 4994; discipline, i.e. self-control:--sound mind. see G4994"
G5008,talitha/tal-ee-thah',"of Chaldee origin (compare 2924); the fresh, i.e. young girl; talitha (O maiden):--talitha. see H2924"
G5009,tameion/tam-i'-on,"neuter contraction of a presumed derivative of tamias (a dispenser or distributor; akin to temno, to cut); a dispensary or magazine, i.e. a chamber on the ground-floor or interior of an Oriental house (generally used for storage or privacy, a spot for retirement):--secret chamber, closet, storehouse."
G5010,taxis/tax'-is,"from 5021; regular arrangement, i.e. (in time) fixed succession (of rank or character), official dignity:--order. see G5021"
G5011,tapeinos/tap-i-nos',"of uncertain derivation; depressed, i.e. (figuratively) humiliated (in circumstances or disposition):--base, cast down, humble, of low degree (estate), lowly."
G5012,tapeinophrosune/tap-i-nof-ros-oo'- nay,"from a compound of 5011 and the base of 5424; humiliation of mind, i.e. modesty:-- humbleness of mind, humility (of mind, loneliness (of mind). see G5011 see G5424"
G5013,tapeinoo/tap-i-no'-o,"from 5011; to depress; figuratively, to humiliate (in condition or heart):--abase, bring low, humble (self). see G5011"
G5014,tapeinosis/tap-i'-no-sis,"from 5013; depression (in rank or feeling):--humiliation, be made low, low estate, vile. see G5013"
G5015,tarasso/tar-as'-so,of uncertain affinity; to stir or agitate (roil water):--trouble.
G5016,tarache/tar-akh-ay',"feminine from 5015; disturbance, i.e. (of water) roiling, or (of a mob) sedition:--trouble(-ing). see G5015"
G5017,tarachos/tar'-akh-os,"masculine from 5015; a disturbance, i.e. (popular) tumult:--stir. see G5015"
G5018,Tarseus/tar-syoos',"from 5019; a Tarsean, i.e. native of Tarsus:--of Tarsus. see G5019"
G5019,Tarsos/tar-sos',"perhaps the same as tarsos (a flat basket); Tarsus, a place in Asia Minor:--Tarsus."
G5032,tachion/takh'-ee-on,"neuter singular of the comparative of 5036 (as adverb); more swiftly, i.e. (in manner) more rapidly, or (in time) more speedily:--out (run), quickly, shortly, sooner. see G5036"
G5033,tachista/takh'-is-tah,"neuter plural of the superlative of 5036 (as adverb); most quickly, i.e. (with 5613 prefixed) as soon as possible:--+ with all speed. see G5036 see G5613"
G5034,tachos/takh'-os,"from the same as 5036; a brief space (of time), i.e. (with 1722 prefixed) in haste:--+ quickly, + shortly, + speedily. see G5036 see G1722"
G5035,tachu/takh-oo',"neuter singular of 5036 (as adverb); shortly, i.e. without delay, soon, or (by surprise) suddenly, or (by implication, of ease) readily:--lightly, quickly. see G5036"
G5036,tachus/takh-oos',"of uncertain affinity; fleet, i.e. (figuratively) prompt or ready:--swift."
G5037,te/teh,"a primary particle (enclitic) of connection or addition; both or also (properly, as correlation of 2532):--also, and, both, even, then, whether. Often used in composition, usually as the latter participle. see G2532"
G5038,teichos/ti'-khos,akin to the base of 5088; a wall (as formative of a house):--wall. see G5088
G5039,tekmerion/tek-may'-ree-on,"neuter of a presumed derivative of tekmar (a goal or fixed limit); a token (as defining a fact), i.e. criterion of certainty:--infallible proof."
G5040,teknion/tek-nee'-on,"diminutive of 5043; an infant, i.e. (plural figuratively) darlings (Christian converts):--little children. see G5043"
G5041,teknogoneo/tek-nog-on-eh'-o,"from a compound of 5043 and the base of 1096; to be a child-bearer, i.e. parent (mother):--bear children. see G5043 see G1096"
G5042,teknogonia/tek-nog-on-ee'-ah,"from the same as 5041; childbirth (parentage), i.e. (by implication) maternity (the performance of maternal duties):--childbearing. see G5041"
G5055,teleo/tel-eh'-o,"from 5056; to end, i.e. complete, execute, conclude, discharge (a debt):-- accomplish, make an end, expire, fill up, finish, go over, pay, perform. see G5056"
G5056,telos/tel'-os,"from a primary tello (to set out for a definite point or goal); properly, the point aimed at as a limit, i.e. (by implication) the conclusion of an act or state (termination (literally, figuratively or indefinitely), result (immediate, ultimate or prophetic), purpose); specially, an impost or levy (as paid):--+ continual, custom, end(- ing), finally, uttermost. Compare 5411. see G5411"
G5057,telones/tel-o'-nace,"from 5056 and 5608; a tax-farmer, i.e. collector of public revenue:- -publican. see G5056 see G5608"
G5058,telonion/tel-o'-nee-on,neuter of a presumed derivative of 5057; a tax-gatherer's place of business:--receipt of custom. see G5057
G5059,teras/ter'-as,of uncertain affinity; a prodigy or omen:--wonder.
G5060,Tertios/ter'-tee-os,"of Latin origin; third; Tertius, a Christian:--Tertius."
G5061,Tertullos/ter'-tool-los,"of uncertain derivation; Tertullus, a Roman:--Tertullus."
G5062,tessarakonta/tes-sar-ak'-on-tah,the decade of 5064; forty:--forty. see G5064
G5063,tessarakontaetes/tes-sar-ak-on-tah-et- ace',"from 5062 and 2094; of forty years of age:--(+ full, of) forty years (old). see G5062 see G2094"
G5064,"tessares/tes'-sar-es,/or/neuter",a plural number; four:--four.
G5065,tessareskaidekatos/tes-sar-es-kahee- dek'-at-os,from 5064 and 2532 and 1182; fourteenth:--fourteenth. see G5064 see G2532 see G1182
G5066,tetartaios/tet-ar-tah'-yos,from 5064; pertaining to the fourth day:--four days. see G5064
G5067,tetartos/tet'-ar-tos,ordinal from 5064; fourth:--four(-th). see G5064
G5068,tetragonos/tet-rag'-o-nos,"from 5064 and 1137; four-cornered, i.e. square:--foursquare. see G5064 see G1137 -so great, so mighty. see G3588 see G2245 see G3778"
G5083,tereo/tay-reh'-o,"from teros (a watch; perhaps akin to 2334); to guard (from loss or injury, properly, by keeping the eye upon; and thus differing from 5442, which is properly to prevent escaping; and from 2892, which implies a fortress or full military lines of apparatus), i.e. to note (a prophecy; figuratively, to fulfil a command); by implication, to detain (in custody; figuratively, to maintain); by extension, to withhold (for personal ends; figuratively, to keep unmarried); by extension, to withhold (for personal ends; figuratively, to keep unmarried):--hold fast, keep(- er), (pre-, re-)serve, watch. see G2334 see G5442 see G2892"
G5084,teresis/tay'-ray-sis,"from 5083; a watching, i.e. (figuratively) observance, or (concretely) a prison:--hold. see G5083"
G5085,Tiberias/tib-er-ee-as',"from 5086; Tiberias, the name of a town and a lake in Palestine:--Tiberias. see G5086"
G5086,Tiberios/tib-er'-ee-os,"of Latin origin; probably pertaining to the river Tiberis or Tiber; Tiberius, a Roman emperor:--Tiberius."
G5087,"tithemi/tith'-ay-mee, a prolonged form of a primary","certain tenses) to place (in the widest application, literally and figuratively; properly, in a passive or horizontal posture, and thus different from 2476, which properly denotes an upright and active position, while 2749 is properly reflexive and utterly prostrate):--+ advise, appoint, bow, commit, conceive, give, X kneel down, lay (aside, down, up), make, ordain, purpose, put, set (forth), settle, sink down. see G2476 see G2749"
G5088,tikto/tik'-to,"a strengthened form of a primary teko tek'-o (which is used only as alternate in certain tenses); to produce (from seed, as a mother, a plant, the earth, etc.), literally or figuratively:--bear, be born, bring forth, be delivered, be in travail."
G5089,tillo/til'-lo,"perhaps akin to the alternate of 138, and thus to 4951; to pull off:--pluck. see G4951 see G138"
G5101,tis/tis,"probably emphatic of 5100; an interrogative pronoun, who, which or what (in direct or indirect questions):--every man, how (much), + no(-ne, thing), what (manner, thing), where (-by, -fore, -of, -unto, - with, -withal), whether, which, who(-m, -se), why. see G5100"
G5102,titlos/tit'-los,"of Latin origin; a titulus or ""title"" (placard):--title."
G5103,Titos/tee'-tos,"of Latin origin but uncertain significance; Titus, a Christian:--Titus."
G5104,toi/toy,"probably for the dative case of 3588; an enclitic particle of asseveration by way of contrast; in sooth:--(used only with other particles in the comparative, as 2544, 3305, 5105, 5106, etc.) see G3588 see G2544 see G3305 see G5105 see G5106"
G5105,toigaroun/toy-gar-oon',"from 5104 and 1063 and 3767; truly for then, i.e. consequently:-- there-(where-)fore. see G5104 see G1063 see G3767"
G5106,toinun/toy'-noon,"from 5104 and 3568; truly now, i.e. accordingly:--then, therefore. see G5104 see G3568"
G5107,toiosde/toy-os'-deh,"(including the other inflections); from a derivative of 5104 and 1161; such-like then, i.e. so great:--such. see G1161"
G5108,toioutos/toy-oo'-tos,"(including the other inflections); from 5104 and 3778; truly this, i.e. of this sort (to denote character or individuality):--like, such (an one). see G5104 see G3778"
G5109,toichos/toy'-khos,another form of 5038; a wall:--wall. see G5038
G5110,tokos/tok'-os,from the base of 5088; interest on money loaned (as a produce):--usury. see G5088
G5111,tolmao/tol-mah'-o,"from tolma (boldness; probably itself from the base of 5056 through the idea of extreme conduct); to venture (objectively or in act; while 2292 is rather subjective or in feeling); by implication, to be courageous:--be bold, boldly, dare, durst. see G5056 see G2292"
G5122,tounoma/too'-no-mah,contraction for the neuter of 3588 and 3686; the name (is):--named. see G3588 see G3686
G5123,toutesti/toot-es'-tee,contraction for 5124 and 2076; that is:--that is (to say). see G2076 see G5124
G5124,touto/too'-to,"neuter singular nominative or accusative case of 3778; that thing:-- here (-unto), it, partly, self(-same), so, that (intent), the same, there(-fore, -unto), this, thus, where(- fore). see G3778"
G5125,toutois/too'-toice,"dative case plural masculine or neuter of 3778; to (for, in, with or by) these (persons or things):--such, them, there(-in, - with), these, this, those. see G3778"
G5126,touton/too'-ton,"accusative case singular masculine of 3778; this (person, as objective of verb or preposition):--him, the same, that, this. see G3778"
G5127,toutou/too'-too,"genitive case singular masculine or neuter of 3778; of (from or concerning) this (person or thing):--here(-by), him, it, + such manner of, that, thence(-forth), thereabout, this, thus. see G3778"
G5128,toutous/too'-tooce,"accusative case plural masculine of 3778; these (persons, as objective of verb or preposition):--such, them, these, this. see G3778"
G5129,toutoi/too'-to,"dative case singular masculine or neuter of 3778; to (in, with or by) this (person or thing):--here(-by, -in), him, one, the same, there(-in), this. see G3778"
G5130,touton/too'-tone,"genitive case plural masculine or neuter of 3778; of (from or concerning) these (persons or things):--such, their, these (things), they, this sort, those. see G3778"
G5131,tragos/trag'-os,from the base of 5176; a he-goat (as a gnawer):--goat. see G5176
G5132,trapeza/trap'-ed-zah,"probably contracted from 5064 and 3979; a table or stool (as being four-legged), usually for food (figuratively, a meal); also a counter for money (figuratively, a"
G5144,triakonta/tree-ak'-on-tah,the decade of 5140; thirty:--thirty. see G5140
G5145,triakosioi/tree-ak-os'-ee-oy,plural from 5140 and 1540; three hundred:--three hundred. see G5140 see G1540
G5146,tribolos/trib'-ol-os,"from 5140 and 956; properly, a crow-foot (three-pronged obstruction in war), i.e. (by analogy) a thorny plant (caltrop):-- brier, thistle. see G5140 see G956"
G5147,tribos/tree'-bos,"from tribo (to ""rub""; akin to teiro, truo, and the base of 5131, 5134); a rut or worn track:--path. see G5131 see G5134"
G5148,trietia/tree-et-ee'-ah,from a compound of 5140 and 2094; a three years' period (triennium):--space of three years. see G5140 see G2094
G5149,trizo/trid'-zo,"apparently a primary verb; to creak (squeak), i.e. (by analogy) to grate the teeth (in frenzy):--gnash."
G5150,trimenon/trim'-ay-non,neuter of a compound of 5140 and 3376 as noun; a three months' space:--three months. see G5140 see G3376
G5151,tris/trece,"adverb from 5140; three times:--three times, thrice. see G5140"
G5152,tristegon/tris'-teg-on,neuter of a compound of 5140 and 4721 as noun; a third roof (story):--third loft. see G5140 see G4721
G5153,trischilioi/tris-khil'-ee-oy,from 5151 and 5507; three times a thousand:--three thousand. see G5151 see G5507
G5154,tritos/tree'-tos,"ordinal from 5140; third; neuter (as noun) a third part, or (as adverb) a (or the) third time, thirdly:--third(-ly). see G5140"
G5155,trichinos/trikh'-ee-nos,"from 2359; hairy, i.e. made of hair (mohair):--of hair. see G2359"
G5156,tromos/trom'-os,"from 5141; a ""trembling"", i.e. quaking with fear:--+ tremble(- ing). see G5141"
G5157,trope/trop-ay',"from an apparently primary trepo to turn; a turn (""trope""), i.e. revolution (figuratively, variation):--turning."
G5170,Truphaina/troo'-fahee-nah,"from 5172; luxurious; Tryphoena, a Christian woman:-- Tryphena. see G5172"
G5171,truphao/troo-fah'-o,from 5172; to indulge in luxury:--live in pleasure. see G5172
G5172,truphe/troo-fay',"from thrupto (to break up or (figuratively) enfeeble, especially the mind and body by indulgence); effeminacy, i.e. luxury or debauchery:--delicately, riot."
G5173,Truphosa/troo-fo'-sah,"from 5172; luxuriating; Tryphosa, a Christian female:-- Tryphosa. see G5172"
G5174,Troas/tro-as',"from Tros (a Trojan); the Troad (or plain of Troy), i.e. Troas, a place in Asia Minor:--Troas."
G5175,Trogullion/tro-gool'-lee-on,"of uncertain derivation; Trogyllium, a place in Asia Minor:--Trogyllium."
G5176,trogo/tro'-go,"probably strengthened from a collateral form of the base of 5134 and 5147 through the idea of corrosion or wear; or perhaps rather of a base of 5167 and 5149 through the idea of a craunching sound; to gnaw or chew, i.e. (generally) to eat:--eat. see G5167 see G5149 see G5134 see G5147"
G5177,tugchano/toong-khan'-o,"probably for an obsolete tucho (for which the middle voice of another alternate teucho (to make ready or bring to pass) is used in certain tenses; akin to the base of 5088 through the idea of effecting; properly, to affect; or (specially), to hit or light upon (as a mark to be reached), i.e. (transitively) to attain or secure an object or end, or (intransitively) to happen (as if meeting with); but in the latter application only impersonal (with 1487), i.e. perchance; or (present participle) as adjective, usual (as if commonly met with, with 3756, extraordinary), neuter (as adverb) perhaps; or (with another verb) as adverb, by accident (as it were):--be, chance, enjoy, little, obtain, X refresh...self, + special. Compare 5180. see G5180 see G5088 see G1487 see G3756"
G5178,tumpanizo/toom-pan-id'-zo,"from a derivative of 5180 (meaning a drum, ""tympanum"");"
G5188,tupho/too'-fo,"apparently a primary verb; to make a smoke, i.e. slowly consume without flame:--smoke."
G5189,tuphonikos/too-fo-nee-kos',from a derivative of 5188; stormy (as if smoky):-- tempestuous. see G5188
G5190,Tuchikos/too-khee-kos',"from a derivative of 5177; fortuitous, i.e. fortunate; Tychicus, a Christian:--Tychicus. see G5177"
G5191,huakinthinos/hoo-ak-in'-thee-nos,"from 5192; ""hyacinthine"" or ""jacinthine"", i.e. deep blue:--jacinth. see G5192"
G5192,huakinthos/hoo-ak'-in-thos,"of uncertain derivation; the ""hyacinth"" or ""jacinth"", i.e. some gem of a deep blue color, probably the zirkon:-- jacinth."
G5193,hualinos/hoo-al'-ee-nos,"from 5194; glassy, i.e. transparent:--of glass. see G5194"
G5194,hualos/hoo'-al-os,perhaps from the same as 5205 (as being transparent like rain); glass:- -glass. see G5205
G5195,hubrizo/hoo-brid'-zo,"from 5196; to exercise violence, i.e. abuse:--use despitefully, reproach, entreat shamefully (spitefully). see G5196"
G5196,hubris/hoo'-bris,"from 5228; insolence (as over-bearing), i.e. insult, injury:--harm, hurt, reproach. see G5228"
G5197,hubristes/hoo-bris-tace',"from 5195; an insulter, i.e. maltreater:--despiteful, injurious. see G5195"
G5198,hugiaino/hoog-ee-ah'-ee-no,"from 5199; to have sound health, i.e. be well (in body); figuratively, to be uncorrupt (true in doctrine):--be in health, (be safe and) sound, (be) whole(-some). see G5199"
G5199,hugies/hoog-ee-ace',"from the base of 837; healthy, i.e. well (in body); figuratively, true (in doctrine):--sound, whole. see G837"
G5200,hugros/hoo-gros',"from the base of 5205; wet (as if with rain), i.e. (by implication) sappy (fresh):--green. see G5205"
G5213,humin/hoo-min',"irregular dative case of 5210; to (with or by) you:--ye, you, your(- selves). see G5210"
G5214,humneo/hoom-neh'-o,"from 5215; to hymn, i.e. sing a religious ode; by implication, to celebrate (God) in song:--sing a hymn (praise unto). see G5215"
G5215,humnos/hoom'-nos,"apparently from a simpler (obsolete) form of hudeo (to celebrate; probably akin to 103; compare 5667); a ""hymn"" or religious ode (one of the Psalms):--hymn. see G103 see H5667"
G5216,humon/hoo-mone',"genitive case of 5210; of (from or concerning) you:--ye, you, your (own, -selves). see G5210"
G5217,hupago/hoop-ag'-o,"from 5259 and 71; to lead (oneself) under, i.e. withdraw or retire (as if sinking out of sight), literally or figuratively:-- depart, get hence, go (a-)way. see G5259 see G71"
G5218,hupakoe/hoop-ak-o-ay',"from 5219; attentive hearkening, i.e. (by implication) compliance or submission:--obedience, (make) obedient, obey(-ing). see G5219"
G5219,hupakouo/hoop-ak-oo'-o,"from 5259 and 191; to hear under (as a subordinate), i.e. to listen attentively; by implication, to heed or conform to a command or authority:--hearken, be obedient to, obey. see G5259 see G191"
G5220,hupandros/hoop'-an-dros,"from 5259 and 435; in subjection under a man, i.e. a married woman:--which hath an husband. see G5259 see G435"
G5221,hupantao/hoop-an-tah'-o,"from 5259 and a derivative of 473; to go opposite (meet) under (quietly), i.e. to encounter, fall in with:--(go to) meet. see G5259 see G473"
G5222,hupantesis/hoop-an'-tay-sis,"from 5221; an encounter or concurrence (with 1519 for infinitive, in order to fall in with):--meeting. see G5221 see G1519"
G5223,huparxis/hoop'-arx-is,"from 5225; existency or proprietorship, i.e. (concretely) property, wealth:--goods, substance. see G5225"
G5232,huperauxano/hoop-er-owx-an'-o,from 5228 and 837; to increase above ordinary degree:-- grow exceedingly. see G5228 see G837
G5233,huperbaino/hoop-er-bah'-ee-no,"from 5228 and the base of 939; to transcend, i.e. (figuratively) to overreach:--go beyond. see G5228 see G939"
G5234,huperballontos/hoop-er-bal-lon'-toce,adverb from present participle active of 5235; excessively:--beyond measure. see G5235
G5235,huperballo/hoop-er-bal'-lo,"from 5228 and 906; to throw beyod the usual mark, i.e. (figuratively) to surpass (only active participle supereminent):--exceeding, excel, pass. see G5228 see G906"
G5236,huperbole/hoop-er-bol-ay',"from 5235; a throwing beyond others, i.e. (figuratively) supereminence; adverbially (with 1519 or 2596) preeminently:-- abundance, (far more) exceeding, excellency, more excellent, beyond (out of) measure. see G5235 see G1519 see G2596"
G5237,hupereido/hoop-er-i'-do,"from 5228 and 1492; to overlook, i.e. not punish:--wink at. see G5228 see G1492"
G5238,huperekeina/hoop-er-ek'-i-nah,"from 5228 and the neuter plural of 1565; above those parts, i.e. still farther:--beyond. see G5228 see G1565"
G5239,huperekteino/hoop-er-ek-ti'-no,from 5228 and 1614; to extend inordinately:--stretch beyond. see G5228 see G1614
G5240,huperekchuno/hoop-er-ek-khoo'-no,"from 5228 and the alternate form of 1632; to pour out over, i.e. (passively) to overflow:--run over. see G5228 see G1632"
G5241,huperentugchano/hoop-er-en-toong- khan'-o,from 5228 and 1793; to intercede in behalf of:--make intercession for see G5228 see G1793
G5242,huperecho/hoop-er-ekh'-o,"from 5228 and 2192; to hold oneself above, i.e. (figuratively) to excel; participle (as adjective, or neuter as noun) superior, superiority:--better, excellency, higher, pass, supreme. see G5228 see G2192"
G5255,hupekoos/hoop-ay'-ko-os,"from 5219; attentively listening, i.e. (by implication) submissive:--obedient. see G5219"
G5256,hupereteo/hoop-ay-ret-eh'-o,"from 5257; to be a subordinate, i.e. (by implication) subserve:--minister (unto), serve. see G5257"
G5257,huperetes/hoop-ay-ret'-ace,"from 5259 and a derivative of eresso (to row); an under- oarsman, i.e. (generally) subordinate (assistant, sexton, constable):--minister, officer, servant. see G5259"
G5258,hupnos/hoop'-nos,"from an obsolete primary (perhaps akin to 5259 through the idea of subsilience); sleep, i.e. (figuratively) spiritual torpor:--sleep. see G5259"
G5259,hupo/hoop-o',"a primary preposition; under, i.e. (with the genitive case) of place (beneath), or with verbs (the agency or means, through); (with the accusative case) of place (whither (underneath) or where (below) or time (when (at)):--among, by, from, in, of, under, with. In the comparative, it retains the same general applications, especially of inferior position or condition, and specially, covertly or moderately."
G5260,hupoballo/hoop-ob-al'-lo,"from 5259 and 906; to throw in stealthily, i.e. introduce by collusion:--suborn. see G5259 see G906"
G5261,hupogrammos/hoop-og-ram-mos',"from a compound of 5259 and 1125; an underwriting, i.e. copy for imitation (figuratively):-- example. see G5259 see G1125"
G5262,hupodeigma/hoop-od'-igue-mah,"from 5263; an exhibit for imitation or warning (figuratively, specimen, adumbration):--en-(ex- )ample, pattern. see G5263"
G5263,hupodeiknumi/hoop-od-ike'-noo-mee,"from 5259 and 1166; to exhibit under the eyes, i.e. (figuratively) to exemplify (instruct, admonish):-- show, (fore-)warn. see G5259 see G1166"
G5264,hupodechomai/hoop-od-ekh'-om-ahee,"from 5259 and 1209; to admit under one's roof, i.e. entertain hospitably:--receive. see G5259 see G1209 or receptacle under the press, i.e. lower wine-vat:-- winefat. see G5259 see G3025"
G5277,hupolimpano/hoop-ol-im-pan'-o,"a prolonged form for 5275; to leave behind, i.e. bequeath:--leave. see G5275"
G5278,hupomeno/hoop-om-en'-o,"from 5259 and 3306; to stay under (behind), i.e. remain; figuratively, to undergo, i.e. bear (trials), have fortitude, persevere:--abide, endure, (take) patient(- ly), suffer, tarry behind. see G5259 see G3306"
G5279,hupomimnesko/hoop-om-im-nace'-ko,"from 5259 and 3403; to remind quietly, i.e. suggest to the (middle voice, one's own) memory:--put in mind, remember, bring to (put in) remembrance. see G5259 see G3403"
G5280,hupomnesis/hoop-om'-nay-sis,from 5279; a reminding or (reflexively) recollection:-- remembrance. see G5279
G5281,hupomone/hoop-om-on-ay',"from 5278; cheerful (or hopeful) endurance, constancy:-- enduring, patience, patient continuance (waiting). see G5278"
G5282,huponoeo/hoop-on-o-eh'-o,"from 5259 and 3539; to think under (privately), i.e. to surmise or conjecture:--think, suppose, deem. see G5259 see G3539"
G5283,huponoia/hoop-on'-oy-ah,from 5282; suspicion:--surmising. see G5282
G5284,hupopleo/hoop-op-leh'-o,from 5259 and 4126; to sail under the lee of:--sail under. see G5259 see G4126
G5285,hupopneo/hoop-op-neh'-o,"from 5259 and 4154; to breathe gently, i.e. breeze:--blow softly. see G5259 see G4154"
G5286,hupopodion/hoop-op-od'-ee-on,"neuter of a compound of 5259 and 4228; something under the feet, i.e. a foot-rest (figuratively):--footstool. see G5259 see G4228"
G5287,hupostasis/hoop-os'-tas-is,"from a compound of 5259 and 2476; a setting under (support), i.e. (figuratively) concretely, essence, or abstractly, assurance (objectively or subjectively):--"
G5298,hupochoreo/hoop-okh-o-reh'-o,"from 5259 and 5562; to vacate down, i.e. retire quietly:-- go aside, withdraw self. see G5259 see G5562"
G5299,hupopiazo/hoop-o-pee-ad'-zo,"from a compound of 5259 and a derivative of 3700; to hit under the eye (buffet or disable an antagonist as a pugilist), i.e. (figuratively) to tease or annoy (into compliance), subdue (one's passions):--keep under, weary. see G5259 see G3700"
G5300,hus/hoos,"apparently a primary word; a hog (""swine""):--sow."
G5301,hussopos/hoos'-so-pos,"of foreign origin (231); ""hyssop"":--hyssop. see H231"
G5302,hustereo/hoos-ter-eh'-o,"from 5306; to be later, i.e. (by implication) to be inferior; generally, to fall short (be deficient):--come behind (short), be destitute, fail, lack, suffer need, (be in) want, be the worse. see G5306"
G5303,husterema/hoos-ter'-ay-mah,"from 5302; a deficit; specially, poverty:--that which is behind, (that which was) lack(-ing), penury, want. see G5302"
G5304,husteresis/hoos-ter'-ay-sis,"a falling short, i.e. (specially), penury:--want."
G5305,husteron/hoos'-ter-on,"neuter of 5306 as adverb; more lately, i.e. eventually:--afterward, (at the) last (of all). see G5306"
G5306,husteros/hoos'-ter-os,comparative from 5259 (in the sense of behind); later:--latter. see G5259
G5307,huphantos/hoo-fan-tos',"from huphaino to weave; woven, i.e. (perhaps) knitted:--woven."
G5308,hupselos/hoop-say-los',"from 5311; lofty (in place or character):--high(-er, -ly) (esteemed). see G5311"
G5309,hupselophroneo/hoop-say-lo-fron-eh'- o,"from a compound of 5308 and 5424; to be lofty in mind, i.e. arrogant:--be highminded. see G5308 see G5424"
G5310,hupsistos/hoop'-sis-tos,"superlative from the base of 5311; highest, i.e. (masculine singular) the Supreme (God), or (neuter plural) the heavens:--most high, highest. see G5311"
G5323,Phanouel/fan-oo-ale',"of Hebrew origin (6439); Phanuel (i.e. Penuel), an Israelite:--Phanuel. see H6439"
G5324,phantazo/fan-tad'-zo,"from a derivative of 5316; to make apparent, i.e. (passively) to appear (neuter participle as noun, a spectacle):--sight. see G5316"
G5325,phantasia/fan-tas-ee'-ah,"from a derivative of 5324; (properly abstract) a (vain) show (""fantasy""):--pomp. see G5324"
G5326,phantasma/fan'-tas-mah,"from 5324; (properly concrete) a (mere) show (""phantasm""), i.e. spectre:--spirit. see G5324"
G5327,pharagx/far'-anx,"properly, strengthened from the base of 4008 or rather of 4486; a gap or chasm, i.e. ravine (winter-torrent):-- valley. see G4486 see G4008"
G5328,Pharao/far-ah-o',"of foreign origin (6547); Pharao (i.e. Pharoh), an Egyptian king:-- Pharaoh. see H6547"
G5329,Phares/far-es',"of Hebrew origin  (6557); Phares (i.e. Perets), an Israelite:--Phares. see H6557"
G5330,Pharisaios/far-is-ah'-yos,"of Hebrew origin (compare 6567); a separatist, i.e. exclusively religious; a Pharisean, i.e. Jewish sectary:--Pharisee. see H6567"
G5331,pharmakeia/far-mak-i'-ah,"from 5332; medication (""pharmacy""), i.e. (by extension) magic (literally or figuratively):--sorcery, witchcraft. see G5332"
G5332,pharmakeus/far-mak-yoos',"from pharmakon (a drug, i.e. spell-giving potion); a druggist (""pharmacist"") or poisoner, i.e. (by extension) a magician:--sorcerer."
G5333,pharmakos/far-mak-os',the same as 5332:--sorcerer.
G5334,phasis/fas'-is,"from 5346 (not the same as ""phase"", which is from 5316); a saying, i.e. report:--tidings. see G5346 see G5316"
G5335,phasko/fas'-ko,"prolongation from the same as 5346; to assert:--affirm, profess, say. see G5346 extension, to have arrived at:--(already) attain, come, prevent."
G5349,phthartos/fthar-tos',"from 5351; decayed, i.e. (by implication) perishable:-- corruptible. see G5351"
G5350,phtheggomai/ftheng'-gom-ahee,"probably akin to 5338 and thus to 5346; to utter a clear sound, i.e. (generally) to proclaim:--speak. see G5346 see G5338"
G5351,phtheiro/fthi'-ro,"probably strengthened from phthio (to pine or waste); properly, to shrivel or wither, i.e. to spoil (by any process) or (generally) to ruin (especially figuratively, by moral influences, to deprave):--corrupt (self), defile, destroy."
G5352,phthinoporinos/fthin-op-o-ree-nos',from derivative of phthino (to wane; akin to the base of 5351) and 3703 (meaning late autumn); autumnal (as stripped of leaves):--whose fruit withereth. see G5351 see G3703
G5353,phthoggos/ftong'-gos,"from 5350; utterance, i.e. a musical note (vocal or instrumental):--sound. see G5350"
G5354,phthoneo/fthon-eh'-o,from 5355; to be jealous of:--envy. see G5355
G5355,phthonos/fthon'-os,"probably akin to the base of 5351; ill-will (as detraction), i.e. jealousy (spite):--envy. see G5351"
G5356,phthora/fthor-ah',"from 5351; decay, i.e. ruin (spontaneous or inflicted, literally or figuratively):--corruption, destroy, perish. see G5351"
G5357,phiale/fee-al'-ay,"of uncertain affinity; a broad shallow cup (""phial""):--vial."
G5358,philagathos/fil-ag'-ath-os,"from 5384 and 18; fond to good, i.e. a promoter of virtue:--love of good men. see G5384 see G18"
G5359,Philadelpheia/fil-ad-el'-fee-ah,"from Philadelphos (the same as 5361), a king of Pergamos; Philadelphia, a place in Asia Minor:-- Philadelphia. see G5361"
G5371,Philemon/fil-ay'-mone,"from 5368; friendly; Philemon, a Christian:--Philemon. see G5368"
G5372,Philetos/fil-ay-tos',"from 5368; amiable; Philetus, an opposer of Christianity:--Philetus. see G5368"
G5373,philia/fil-ee'-ah,from 5384; fondness:-- friendship. see G5384
G5374,Philippesios/fil-ip-pay'-see-os,"from 5375; a Philippesian (Philippian), i.e. native of Philippi:--Philippian. see G5375"
G5375,Philippoi/fil'-ip-poy,"plural of 5376; Philippi, a place in Macedonia:--Philippi. see G5376"
G5376,Philippos/fil'-ip-pos,"from 5384 and 2462; fond of horses; Philippus, the name of four Israelites:--Philip. see G5384 see G2462"
G5377,philotheos/fil-oth'-eh-os,"from 5384 and 2316; fond of God, i.e. pious:--lover of God. see G5384 see G2316"
G5378,Philologos/fil-ol'-og-os,"from 5384 and 3056; fond of words, i.e. talkative (argumentative, learned, ""philological""); Philologus, a Christian:-- Philologus. see G5384 see G3056"
G5379,philoneikia/fil-on-i-kee'-ah,"from 5380; quarrelsomeness, i.e. a dispute:--strife. see G5380"
G5380,philoneikos/fil-on'-i-kos,"from 5384 and neikos (a quarrel; probably akin to 3534); fond of strife, i.e. disputatious:--contentious. see G5384 see G3534"
G5381,philonexia/fil-on-ex-ee'-ah,"from 5382; hospitableness:--entertain stranger, hospitality. see G5382"
G5382,philoxenos/fil-ox'-en-os,"from 5384 and 3581; fond of guests, i.e. hospitable:--given to (lover of, use) hospitality. see G5384 see G3581"
G5383,philoproteuo/fil-op-rote-yoo'-o,"from a compound of 5384 and 4413; to be fond of being first, i.e. ambitious of distinction:--love to have the preeminence. see G5384 see G4413"
G5384,philos/fee'-los,"properly, dear, i.e. a friend; actively, fond, i.e. friendly (still as a noun, an associate, neighbor, etc.):--friend."
G5399,phobeo/fob-eh'-o,"from 5401; to frighten, i.e. (passively) to be alarmed; by analogy, to be in awe of, i.e. revere:--be (+ sore) afraid, fear (exceedingly), reverence. see G5401"
G5400,phobetron/fob'-ay-tron,"neuter of a derivative of 5399; a frightening thing, i.e. terrific portent:--fearful sight. see G5399"
G5401,phobos/fob'-os,"from a primary phebomai (to be put in fear); alarm or fright:--be afraid, + exceedingly, fear, terror."
G5402,Phoibe/foy'-bay,"feminine of phoibos (bright; probably akin to the base of 5457); Phoebe, a Christian woman:--Phebe. see G5457"
G5403,Phoinike/foy-nee'-kay,"from 5404; palm-country; Phoenice (or Phoenicia), a region of Palestine:--Phenice, Phenicia. see G5404"
G5404,phoinix/foy'-nix,of uncertain derivation; a palm-tree:--palm (tree).
G5405,Phoinix/foy'-nix,"probably the same as 5404; Phoenix, a place in Crete:--Phenice. see G5404"
G5406,phoneus/fon-yooce',from 5408; a murderer (always of criminal (or at least intentional) homicide; which 443 does not necessarily imply; while 4607 is a special term for a public bandit):--murderer. see G5408 see G443 see G4607
G5407,phoneuo/fon-yoo'-o,"from 5406; to be a murderer (of):--kill, do murder, slay. see G5406"
G5408,phonos/fon'-os,"from an obsolete primary pheno (to slay); murder:--murder, + be slain with, slaughter."
G5409,phoreo/for-eh'-o,"from 5411; to have a burden, i.e. (by analogy) to wear as clothing or a constant accompaniment:--bear, wear. see G5411"
G5410,Phoron/for'-on,of Latin origin; a forum or market-place; only in comparative with 675; a station on the Appian road:--forum. see G675
G5411,phoros/for'-os,"from 5342; a load (as borne), i.e. (figuratively) a tax (properly, an individual assessment on persons or property; whereas 5056 is usually a general toll on goods or travel):--tribute. see G5342 see G5056 implication, of sympathy) the feelings (or sensitive nature; by extension (also in the plural) the mind or cognitive faculties):--understanding. see G5420"
G5425,phrisso/fris'-so,"apparently a primary verb; to ""bristle"" or chill, i.e. shudder (fear):-- tremble."
G5426,phroneo/fron-eh'-o,"from 5424; to exercise the mind, i.e. entertain or have a sentiment or opinion; by implication, to be (mentally) disposed (more or less earnestly in a certain direction); intensively, to interest oneself in (with concern or obedience):--set the affection on, (be) care(-ful), (be like-, + be of one, + be of the same, + let this) mind(-ed), regard, savour, think. see G5424"
G5427,phronema/fron'-ay-mah,"from 5426; (mental) inclination or purpose:--(be, + be carnally, + be spiritually) mind(-ed). see G5426"
G5428,phronesis/fron'-ay-sis,"from 5426; mental action or activity, i.e. intellectual or moral insight:--prudence, wisdom. see G5426"
G5429,phronimos/fron'-ee-mos,"from 5424; thoughtful, i.e. sagacious or discreet (implying a cautious character; while 4680 denotes practical skill or acumen; and 4908 indicates rather intelligence or mental acquirement); in a bad sense conceited (also in the comparative):--wise(-r). see G5424 see G4680 see G4908"
G5430,phronimos/fron-im'-oce,adverb from 5429; prudently:--wisely. see G5429
G5431,phrontizo/fron-tid'-zo,"from a derivative of 5424; to exercise thought, i.e. be anxious:--be careful. see G5424"
G5432,phroureo/froo-reh'-o,"from a compound of 4253 and 3708; to be a watcher in advance, i.e. to mount guard as a sentinel (post spies at gates); figuratively, to hem in, protect:--keep (with a garrison). Compare 5083. see G4253 see G3708 see G5083"
G5433,phruasso/froo-as'-so,"akin to 1032, 1031; to snort (as a spirited horse), i.e. (figuratively) to make a tumult:--rage. see G1031 see G1032"
G5434,phruganon/froo'-gan-on,neuter of a presumed derivative of phrugo (to roast or parch;
G5447,phusikos/foo-see-koce',"adverb from 5446; ""physically"", i.e. (by implication) instinctively:--naturally. see G5446"
G5448,phusioo/foo-see-o'-o,"from 5449 in the primary sense of blowing; to inflate, i.e. (figuratively) make proud (haughty):--puff up. see G5449"
G5449,phusis/foo'-sis,"from 5453; growth (by germination or expansion), i.e. (by implication) natural production (lineal descent); by extension, a genus or sort; figuratively, native disposition, constitution or usage:--(man-)kind, nature(-al). see G5453"
G5450,phusiosis/foo-see'-o-sis,"from 5448; inflation, i.e. (figuratively) haughtiness:--swelling. see G5448"
G5451,phuteia/foo-ti'-ah,"from 5452; trans- planting, i.e. (concretely) a shrub or vegetable:-- plant. see G5452"
G5452,phuteuo/foot-yoo'-o,"from a derivative of 5453; to set out in the earth, i.e. implant; figuratively, to instil doctrine:--plant. see G5453"
G5453,phuo/foo'-o,"a primary verb; probably originally, to ""puff"" or blow, i.e. to swell up; but only used in the implied sense, to germinate or grow (sprout, produce), literally or figuratively:--spring (up)."
G5454,pholeos/fo-leh-os',of uncertain derivative; a burrow or lurking-place:--hole.
G5455,phoneo/fo-neh'-o,"from 5456; to emit a sound (animal, human or instrumental); by implication, to address in words or by name, also in imitation:--call (for), crow, cry. see G5456"
G5456,phone/fo-nay',"probably akin to 5316 through the idea of disclosure; a tone (articulate, bestial or artificial); by implication, an address (for any purpose), saying or language:--noise, sound, voice. see G5316"
G5457,phos/foce,"from an obsolete phao (to shine or make manifest, especially by rays; compare 5316, 5346); luminousness (in the widest application, natural or artificial, abstract or"
G5470,chalkeos/khal'-keh-os,from 5475; coppery:--brass. see G5475
G5471,chalkeus/khalk-yooce',from 5475; a copper-worker or brazier:--coppersmith. see G5475
G5472,chalkedon/khal-kay-dohn',"from 5475 and perhaps 1491; copper-like, i.e. ""chalcedony"":-- chalcedony. see G5475 see G1491"
G5473,chalkion/khal-kee'-on,diminutive from 5475; a copper dish:--brazen vessel. see G5475
G5474,chalkolibanon/khal-kol-ib'-an-on,"neuter of a compound of 5475 and 3030 (in the implied mean of whiteness or brilliancy); burnished copper, an alloy of copper (or gold) and silver having a brilliant lustre:--fine brass. see G5475 see G3030"
G5475,chalkos/khal-kos',"perhaps from 5465 through the idea of hollowing out as a vessel (this metal being chiefly used for that purpose); copper (the substance, or some implement or coin made of it):--brass, money. see G5465"
G5476,chamai/kham-ah'-ee,"adverb perhaps from the base of 5490 through the idea of a fissure in the soil; earthward, i.e. prostrate:--on (to) the ground. see G5490"
G5477,Chanaan/khan-ah-an',"of Hebrew origin (3667); Chanaan (i.e. Kenaan), the early name of Palestine:--Chanaan. see H3667"
G5478,Chanaanaios/khan-ah-an-ah'-yos,"from 5477; a Chanaanoean (i.e. Kenaanite), or native of gentile Palestine:--of Canaan. see G5477"
G5479,chara/khar-ah',"from 5463; cheerfulness, i.e. calm delight:--gladness, X greatly, (X be exceeding) joy(-ful, -fully, -fulness, -ous). see G5463"
G5480,charagma/khar'-ag-mah,"from the same as 5482; a scratch or etching, i.e. stamp (as a badge of servitude), or scupltured figure (statue):-- graven, mark. see G5482"
G5481,charakter/khar-ak-tare',"from the same as 5482; a graver (the tool or the person), i.e. (by implication) engraving ((""character""), the figure stamped, i.e. an exact copy or (figuratively) representation):--express image. see G5482"
G5492,cheimazo/khi-mad'-zo,"from the same as 5494; to storm, i.e. (passively) to labor under a gale:--be tossed with tempest. see G5494"
G5493,cheimarrhos/khi'-mar-hros,"from the base of 5494 and 4482; a storm-runlet, i.e. winter- torrent:--brook. see G5494 see G4482"
G5494,cheimon/khi-mone',"from a derivative of cheo (to pour; akin to the base of 5490 through the idea of a channel), meaning a storm (as pouring rain); by implication, the rainy season, i.e. winter:-- tempest, foul weather, winter."
G5495,cheir/khire,perhaps from the base of 5494 in the sense of its congener the base of 5490 (through the idea of hollowness for grasping); the hand (literally or figuratively (power); especially (by Hebraism) a means or instrument):--hand. see G5494 see G5490
G5496,cheiragogeo/khi-rag-ogue-eh'-o,"from 5497; to be a hand-leader, i.e. to guide (a blind person):--lead by the hand. see G5497"
G5497,cheiragogos/khi-rag-o-gos',"from 5495 and a reduplicated form of 71; a hand-leader, i.e. personal conductor (of a blind person):--some to lead by the hand. see G5495 see G71"
G5498,cheirographon/khi-rog'-raf-on,"neuter of a compound of 5495 and 1125; something hand- written (""chirograph""), i.e. a manuscript (specially, a legal document or bond (figuratively)):-- handwriting. see G5495 see G1125"
G5499,cheiropoietos/khi-rop-oy'-ay-tos,"from 5495 and a derivative of 4160; manufactured, i.e. of human construction:--made by (make with) hands. see G5495 see G4160"
G5500,cheirotoneo/khi-rot-on-eh'-o,"from a comparative of 5495 and teino (to stretch); to be a hand-reacher or voter (by raising the hand), i.e. (generally) to select or appoint:--choose, ordain. see G5495"
G5501,cheiron/khi'-rone,"irregular comparative of 2556; from an obsolete equivalent cheres (of uncertain derivation); more evil or aggravated (physically, mentally or morally):-- sorer, worse. see G2556 of the Greek alphabet (intermediate between the 5th and 6th), used as numbers; denoting respectively 600, 60 and 6; 666 as a numeral:--six hundred threescore and six. see G4742"
G5517,choikos/kho-ik-os',"from 5522; dusty or dirty (soil-like), i.e. (by implication) terrene:-- earthy. see G5522"
G5518,choinix/khoy'-nix,of uncertain derivation; a choenix or certain dry measure:-- measure.
G5519,choiros/khoy'-ros,of uncertain derivation; a hog:--swine.
G5520,cholao/khol-ah'-o,"from 5521; to be bilious, i.e. (by implication) irritable (enraged, ""choleric""):--be angry. see G5521"
G5521,chole/khol-ay',"feminine of an equivalent perhaps akin to the same as 5514 (from the greenish hue); ""gall"" or bile, i.e. (by analogy) poison or an anodyne (wormwood, poppy, etc.):-- gall."
G5522,choos/kho'-os,"from the base of 5494; a heap (as poured out), i.e. rubbish; loose dirt:--dust. see G5494"
G5523,Chorazin/khor-ad-zin',"of uncertain derivation; Chorazin, a place in Palestine:-- Chorazin."
G5524,choregeo/khor-ayg-eh'-o,"from a compound of 5525 and 71; to be a dance-leader, i.e. (generally) to furnish:--give, minister. see G5525 see G71"
G5525,choros/khor-os',"of uncertain derivation; a ring, i.e. round dance (""choir"":-- dancing."
G5526,chortazo/khor-tad'-zo,"from 5528; to fodder, i.e. (generally) to gorge (supply food in abundance):--feed, fill, satisfy. see G5528"
G5527,chortasma/khor'-tas-mah,"from 5526; forage, i.e. food:--sustenance. see G5526"
G5528,chortos/khor'-tos,"apparently a primary word; a ""court"" or ""garden"", i.e. (by implication, of pasture) herbage or vegetation:--blade, grass, hay."
G5529,Chouzas/khood-zas',"of uncertain origin; Chuzas, an officer of Herod:--Chuza."
G5541,chresteuomai/khraste-yoo'-om-ahee,"middle voice from 5543; to show oneself useful, i.e. act benevolently:--be kind. see G5543"
G5542,chrestologia/khrase-tol-og-ee'-ah,"from a compound of 5543 and 3004; fair speech, i.e. plausibility:--good words. see G5543 see G3004"
G5543,chrestos/khrase-tos',"from 5530; employed, i.e. (by implication) useful (in manner or morals):--better, easy, good(-ness), gracious, kind. see G5530"
G5544,chrestotes/khray-stot'-ace,"from 5543; usefulness, i.e. morally, excellence (in character or demeanor):--gentleness, good(-ness), kindness. see G5543"
G5545,chrisma/khris'-mah,"from 5548; an unguent or smearing, i.e. (figuratively) the special endowment (""chrism"") of the Holy Spirit:-- anointing, unction. see G5548"
G5546,Christianos/khris-tee-an-os',"from 5547; a Christian, i.e. follower of Christ:--Christian. see G5547"
G5547,Christos/khris-tos',"from 5548; anointed, i.e. the Messiah, an epithet of Jesus:-- Christ. see G5548"
G5548,chrio/khree'-o,"probably akin to 5530 through the idea of contact; to smear or rub with oil, i.e. (by implication) to consecrate to an office or religious service:--anoint. see G5530"
G5549,chronizo/khron-id'-zo,"from 5550; to take time, i.e. linger:--delay, tarry. see G5550"
G5550,chronos/khron'-os,"of uncertain derivation; a space of time (in general, and thus properly distinguished from 2540, which designates a fixed or special occasion; and from 165, which denotes a particular period) or interval; by extension, an individual opportunity; by implication, delay:--+ years old, season, space, (X often-)time(-s), (a) while. see G2540 see G165"
G5551,chronotribeo/khron-ot-rib-eh'-o,"from a presumed compound of 5550 and the base of 5147; to be a time-wearer, i.e. to procrastinate (linger):--spend time. see G5550 see G5147"
G5564,chorion/kho-ree'-on,"diminutive of 5561; a spot or plot of ground:--field, land, parcel of ground, place, possession. see G5561"
G5565,choris/kho-rece',"adverb from 5561; at a space, i.e. separately or apart from (often as preposition):--beside, by itself, without. see G5561"
G5566,choros/kho'-ros,of Latin origin; the north-west wind:--north west.
G5567,psallo/psal'-lo,"probably strengthened from psao (to rub or touch the surface; compare 5597); to twitch or twang, i.e. to play on a stringed instrument (celebrate the divine worship with music and accompanying odes):--make melody, sing (psalms). see G5597"
G5568,psalmos/psal-mos',"from 5567; a set piece of music, i.e. a sacred ode (accompanied with the voice, harp or other instrument; a ""psalm""); collectively, the book of the Psalms:--psalm. Compare 5603. see G5567 see G5603"
G5569,pseudadelphos/psyoo-dad'-el-fos,"from 5571 and 80; a spurious brother, i.e. pretended associate:--false brethren. see G5571 see G80"
G5570,pseudapostolos/psyoo-dap-os'-tol-os,"from 5571 and 652; a spurious apostle, i.e. pretended pracher:--false teacher. see G5571 see G652"
G5571,pseudes/psyoo-dace',"from 5574; untrue, i.e. erroneous, deceitful, wicked:--false, liar. see G5574"
G5572,pseudodidaskalos/psyoo-dod-id-as'- kal-os,"from 5571 and 1320; a spurious teacher, i.e. propagator of erroneous Christian doctrine:--false teacher. see G5571 see G1320"
G5573,pseudologos/psyoo-dol-og'-os,"from 5571 and 3004; mendacious, i.e. promulgating erroneous Christian doctrine:--speaking lies. see G5571 see G3004"
G5574,pseudomai/psyoo'-dom-ahee,"middle voice of an apparently primary verb; to utter an untruth or attempt to deceive by falsehood:--falsely, lie."
G5575,pseudomartur/psyoo-dom-ar'-toor,from 5571 and a kindred form of 3144; a spurious
G5588,psithuristes/psith-oo-ris-tace',from the same as 5587; a secret calumniator:--whisperer. see G5587
G5589,psichion/psikh-ee'-on,diminutive from a derivative of the base of 5567 (meaning a crumb); a little bit or morsel:--crumb. see G5567
G5590,psuche/psoo-khay',"from 5594; breath, i.e. (by implication) spirit, abstractly or concretely (the animal sentient principle only; thus distinguished on the one hand from 4151, which is the rational and immortal soul; and on the other from 2222, which is mere vitality, even of plants: these terms thus exactly correspond respectively to the Hebrew 5315, 7307 and 2416):--heart (+ -ily), life, mind, soul, + us, + you. see G5594 see G4151 see G2222 see H5315 see H7307 see H2416"
G5591,psuchikos/psoo-khee-kos',"from 5590; sensitive, i.e. animate (in distinction on the one hand from 4152, which is the higher or renovated nature; and on the other from 5446, which is the lower or bestial nature):--natural, sensual. see G5590 see G4152 see G5446"
G5592,psuchos/psoo'-khos,from 5594; coolness:--cold. see G5594
G5593,psuchros/psoo-chros',from 5592; chilly (literally or figuratively):--cold. see G5592
G5594,psucho/psoo'-kho,"a primary verb; to breathe (voluntarily but gently, thus differing on the one hand from 4154, which denotes properly a forcible respiration; and on the other from the base of 109, which refers properly to an inanimate breeze), i.e. (by implication, of reduction of temperature by evaporation) to chill (figuratively):-- wax cold. see G4154 see G109"
G5595,psomizo/pso-mid'-zo,"from the base of 5596; to supply with bits, i.e. (generally) to nourish:--(bestow to) feed. see G5596"
G5596,psomion/pso-mee'-on,"diminutive from a derivative of the base of 5597; a crumb or morsel (as if rubbed off), i.e. a mouthful:--sop. see G5597"
G5597,psocho/pso'-kho,"prolongation from the same base as 5567; to triturate, i.e. (by analogy) to rub out (kernels from husks with the fingers or hand):--rub. see G5567 hour, instant, season, X short, (even-)tide, (high) time."
G5611,horaios/ho-rah'-yos,"from 5610; belonging to the right hour or season (timely), i.e. (by implication) flourishing (beauteous (figuratively)):--beautiful. see G5610"
G5612,oruomai/o-roo'-om-ahee,"middle voice of an apparently primary verb; to ""roar"":--roar."
G5613,hos/hoce,"probably adverb of comparative from 3739; which how, i.e. in that manner (very variously used, as follows):--about, after (that), (according) as (it had been, it were), as soon (as), even as (like), for, how (greatly), like (as, unto), since, so (that), that, to wit, unto, when(- soever), while, X with all speed. see G3739"
G5614,hosanna/ho-san-nah',"of Hebrew origin (3467 and 4994); oh save!; hosanna (i.e. hoshia-na), an exclamation of adoration:--hosanna. see H3467 see H4994"
G5615,hosautos/ho-sow'-toce,"from 5613 and an adverb from 846; as thus, i.e. in the same way:-- even so, likewise, after the same (in like) manner. see G5613 see G846"
G5616,hosei/ho-si',"from 5613 and 1487; as if:- -about, as (it had been, it were), like (as). see G5613 see G1487"
G5617,Hosee/ho-say-eh',"of Hebrew origin (1954); Hosee (i.e. Hoshea), an Israelite:--Osee. see H1954"
G5618,hosper/hoce'-per,"from 5613 and 4007; just as, i.e. exactly like:--(even, like) as. see G5613 see G4007"
G5619,hosperei/hoce-per-i',"from 5618 and 1487; just as if, i.e. as it were:--as. see G5618 see G1487"
G5620,hoste/hoce'-teh,"from 5613 and 5037; so too, i.e. thus therefore (in various relations of consecution, as follow):--(insomuch) as, so that (then), (insomuch) that, therefore, to, wherefore. see G5613 see G5037"
G5621,otion/o-tee'-on,"diminutive of 3775; an earlet, i.e. one of the ears, or perhaps the lobe of the ear:--ear. see G3775"
